dataset_key	title	doi	license	type	sub_type	hosting_organization_key	hosting_organization_title	hosting_country	publishing_organization_key	publishing_organization_title	publishing_country	endorsing_node_key	network_keys	project_identifier	occurrence_records_count	name_usages_count
22dd29b2-ecdc-449f-96d0-e50141952ea3	OWRG Insects	10.15468/aqd242	CC_BY_4_0	OCCURRENCE		07f617d0-c688-11d8-bf62-b8a03c50a862	National Biodiversity Network	GB	64033c33-b30b-40e3-ba07-144c41fe7aa5	Orkney Wildlife Recording Group	GB	d897a5b9-35ee-4232-94bd-b0bcaac003c2			938	
c8bdeeef-3c89-41b5-aa2e-2778976cc3cd	Phenological Center - Insects	10.15468/w8kbfb	CC_BY_4_0	OCCURRENCE		04fd2e13-6881-4e5c-9dd1-8fdd9ab993c1	Finnish Biodiversity Information Facility	FI	6fc06c4f-cbc6-408b-9d93-3061dfe015c9	Komarov Botanical Institute, Russian Academy of Sciences, St. Petersburg	RU	7f48e0c8-5c96-49ec-b972-30748e339115			3192	
297ecc07-da20-4ebf-9f41-4f80330b4b33	UTEP Insects (Arctos)	10.15468/cfddho	CC0_1_0	OCCURRENCE	SPECIMEN	2053a639-84c3-4be5-b8bc-96b6d88a976c	VertNet	US	52c8f620-1816-11da-9544-b8a03c50a862	University of Texas at El Paso Biodiversity Collections	US	8618c64a-93e0-4300-b546-7249e5148ed2	1f2c0cbe-40df-43f6-ba07-e76133e78c31		41328	
5180805a-a528-40ea-a03b-4911ef4e4ef6	Insects Outer Hebrides	10.15468/lbnrps	CC_BY_4_0	OCCURRENCE		07f617d0-c688-11d8-bf62-b8a03c50a862	National Biodiversity Network	GB	3636faf8-c86a-42c5-9bc9-a2d4e6c0c891	Outer Hebrides Biological Recording	GB	d897a5b9-35ee-4232-94bd-b0bcaac003c2			72201	
f1b9d909-2315-49ee-ab86-9bb4118a2a57	insects-of-liwonde-national-park-1972	10.15468/8ekxhx	CC_BY_NC_4_0	OCCURRENCE		b43aa701-bc51-40a4-9f6c-b37e41d0e660	National Commission for Science and Technology (NCST)	MW	1e5280a0-3641-465a-8201-3334b11a7ab3	Wildlife and Environmental Society of Malawi	MW	2a42e4d7-ad4a-41b3-84c4-de4aa7b74d35		African Biodiversity Challenge 2018	7	
592c9898-f961-4f9b-a833-5de174eb834b	Neuropteroid Insects from Guam	10.5281/zenodo.5159923	CC0_1_0	CHECKLIST		7ce8aef0-9e92-11dc-8738-b8a03c50a862	Plazi.org taxonomic treatments database	CH	7ce8aef0-9e92-11dc-8738-b8a03c50a862	Plazi.org taxonomic treatments database	CH	ffb07bec-2d10-492d-9c37-361fe0b79427			0	51
1e3205f0-9169-11db-9f6d-b8a03c50a862	Insects of New Caledonia	10.15468/8kjf9k	CC_BY_NC_4_0	OCCURRENCE	SPECIMEN	17fba53b-3c1b-4689-82e1-4d66ad4f445c	GBIF Poland	PL	218534d0-925e-11da-8900-b8a03c50a862	University of Wrocław	PL	2618bfdf-e194-4911-a241-80db3107bc51			444	
481fd878-0284-4dd4-86a0-86b0e3d02cbd	Phenological Center - Insects (Murmansk)	10.15468/uyfvf0	CC_BY_4_0	OCCURRENCE		04fd2e13-6881-4e5c-9dd1-8fdd9ab993c1	Finnish Biodiversity Information Facility	FI	6fc06c4f-cbc6-408b-9d93-3061dfe015c9	Komarov Botanical Institute, Russian Academy of Sciences, St. Petersburg	RU	7f48e0c8-5c96-49ec-b972-30748e339115			316	
05f10202-2407-4424-b13a-45e6376c1efb	Phenological Center - Insects (Karelia)	10.15468/t6txfa	CC_BY_4_0	OCCURRENCE		04fd2e13-6881-4e5c-9dd1-8fdd9ab993c1	Finnish Biodiversity Information Facility	FI	6fc06c4f-cbc6-408b-9d93-3061dfe015c9	Komarov Botanical Institute, Russian Academy of Sciences, St. Petersburg	RU	7f48e0c8-5c96-49ec-b972-30748e339115			164	
278feab4-2bb0-4f76-8754-fef92d0cb1f1	Phenological Center - Insects (Arkhangelsk)	10.15468/ubn7bi	CC_BY_4_0	OCCURRENCE		04fd2e13-6881-4e5c-9dd1-8fdd9ab993c1	Finnish Biodiversity Information Facility	FI	6fc06c4f-cbc6-408b-9d93-3061dfe015c9	Komarov Botanical Institute, Russian Academy of Sciences, St. Petersburg	RU	7f48e0c8-5c96-49ec-b972-30748e339115			1524	
8ea4d86b-7030-4b11-a558-2b0e0ef3c49a	Phenological Center - Insects (Laplandskiy)	10.15468/ryv4ah	CC_BY_4_0	OCCURRENCE		04fd2e13-6881-4e5c-9dd1-8fdd9ab993c1	Finnish Biodiversity Information Facility	FI	6fc06c4f-cbc6-408b-9d93-3061dfe015c9	Komarov Botanical Institute, Russian Academy of Sciences, St. Petersburg	RU	7f48e0c8-5c96-49ec-b972-30748e339115			361	
62cb4b15-2bc8-4922-9f4a-ea92b019b950	Insects stored in liquids (Luomus)	10.15468/kznhpb	CC_BY_4_0	OCCURRENCE		04fd2e13-6881-4e5c-9dd1-8fdd9ab993c1	Finnish Biodiversity Information Facility	FI	39adeab9-6ec9-4c56-801e-7144d0eb630c	Finnish Museum of Natural History - Zoology Unit	FI	dd514216-5c7c-45f3-910d-797424cb5be6			83	
809865a3-5c34-4f9b-b058-e98d820dfe90	HBRG Insects Dataset Vol 2	10.15468/xeeucz	CC_BY_4_0	OCCURRENCE		07f617d0-c688-11d8-bf62-b8a03c50a862	National Biodiversity Network	GB	13dba6c4-e112-473d-a827-850256bf53c6	Highland Biological Recording Group	GB	d897a5b9-35ee-4232-94bd-b0bcaac003c2			18116	
a8e40b59-5d28-4e37-b371-1a42c2a6e3ce	New Brunswick Museum - Insects	10.15468/d8dv3a	CC_BY_NC_4_0	OCCURRENCE		96710dc8-fecb-440d-ae3e-c34ae8a9616f	Symbiota Support Hub	US	9c7737c0-359c-11da-9a82-b8a03c50a862	New Brunswick Museum	CA	8f83fc96-c966-4126-83f7-bf044dc49efa	0479d6b2-a4f4-4307-8346-0b80e8c88c66		59915	
4436b62c-8d2e-4ad6-826e-06672897b89e	Phenology of Insects of Ekaterinburg	10.15468/735avw	CC_BY_4_0	OCCURRENCE		04fd2e13-6881-4e5c-9dd1-8fdd9ab993c1	Finnish Biodiversity Information Facility	FI	363c01c3-12ab-42b6-aab9-7e0fb32bcfb1	Ural State Pedagogical University (USPU)	RU	dd514216-5c7c-45f3-910d-797424cb5be6			61	
20fa3e49-f75c-4aad-adcd-6b3882caf6db	HBRG Insects Dataset Vol 1	10.15468/u1p4wc	CC_BY_4_0	OCCURRENCE		07f617d0-c688-11d8-bf62-b8a03c50a862	National Biodiversity Network	GB	13dba6c4-e112-473d-a827-850256bf53c6	Highland Biological Recording Group	GB	d897a5b9-35ee-4232-94bd-b0bcaac003c2			172054	
26828f96-73d6-46da-8188-6bea9faeee46	Endemic Insects of Vietnam	10.15468/wqsmku	CC_BY_NC_4_0	OCCURRENCE	SPECIMEN	fbca90e3-8aed-48b1-84e3-369afbd000ce	GBIF Secretariat	ZZ	26436826-4777-475c-b087-c5280cf704fe	University of Science, Vietnam National University Hanoi	VN	7f48e0c8-5c96-49ec-b972-30748e339115			695	
9b65cb62-96b8-4809-84f0-511134fa03d9	Invertebrates (except insects), Outer Hebrides	10.15468/hpavud	CC_BY_4_0	OCCURRENCE		07f617d0-c688-11d8-bf62-b8a03c50a862	National Biodiversity Network	GB	3636faf8-c86a-42c5-9bc9-a2d4e6c0c891	Outer Hebrides Biological Recording	GB	d897a5b9-35ee-4232-94bd-b0bcaac003c2			3930	
6ca390f7-b377-4313-a657-16b44a5dc52e	Insects Specimens of Kagoshima Prefectural Museum	10.15468/hksdxg	CC_BY_4_0	OCCURRENCE		4fd82480-ea1c-11da-8db4-b8a03c50a862	National Museum of Nature and Science, Japan	JP	4fd82480-ea1c-11da-8db4-b8a03c50a862	National Museum of Nature and Science, Japan	JP	db5705aa-6a6e-42f1-8942-d77b9f4896ea			39152	
8499f554-f762-11e1-a439-00145eb45e9a	Osaka Prefectural Minoh Park Insects Museum	10.15468/wfvok3	CC_BY_4_0	OCCURRENCE		4fd82480-ea1c-11da-8db4-b8a03c50a862	National Museum of Nature and Science, Japan	JP	4fd82480-ea1c-11da-8db4-b8a03c50a862	National Museum of Nature and Science, Japan	JP	db5705aa-6a6e-42f1-8942-d77b9f4896ea			39157	
dc8480d7-ba02-4fff-8b0c-dee5f69f5a35	Insects of Namibia - University of Silesia collection	10.15468/ek7hpw	CC_BY_NC_4_0	OCCURRENCE	SPECIMEN	17fba53b-3c1b-4689-82e1-4d66ad4f445c	GBIF Poland	PL	4668d6a0-130d-11db-a7d3-b8a03c50a862	University of Silesia in Katowice	PL	2618bfdf-e194-4911-a241-80db3107bc51		IMBIO	1000	
8472b4b2-f762-11e1-a439-00145eb45e9a	Canadian National Collection of Insects	10.15468/djmnhm	CC_BY_4_0	OCCURRENCE		09871350-0a23-11d8-b854-b8a03c50a862	Canadian Biodiversity Information Facility	CA	09871350-0a23-11d8-b854-b8a03c50a862	Canadian Biodiversity Information Facility	CA	8f83fc96-c966-4126-83f7-bf044dc49efa			6323	
61bf9a01-ddca-4319-a9ea-2cd586be389b	Thistle Heads and Ermerged Insects	10.15468/aoobrf	CC_BY_NC_4_0	OCCURRENCE		541c2668-9391-4479-b90f-fe90b365f33b	Biodiversity Exploratories	DE	541c2668-9391-4479-b90f-fe90b365f33b	Biodiversity Exploratories	DE	4f6826f2-4ff6-443d-b966-e6913bd24013			675	
1ce13cce-dad1-4490-a453-8c6083a0d268	Insects of the Hetman National Nature Park registered in 2024	10.15468/e4rews	CC_BY_4_0	OCCURRENCE	OBSERVATION	64795dcb-ad74-41b3-95e5-cc52ba754776	GBIF Norway	NO	ca2fd897-6108-4361-91f8-b39dc8d12d13	Ukrainian Nature Conservation Group (NGO)	UA	7f48e0c8-5c96-49ec-b972-30748e339115			337	
10c73e41-f84c-4458-884f-160db9fc341f	Monitoring of insects in veteran oaks	10.15468/7km943	CC_BY_4_0	SAMPLING_EVENT		46fec380-8e1d-11dd-8679-b8a03c50a862	Norwegian Institute for Nature Research	NO	46fec380-8e1d-11dd-8679-b8a03c50a862	Norwegian Institute for Nature Research	NO	4f829580-180d-46a9-9c87-ed8ec959b545			1050	
7d0e2d78-3c75-4146-aa8f-09fd699425d9	Database of exotic insects in continental Chile	10.15468/sjcn8g	CC_BY_NC_4_0	CHECKLIST	INVENTORY_THEMATIC	bf0d80b3-46da-4e60-b1cf-39f2320acb43	Ministerio del Medio Ambiente de Chile	CL	1b77a337-1672-4280-b780-4d6531868ff3	Laboratorio Biología de Plantas - Universidad de Chile	CL	a8b16421-d80b-4ef3-8f22-098b01a89255			0	1259
8699eba2-f762-11e1-a439-00145eb45e9a	Insect collection of Itami City Museum of Insects	10.15468/cvclt9	CC_BY_4_0	OCCURRENCE		4fd82480-ea1c-11da-8db4-b8a03c50a862	National Museum of Nature and Science, Japan	JP	4fd82480-ea1c-11da-8db4-b8a03c50a862	National Museum of Nature and Science, Japan	JP	db5705aa-6a6e-42f1-8942-d77b9f4896ea			18102	
51b39c28-ce6f-4c7f-ba01-261748411e31	Flower visiting insects of Melastoma in Taiwan	10.15468/64ufkd	CC_BY_NC_4_0	OCCURRENCE		12b1df00-3f75-11d8-aa2d-b8a03c50a862	Taiwan Biodiversity Information Facility (TaiBIF)	TW	898ba450-1627-11df-bd84-b8a03c50a862	Taiwan Forestry Research Institute	TW	e1b85abc-61f9-430f-ba79-6813dec53a0f			911	
626fca6f-8590-478b-a662-b9c82afad2b5	Grasshoppers, Crickets and Allied Insects (Orthoptera) of Ireland	10.15468/zjaq4e	CC_BY_4_0	OCCURRENCE		d2b97690-bfd6-11de-b279-d52977ace833	National Biodiversity Data Centre	IE	d2b97690-bfd6-11de-b279-d52977ace833	National Biodiversity Data Centre	IE	422b00b2-6c94-4bb6-976b-c359916efdb8			2984	
d0af44d7-879c-46e4-ad6a-1cbf229f1ec3	Insects of New Caledonia - supplementary collection	10.15468/n66z6g	CC_BY_NC_4_0	OCCURRENCE	SPECIMEN	17fba53b-3c1b-4689-82e1-4d66ad4f445c	GBIF Poland	PL	218534d0-925e-11da-8900-b8a03c50a862	University of Wrocław	PL	2618bfdf-e194-4911-a241-80db3107bc51		IMBIO	1589	
1b81302b-b935-4493-8ff8-9a47797d68c1	Sagehen Creek Field Station (UC-Berkeley) – Insects	10.15468/pttpcd	CC_BY_NC_4_0	OCCURRENCE		96710dc8-fecb-440d-ae3e-c34ae8a9616f	Symbiota Support Hub	US	dc29f76e-7dd8-4fcc-a6ea-2db64fbf945d	Sagehen Creek Field Station	US	8618c64a-93e0-4300-b546-7249e5148ed2	0479d6b2-a4f4-4307-8346-0b80e8c88c66		2902	
9261d82a-1247-41e4-b40c-4724577137ac	SEWBReC Other Insects (South East Wales)	10.15468/echt4p	CC_BY_NC_4_0	OCCURRENCE		07f617d0-c688-11d8-bf62-b8a03c50a862	National Biodiversity Network	GB	48f02f0c-5287-4b0a-bdf1-cee8f9665285	South East Wales Biodiversity Records Centre	GB	d897a5b9-35ee-4232-94bd-b0bcaac003c2			874	
f8445a71-64ca-4ebd-91d0-e2b0228f8929	Alien invasive insects of Republic Karelia	10.15468/53nyw2	CC_BY_4_0	OCCURRENCE		b87dc34e-ff76-458a-b163-f37e5634d0fb	Karelian Research Centre of the Russian Academy of Sciences	RU	b87dc34e-ff76-458a-b163-f37e5634d0fb	Karelian Research Centre of the Russian Academy of Sciences	RU	7f48e0c8-5c96-49ec-b972-30748e339115		Project identification number: KA5046	59	
032832d5-e849-4e6b-b78b-3ec248b31143	Checklist of whiteflies and scale insects of Luxembourg	10.15468/huengf	CC0_1_0	CHECKLIST	INVENTORY_THEMATIC	75642970-f855-11dd-8235-b8a03c50a862	National Museum of Natural History, Luxembourg	LU	75642970-f855-11dd-8235-b8a03c50a862	National Museum of Natural History, Luxembourg	LU	b0ccbf42-26b3-412e-b38a-339889154d77			0	112
83bf1012-38d7-4260-8d3a-866516c65c82	Insects of the Forest-Tundra Ecotone (ForTunE)	10.15468/z24cmy	CC_BY_4_0	OCCURRENCE		64795dcb-ad74-41b3-95e5-cc52ba754776	GBIF Norway	NO	819352ad-c630-44e6-9356-d2c7aaf9866d	Norwegian Institute of Bioeconomy Research	NO	4f829580-180d-46a9-9c87-ed8ec959b545		Artsprosjekt_27-19_ForTunE	783	
c8bbfeb0-a1db-41bb-8c65-45e3a4ed0fa1	Nomenclatural issues in Korean insects. Part 1. Hemiptera	10.11646/zootaxa.4838.2.10	CC0_1_0	CHECKLIST		7ce8aef0-9e92-11dc-8738-b8a03c50a862	Plazi.org taxonomic treatments database	CH	7ce8aef0-9e92-11dc-8738-b8a03c50a862	Plazi.org taxonomic treatments database	CH	ffb07bec-2d10-492d-9c37-361fe0b79427			4	14
ad5c93fc-905a-47c1-8208-bdbd7f960076	Occurrences of protected species of insects in Italy	10.15468/m5sfc6	CC_BY_NC_4_0	OCCURRENCE		fbca90e3-8aed-48b1-84e3-369afbd000ce	GBIF Secretariat	ZZ	8e76d16e-d1c0-4178-b3cd-648929d9058d	Council for Agricultural Research and Economics, Research Centre for Plant Protection and Certification	IT	7f48e0c8-5c96-49ec-b972-30748e339115		LIFE11 NAT/IT/00252	5968	
e1c67ddd-1027-4ed0-9835-bd7480c24aee	Some finds of insects (Insecta, Pterygota) in Kharkiv region, Ukraine	10.15468/shfwrg	CC_BY_4_0	OCCURRENCE		64795dcb-ad74-41b3-95e5-cc52ba754776	GBIF Norway	NO	ca2fd897-6108-4361-91f8-b39dc8d12d13	Ukrainian Nature Conservation Group (NGO)	UA	7f48e0c8-5c96-49ec-b972-30748e339115			1084	
8691143c-f762-11e1-a439-00145eb45e9a	Insects specimen database of Osaka Museum of Natural History	10.15468/5kin1o	CC_BY_4_0	OCCURRENCE		4fd82480-ea1c-11da-8db4-b8a03c50a862	National Museum of Nature and Science, Japan	JP	4fd82480-ea1c-11da-8db4-b8a03c50a862	National Museum of Nature and Science, Japan	JP	db5705aa-6a6e-42f1-8942-d77b9f4896ea			5138	
a8118ca5-6988-4abd-8bb7-f0ef0020a93f	The scale insects (Hemiptera: Coccoidea) of the Maltese Archipelago	10.11646/zootaxa.3866.4.3	CC0_1_0	CHECKLIST		7ce8aef0-9e92-11dc-8738-b8a03c50a862	Plazi.org taxonomic treatments database	CH	7ce8aef0-9e92-11dc-8738-b8a03c50a862	Plazi.org taxonomic treatments database	CH	ffb07bec-2d10-492d-9c37-361fe0b79427			0	178
2b4cdb59-b9a0-4c4e-bb3e-2f5047255771	Terrestrial Orthopteroid insects (Insecta, Orthopteroidea) of South-Eastern Belarus	10.15468/ws5dc3	CC0_1_0	CHECKLIST		7ce8aef0-9e92-11dc-8738-b8a03c50a862	Plazi.org taxonomic treatments database	CH	7ce8aef0-9e92-11dc-8738-b8a03c50a862	Plazi.org taxonomic treatments database	CH	ffb07bec-2d10-492d-9c37-361fe0b79427			63	108
05469d71-f878-4c7c-aaf0-45e9acc45c95	Canadian National Collection of Insects, Arachnids, and Nematodes (CNC)	10.5886/l7s5yj	CC_BY_4_0	OCCURRENCE		ff7bd5db-b724-4932-b496-10ea298851f9	Université de Montréal Biodiversity Centre	CA	055bd978-2daa-4543-b3f0-44e0e87e86ca	Agriculture and Agri-Food Canada	CA	8f83fc96-c966-4126-83f7-bf044dc49efa			1695	
cca13f2c-0d2c-4c2f-93b9-4446c0cc1629	BugGuide - Identification, Images, & Information For Insects, Spiders & Their Kin For the United States & Canada	10.15468/sk2lxk	CC0_1_0	OCCURRENCE	OBSERVATION	c3ad790a-d426-4ac1-8e32-da61f81f0117	United States Geological Survey	US	c3ad790a-d426-4ac1-8e32-da61f81f0117	United States Geological Survey	US	8618c64a-93e0-4300-b546-7249e5148ed2			492239	
dce7fa32-b740-4e9f-943c-c26c29b1692a	Some finds of birds, mammals, insects, amphibians and reptiles in July 2014 in Georgia	10.15468/xa7mmc	CC_BY_4_0	OCCURRENCE		64795dcb-ad74-41b3-95e5-cc52ba754776	GBIF Norway	NO	ca2fd897-6108-4361-91f8-b39dc8d12d13	Ukrainian Nature Conservation Group (NGO)	UA	7f48e0c8-5c96-49ec-b972-30748e339115			651	
56ef6dea-f9dc-45a6-8ea1-ff88e6ed19a3	Pollinators and other insects associated with blueberry and canola crops	10.15468/2zkdd6	CC_BY_NC_4_0	OCCURRENCE		bf0d80b3-46da-4e60-b1cf-39f2320acb43	Ministerio del Medio Ambiente de Chile	CL	aaec1f89-ada5-412f-8eef-475978f405ec	Red Chilena de Polinización	CL	a8b16421-d80b-4ef3-8f22-098b01a89255		NE/S011870/1	773	
961572c9-2cca-4473-8c6e-9d288ef6ca29	ARC-PPRI: National Collection of Insects: Coleoptera Collection (1879-2012)	10.15468/5ugkvn	CC_BY_4_0	OCCURRENCE		c5f7ef70-e233-11d9-a4d6-b8a03c50a862	South African National Biodiversity Institute	ZA	c5f7ef70-e233-11d9-a4d6-b8a03c50a862	South African National Biodiversity Institute	ZA	7190b835-4e86-4b6e-85c1-19cc6677c250			6753	
4a86fcdc-b4ca-4331-8497-c222c1f81e0f	Chronicle of Nature - Phenology of Insects of Kaniv Nature Reserve	10.15468/ijmunt	CC_BY_4_0	OCCURRENCE		04fd2e13-6881-4e5c-9dd1-8fdd9ab993c1	Finnish Biodiversity Information Facility	FI	3e71cdcc-aed1-4381-924e-7dba6cd2e57a	Kaniv Nature Reserve	UA	dd514216-5c7c-45f3-910d-797424cb5be6			470	
58f8b744-6609-4c1e-86c1-b6d9a26ea80d	Chronicle of Nature - Phenology of Insects of National Park Bashkirija	10.15468/3ot7rs	CC_BY_4_0	OCCURRENCE		04fd2e13-6881-4e5c-9dd1-8fdd9ab993c1	Finnish Biodiversity Information Facility	FI	e5f23900-16d7-44f2-8f66-15a97dad667d	National Park Bashkirija	RU	dd514216-5c7c-45f3-910d-797424cb5be6			38	
9c95b714-d716-408e-a893-860254c0a706	The InBIO Barcoding Initiative Database: Portuguese Stick Insects (Phasmatodea)	10.15468/wppjdk	CC_BY_4_0	OCCURRENCE		cdcc4ce1-7f6e-4ed2-b47c-eb451925b038	Instituto Superior de Agronomia / Universidade de Lisboa	PT	37560003-ae75-43c3-95aa-48c98797aa2a	CIBIO (Research Center in Biodiversity and Genetic Resources) Portugal	PT	673f7038-4262-4149-b753-5658a4e912f6		InBIO Barcoding Initiative	18	
0595745d-7fa2-4e05-a3e7-6fef70796dbc	Amber and fossil insects at the Naturkundemuseum Stuttgart	10.15468/qecevs	CC_BY_4_0	OCCURRENCE		99ea0c90-61e5-11dc-a64c-b8a03c50a862	Staatliches Museum für Naturkunde Stuttgart	DE	99ea0c90-61e5-11dc-a64c-b8a03c50a862	Staatliches Museum für Naturkunde Stuttgart	DE	4f6826f2-4ff6-443d-b966-e6913bd24013			6104	
b2d3dcb1-99c9-49bc-b1c7-4df142fd8249	New scale insects (Homoptera: Coccinea) from the Cape Floristic Region	10.5852/ejt.2017.366	CC0_1_0	CHECKLIST		7ce8aef0-9e92-11dc-8738-b8a03c50a862	Plazi.org taxonomic treatments database	CH	a064f300-1bc8-41ea-9364-b864ef4e8938	European Journal of Taxonomy	FR	da44cd31-5901-4687-a106-6d1c7734ee3a			6	12
324b030a-18a2-4dac-9ddd-28c468aea7df	Phylogeny and classification of armored scale insects (Hemiptera: Coccomorpha: Diaspididae)	10.11646/zootaxa.4616.1.1	CC0_1_0	CHECKLIST		7ce8aef0-9e92-11dc-8738-b8a03c50a862	Plazi.org taxonomic treatments database	CH	7ce8aef0-9e92-11dc-8738-b8a03c50a862	Plazi.org taxonomic treatments database	CH	ffb07bec-2d10-492d-9c37-361fe0b79427			0	9
dafd8887-3fad-4804-b629-f96cc85c1a95	Some finds of insects in autumn 2021 in Kharkiv region, Ukraine	10.15468/j65je6	CC_BY_4_0	OCCURRENCE		64795dcb-ad74-41b3-95e5-cc52ba754776	GBIF Norway	NO	ca2fd897-6108-4361-91f8-b39dc8d12d13	Ukrainian Nature Conservation Group (NGO)	UA	7f48e0c8-5c96-49ec-b972-30748e339115			157	
935bb261-f341-49db-9b4c-58d7fbac0386	Orthoptera and Allied Insects of the British Isles data from iRecord	10.15468/lyafx9	CC_BY_4_0	OCCURRENCE		07f617d0-c688-11d8-bf62-b8a03c50a862	National Biodiversity Network	GB	d7fdac0a-fb87-46a4-91bc-633addb541a9	Grasshopper Recording Scheme	GB	d897a5b9-35ee-4232-94bd-b0bcaac003c2			103082	
2b4f6d66-d958-4107-a6fa-3ed6ada9a2f6	Chronicle of Nature - Phenology of Insects of State Nature Reserve Nurgush	10.15468/pjthj0	CC_BY_4_0	OCCURRENCE		04fd2e13-6881-4e5c-9dd1-8fdd9ab993c1	Finnish Biodiversity Information Facility	FI	1beb4a87-695f-423a-a71c-c3c737510894	State Nature Reserve Nurgush	RU	dd514216-5c7c-45f3-910d-797424cb5be6			370	
73686819-c664-4ae6-9bc2-5e5f120cbd3d	Chronicle of Nature - Phenology of Insects of Tigirek State Nature Reserve	10.15468/5jbwvj	CC_BY_4_0	OCCURRENCE		04fd2e13-6881-4e5c-9dd1-8fdd9ab993c1	Finnish Biodiversity Information Facility	FI	f4ce1451-25a8-4216-92f7-32725551a360	Tigirek State Nature Reserve	RU	7f48e0c8-5c96-49ec-b972-30748e339115			138	
9efee1a1-6181-47c1-887a-278b1fadbcb5	Chronicle of Nature - Phenology of Insects of State Nature Reserve Olekminsky	10.15468/yxsalc	CC_BY_4_0	OCCURRENCE		04fd2e13-6881-4e5c-9dd1-8fdd9ab993c1	Finnish Biodiversity Information Facility	FI	8fbc42ed-4a6a-4156-98b3-0f46e0e395d6	State Nature Reserve Olekminsky	RU	dd514216-5c7c-45f3-910d-797424cb5be6			1677	
21a371d0-9a1a-4d8b-a91d-e3333197b3e7	Chronicle of Nature - Phenology of Insects of Darwin Nature Biosphere Reserve	10.15468/erqhhb	CC_BY_4_0	OCCURRENCE		04fd2e13-6881-4e5c-9dd1-8fdd9ab993c1	Finnish Biodiversity Information Facility	FI	949d3d60-6003-4e7a-aac5-f571b3677497	Darwin Nature Biosphere Reserve	RU	dd514216-5c7c-45f3-910d-797424cb5be6			1172	
f3c29b0c-294b-41cd-a64c-4ab3c423210c	Chronicle of Nature - Phenology of Insects of Pinezhsky State Nature Reserve	10.15468/nyluee	CC_BY_4_0	OCCURRENCE		04fd2e13-6881-4e5c-9dd1-8fdd9ab993c1	Finnish Biodiversity Information Facility	FI	23d1ffc1-f36f-4ea8-8abf-c35ffe3af899	Pinezhsky State Nature Reserve	RU	dd514216-5c7c-45f3-910d-797424cb5be6			802	
4bb5aebe-ec3b-4cf4-b0bb-ac2078dd3a19	Chronicle of Nature - Phenology of Insects of Visimsky Nature Biosphere Reserve	10.15468/ma6tgx	CC_BY_4_0	OCCURRENCE		04fd2e13-6881-4e5c-9dd1-8fdd9ab993c1	Finnish Biodiversity Information Facility	FI	6c62aaa7-be1f-4d73-955d-ffa31e72f28c	"Federal state budgetary institution ""Visimskiy state reserve"""	RU	7f48e0c8-5c96-49ec-b972-30748e339115			326	
38c928d1-ae8b-46fb-a01a-08bd9cb00f73	Chronicle of Nature - Phenology of Insects of Bryansk Forest Nature Reserve	10.15468/y6bdmw	CC_BY_4_0	OCCURRENCE		04fd2e13-6881-4e5c-9dd1-8fdd9ab993c1	Finnish Biodiversity Information Facility	FI	5fe4e511-8c57-44c5-a077-1491907d996b	Bryansk Forest Nature Reserve	RU	dd514216-5c7c-45f3-910d-797424cb5be6		Russia2019_03	314	
7b828d22-ab17-4f6a-b6b6-7b7ff8c32ea4	Chronicle of Nature - Phenology of Insects of FGBU National Park Kenozersky	10.15468/vijfmv	CC_BY_4_0	OCCURRENCE		04fd2e13-6881-4e5c-9dd1-8fdd9ab993c1	Finnish Biodiversity Information Facility	FI	99fe7290-d54a-4f1e-b0dd-3989337a22eb	Federal State Budget Institution KENOZERO National Park	RU	7f48e0c8-5c96-49ec-b972-30748e339115			198	
3779d91b-a2e2-4957-8e8a-01f8ee1c38dd	Chronicle of Nature - Phenology of Insects of State Nature Reserve Kivach	10.15468/s0vuxw	CC_BY_4_0	OCCURRENCE		04fd2e13-6881-4e5c-9dd1-8fdd9ab993c1	Finnish Biodiversity Information Facility	FI	c7c58616-1154-45eb-8725-40709e20ddf3	State Nature Reserve Kivach	RU	dd514216-5c7c-45f3-910d-797424cb5be6			1022	
1663fcc3-9ce1-4887-b818-22bf8388a9cc	Insects of the Krasnokutsk territorial commune (hromada), Kharkiv region, Ukraine	10.15468/7zqrfd	CC_BY_4_0	OCCURRENCE		64795dcb-ad74-41b3-95e5-cc52ba754776	GBIF Norway	NO	35772408-85bc-4806-8074-30a746c18bcd	Slobozhanskyi National Nature Park	UA	7f48e0c8-5c96-49ec-b972-30748e339115		Cepa-LT-2017/10049	662	
00bfd17f-4ebe-436a-b35d-4956b18060af	Occurrences of the Insects in the Prioksko-Terrasny biosphere reserve	10.15468/rqpjtj	CC_BY_4_0	OCCURRENCE		fcb15579-e732-4e2d-aa74-796787ef8c27	Institute of Mathematical Problems of Biology RAS – the Branch of Keldysh Institute of Applied Mathematics of Russian Academy of Sciences	RU	bb668662-8fd3-4740-9fac-9bac2d050755	Prioksko-Terrasnyi Biosphere Reserve	RU	7f48e0c8-5c96-49ec-b972-30748e339115			1563	
8efcace3-0fed-47af-884f-8461492f16df	Insects of Micronesia, Volume 14, no. 10 Diptera: Lauxaniidae (Part 2)	10.15468/vq526w	CC0_1_0	CHECKLIST		7ce8aef0-9e92-11dc-8738-b8a03c50a862	Plazi.org taxonomic treatments database	CH	7ce8aef0-9e92-11dc-8738-b8a03c50a862	Plazi.org taxonomic treatments database	CH	ffb07bec-2d10-492d-9c37-361fe0b79427			44	12
844040a4-f762-11e1-a439-00145eb45e9a	Canadian National Collection (CNC) of Insects, Arachnids and Nematodes	10.15468/aidtmg	CC_BY_4_0	OCCURRENCE		09871350-0a23-11d8-b854-b8a03c50a862	Canadian Biodiversity Information Facility	CA	09871350-0a23-11d8-b854-b8a03c50a862	Canadian Biodiversity Information Facility	CA	8f83fc96-c966-4126-83f7-bf044dc49efa			55579	
0d9bfb0c-5b22-42aa-a7b4-1c96a47c7c86	Insects in monitoring oaks in Norway – a pilot study	10.15468/tgjl21	CC_BY_NC_4_0	SAMPLING_EVENT		64795dcb-ad74-41b3-95e5-cc52ba754776	GBIF Norway	NO	8256e897-3a17-4a2d-8bf8-54cf22b624bd	Norwegian University of Life Sciences	NO	4f829580-180d-46a9-9c87-ed8ec959b545			382	
ceb3ba80-3c38-4d93-97f1-ee98e52d1204	Holopothrips diversity-a Neotropical genus of gall-inducing insects (Thysanoptera, Phlaeothripidae)	10.11646/zootaxa.4494.1.1	CC0_1_0	CHECKLIST		7ce8aef0-9e92-11dc-8738-b8a03c50a862	Plazi.org taxonomic treatments database	CH	7ce8aef0-9e92-11dc-8738-b8a03c50a862	Plazi.org taxonomic treatments database	CH	ffb07bec-2d10-492d-9c37-361fe0b79427			0	68
13e7869e-0c76-473a-a227-53d6e3d6fbf2	University of Michigan Museum of Zoology, Division of Insects	10.15468/tmxd7n	CC_BY_NC_4_0	OCCURRENCE	SPECIMEN	a5486e02-d249-4809-9273-deac47fb11e0	University of Michigan College of Literature, Science & Arts	US	6ea87510-0561-11d8-b851-b8a03c50a862	University of Michigan Museum of Zoology	US	8618c64a-93e0-4300-b546-7249e5148ed2	8e30b684-6a54-4aba-aa73-66201c2c736e		404835	
cde1c696-9dd4-410d-a8c9-0ce8b2530d65	Rare insects and plants in the Znamyan’ske forestrie (Kirovohrad region, Ukraine)	10.15468/bdb5hz	CC_BY_4_0	OCCURRENCE		64795dcb-ad74-41b3-95e5-cc52ba754776	GBIF Norway	NO	ca2fd897-6108-4361-91f8-b39dc8d12d13	Ukrainian Nature Conservation Group (NGO)	UA	7f48e0c8-5c96-49ec-b972-30748e339115			48	
388cf101-b8df-4f2f-bde5-3f2e7456d1b9	Fauna of insects registered within the “Mykhailivska Tsilyna” Nature Reserve during expeditions made in 2023-2024	10.15468/78kg44	CC_BY_4_0	OCCURRENCE	OBSERVATION	64795dcb-ad74-41b3-95e5-cc52ba754776	GBIF Norway	NO	ca2fd897-6108-4361-91f8-b39dc8d12d13	Ukrainian Nature Conservation Group (NGO)	UA	7f48e0c8-5c96-49ec-b972-30748e339115			536	
3eb2dcfd-5a51-4576-a12e-b7bdeea251a6	University of New Hampshire Collection of Insects and Arthropods (UNHC-UNHC)	10.15468/n36jmy	CC0_1_0	OCCURRENCE		c1bf22f5-6186-4d64-bfb2-2d76437dde82	SCAN	US	154da9ab-c010-422d-8fef-dbc54d10a3c6	University of New Hamsphire Collection of Insects and other Arthropods	US	8618c64a-93e0-4300-b546-7249e5148ed2	0479d6b2-a4f4-4307-8346-0b80e8c88c66		60279	
2319d633-3078-45ae-99e0-b58777b12f86	Pollinating insects of restored, managed freshwater marshes in central New York, USA.	10.15468/wy9hgh	CC_BY_4_0	SAMPLING_EVENT		b6d09100-919d-4026-b35b-22be3dae7156	Vermont Center for Ecostudies	US	b6d09100-919d-4026-b35b-22be3dae7156	Vermont Center for Ecostudies	US	8618c64a-93e0-4300-b546-7249e5148ed2			2464	
5c8ff6d3-b9dc-465a-b46a-dbb8ee30b26e	Chronicle of Nature - Phenology of Insects of Oka State Nature Biosphere Reserve	10.15468/cew4qe	CC_BY_4_0	OCCURRENCE		04fd2e13-6881-4e5c-9dd1-8fdd9ab993c1	Finnish Biodiversity Information Facility	FI	70094c23-c5e1-4758-b135-a5f6efbc19df	Oka State Nature Biosphere Reserve	RU	7f48e0c8-5c96-49ec-b972-30748e339115			1971	
190be3b4-e7fd-45b0-a6ba-c593eb688782	Chronicle of Nature - Phenology of Insects of FSBI Zeya State Nature Reserve	10.15468/tbccbs	CC_BY_4_0	OCCURRENCE		04fd2e13-6881-4e5c-9dd1-8fdd9ab993c1	Finnish Biodiversity Information Facility	FI	eace50dc-76be-45da-bd6b-ea3ce72853d8	FSBI Zeya State Nature Reserve	RU	dd514216-5c7c-45f3-910d-797424cb5be6			410	
d6ede82a-680c-4c03-bd2c-0e3f736fb2fe	Chronicle of Nature - Phenology of Insects of State Nature Reserve Malaya Sosva	10.15468/ng2ojz	CC_BY_4_0	OCCURRENCE		04fd2e13-6881-4e5c-9dd1-8fdd9ab993c1	Finnish Biodiversity Information Facility	FI	d98bfe81-86d1-4051-8ded-996792511c30	Malaya Sosva State Nature Reserve	RU	7f48e0c8-5c96-49ec-b972-30748e339115			348	
269bd204-ddc4-4e76-8bff-996fd5f2dbad	Chronicle of Nature - Phenology of Insects of Baikalsky State Nature Biosphere Reserve	10.15468/7gkduw	CC_BY_4_0	OCCURRENCE		04fd2e13-6881-4e5c-9dd1-8fdd9ab993c1	Finnish Biodiversity Information Facility	FI	862f32f1-7537-438f-9521-07d84d0c832e	Baikalsky State Nature Biosphere Reserve	RU	dd514216-5c7c-45f3-910d-797424cb5be6			248	
0ede0c42-61c1-44d2-b689-603848bbe219	Chronicle of Nature - Phenology of Insects of Pechoro-Ilych State Nature Reserve	10.15468/ptc9rb	CC_BY_4_0	OCCURRENCE		04fd2e13-6881-4e5c-9dd1-8fdd9ab993c1	Finnish Biodiversity Information Facility	FI	d2e71fea-9a8a-4037-8cc4-be24013f6046	Pechora-Ilych state nature biosphere reserve	RU	7f48e0c8-5c96-49ec-b972-30748e339115			1000	
9328a367-44c7-4f98-88aa-359a53eb6448	Entedoninae (Hymenoptera: Eulophidae) associated with gall-inducing insects (Diptera: Cecidomyiidae) in Panama	10.5281/zenodo.190448	CC0_1_0	CHECKLIST		7ce8aef0-9e92-11dc-8738-b8a03c50a862	Plazi.org taxonomic treatments database	CH	7ce8aef0-9e92-11dc-8738-b8a03c50a862	Plazi.org taxonomic treatments database	CH	ffb07bec-2d10-492d-9c37-361fe0b79427			0	13
fc10c6bc-400a-43ac-b1b5-061e9dcc0705	Three new Scheffersomyces species associated with insects and rotting wood in China	10.3897/mycokeys.71.56168	CC0_1_0	CHECKLIST		7ce8aef0-9e92-11dc-8738-b8a03c50a862	Plazi.org taxonomic treatments database	CH	7ce8aef0-9e92-11dc-8738-b8a03c50a862	Plazi.org taxonomic treatments database	CH	ffb07bec-2d10-492d-9c37-361fe0b79427			0	9
3562061e-3daf-4287-8e97-847334a2aa0c	A survey of scale insects in soil samples from Europe (Hemiptera, Coccomorpha)	10.3897/zookeys.565.6877	CC0_1_0	CHECKLIST		7ce8aef0-9e92-11dc-8738-b8a03c50a862	Plazi.org taxonomic treatments database	CH	7ce8aef0-9e92-11dc-8738-b8a03c50a862	Plazi.org taxonomic treatments database	CH	ffb07bec-2d10-492d-9c37-361fe0b79427			0	83
38d0de7c-7f8f-4295-9deb-9540684a6c24	Some records of insects and other invertebrates in western regions of Ukraine highlighted in some literature resources	10.15468/dke4kc	CC_BY_4_0	OCCURRENCE	OBSERVATION	64795dcb-ad74-41b3-95e5-cc52ba754776	GBIF Norway	NO	ca2fd897-6108-4361-91f8-b39dc8d12d13	Ukrainian Nature Conservation Group (NGO)	UA	7f48e0c8-5c96-49ec-b972-30748e339115			2384	
687cc962-a915-4f58-bd9a-e5b5ae23ced1	Diversity and composition of island insects of the Bejaia region (Algeria)	10.15470/xwsjvw	CC_BY_NC_4_0	OCCURRENCE		6c4a0bb0-2a4d-11d8-aa2d-b8a03c50a862	GBIF-Spain	ES	e8eada63-4a33-44aa-b2fd-4f71efb222a0	Museu de Ciències Naturals de Barcelona	ES	1f94b3ca-9345-4d65-afe2-4bace93aa0fe			201	
f506be53-9221-4b44-a41d-5aa0905ec216	Insects from light trap (1992–2009), rooftop Zoological Museum, Copenhagen	10.15468/xabmiz	CC_BY_4_0	SAMPLING_EVENT		299958e0-4c06-11d8-b290-b8a03c50a862	Danish Biodiversity Information Facility	DK	2e7df380-8356-4533-bcb3-5459e23c794e	Natural History Museum of Denmark	DK	4ddd294f-02b7-4359-ac33-0806a9ca9c6b	17abcf75-2f1e-46dd-bf75-a5b21dd02655		44088	
4b8c707f-d006-45a6-be88-c584ec90ee66	Chronicle of Nature - Phenology of Insects of Volzhsko-Kamsky National Nature Biosphere Rezerve	10.15468/j86tft	CC_BY_4_0	OCCURRENCE		04fd2e13-6881-4e5c-9dd1-8fdd9ab993c1	Finnish Biodiversity Information Facility	FI	975943d8-fb1b-4c95-b744-1c1b62632e71	Volzhsko-Kamsky National Nature Biosphere Rezerve	RU	dd514216-5c7c-45f3-910d-797424cb5be6			472	
76f4128f-b941-425e-9f38-24035703c47b	Chronicle of Nature - Phenology of Insects of Central Forest State Nature Biosphere Reserve	10.15468/f3kl57	CC_BY_4_0	OCCURRENCE		04fd2e13-6881-4e5c-9dd1-8fdd9ab993c1	Finnish Biodiversity Information Facility	FI	d3f6dff3-37f5-45f2-bdbb-f980ea8a449e	Central Forest State Nature Biosphere Reserve	RU	dd514216-5c7c-45f3-910d-797424cb5be6			106	
e386d77e-4713-4289-bd01-6d0115c718ed	Edible Insects Collection of the Natural History Museum Bulawayo (NMZB), Zimbabwe Occurrence dataset	10.15468/99mily	CC_BY_NC_4_0	OCCURRENCE		5f2df235-914f-4cc9-b247-08fb981e8b8a	Natural History Museum of Zimbabwe	ZW	5f2df235-914f-4cc9-b247-08fb981e8b8a	Natural History Museum of Zimbabwe	ZW	7f48e0c8-5c96-49ec-b972-30748e339115			1195	
17509009-2c92-4e8e-9b36-83289940d47f	An annotated checklist of scale insects (Hemiptera: Coccoidea) of Saint Lucia, Lesser Antilles	10.15468/623xrr	CC0_1_0	CHECKLIST		7ce8aef0-9e92-11dc-8738-b8a03c50a862	Plazi.org taxonomic treatments database	CH	7ce8aef0-9e92-11dc-8738-b8a03c50a862	Plazi.org taxonomic treatments database	CH	ffb07bec-2d10-492d-9c37-361fe0b79427			154	146
531f77bf-5599-45cf-8024-aec7cf4c96c3	Insects found in birds’ nests from Argentina: Anumbius annumbi (Vieillot, 1817) (Aves: Furnariidae)	10.5281/zenodo.183966	CC0_1_0	CHECKLIST		7ce8aef0-9e92-11dc-8738-b8a03c50a862	Plazi.org taxonomic treatments database	CH	7ce8aef0-9e92-11dc-8738-b8a03c50a862	Plazi.org taxonomic treatments database	CH	ffb07bec-2d10-492d-9c37-361fe0b79427			0	31
0d89e1d1-ae71-438f-8fdc-8d48de0aa8d6	How to inventory tropical flies (Diptera) — One of the megadiverse orders of insects	10.11646/zootaxa.3949.3.1	CC0_1_0	CHECKLIST		7ce8aef0-9e92-11dc-8738-b8a03c50a862	Plazi.org taxonomic treatments database	CH	7ce8aef0-9e92-11dc-8738-b8a03c50a862	Plazi.org taxonomic treatments database	CH	ffb07bec-2d10-492d-9c37-361fe0b79427			0	4
bb6ad224-abbe-4e54-9994-8e4459b33339	Recent family-group names (2013 - 2019) in the scale insects (Hemiptera: Sternorrhyncha: Coccomorpha)	10.11646/zootaxa.4768.1.9	CC0_1_0	CHECKLIST		7ce8aef0-9e92-11dc-8738-b8a03c50a862	Plazi.org taxonomic treatments database	CH	7ce8aef0-9e92-11dc-8738-b8a03c50a862	Plazi.org taxonomic treatments database	CH	ffb07bec-2d10-492d-9c37-361fe0b79427			0	25
b5863315-60f2-4c06-b726-d22d08d8bf2b	New species of Hygiella Mesnil (Diptera: Tachinidae), parasitoids of leaf insects (Phasmatodea: Phylliidae)	10.1080/00222933.2016.1145751	CC0_1_0	CHECKLIST		7ce8aef0-9e92-11dc-8738-b8a03c50a862	Plazi.org taxonomic treatments database	CH	7ce8aef0-9e92-11dc-8738-b8a03c50a862	Plazi.org taxonomic treatments database	CH	ffb07bec-2d10-492d-9c37-361fe0b79427			0	12
50124bbf-9113-492c-b240-bbfce4a51a60	Chromosomal and reproductive features of some Oriental and Australasian scale insects (Homoptera, Coccinea)	10.3897/compcytogen.v14i3.53367	CC0_1_0	CHECKLIST		7ce8aef0-9e92-11dc-8738-b8a03c50a862	Plazi.org taxonomic treatments database	CH	7ce8aef0-9e92-11dc-8738-b8a03c50a862	Plazi.org taxonomic treatments database	CH	ffb07bec-2d10-492d-9c37-361fe0b79427			0	35
3b778b3e-c784-4df6-bd89-364e0ab503ed	Priority effects of early successional insects influence late successional fungi in dead wood	10.15468/tnm37e	CC_BY_4_0	SAMPLING_EVENT		64795dcb-ad74-41b3-95e5-cc52ba754776	GBIF Norway	NO	8256e897-3a17-4a2d-8bf8-54cf22b624bd	Norwegian University of Life Sciences	NO	4f829580-180d-46a9-9c87-ed8ec959b545			381	
5d409732-90bf-4c7c-9c2b-1fc4afd82b51	Some finds of birds, mammals, insects, amphibians and reptiles within the Donetsk administrative region of Ukraine in 1997 - 2011	10.15468/edt8pz	CC_BY_4_0	OCCURRENCE		64795dcb-ad74-41b3-95e5-cc52ba754776	GBIF Norway	NO	ca2fd897-6108-4361-91f8-b39dc8d12d13	Ukrainian Nature Conservation Group (NGO)	UA	7f48e0c8-5c96-49ec-b972-30748e339115			1062	
428a17d8-a980-49e7-a7bb-21687fb5003e	Records of herpetobiotic and other insects within steppe area of Ukraine. Part 1. Kherson and Zaporizhzhia Regions, 2019-2021	10.15468/s9m854	CC_BY_4_0	OCCURRENCE		64795dcb-ad74-41b3-95e5-cc52ba754776	GBIF Norway	NO	ca2fd897-6108-4361-91f8-b39dc8d12d13	Ukrainian Nature Conservation Group (NGO)	UA	7f48e0c8-5c96-49ec-b972-30748e339115			2474	
2f628ed8-925a-43c9-a2d2-a72b14e8a7d1	The collection of net-winged insects (Neuroptera) at the Naturkundemuseum Stuttgart	10.15468/nmr3qj	CC_BY_4_0	OCCURRENCE		99ea0c90-61e5-11dc-a64c-b8a03c50a862	Staatliches Museum für Naturkunde Stuttgart	DE	99ea0c90-61e5-11dc-a64c-b8a03c50a862	Staatliches Museum für Naturkunde Stuttgart	DE	4f6826f2-4ff6-443d-b966-e6913bd24013			2071	
04b08f68-0014-4664-9196-9b06d50187ab	SMNS Naturportal Südwest - Insects and spiders: Observation data from citizen scientists	10.15468/h7a3uw	CC_BY_4_0	OCCURRENCE		99ea0c90-61e5-11dc-a64c-b8a03c50a862	Staatliches Museum für Naturkunde Stuttgart	DE	99ea0c90-61e5-11dc-a64c-b8a03c50a862	Staatliches Museum für Naturkunde Stuttgart	DE	4f6826f2-4ff6-443d-b966-e6913bd24013			2151	
3b5759e3-0a06-48e6-89b8-4f972b197768	Findings of insects on the territory of Rzhyshchiv city amalgamated territorial community (CATC) in 2020-2021 and earlier years	10.15468/gwdvw6	CC_BY_4_0	OCCURRENCE		64795dcb-ad74-41b3-95e5-cc52ba754776	GBIF Norway	NO	ca2fd897-6108-4361-91f8-b39dc8d12d13	Ukrainian Nature Conservation Group (NGO)	UA	7f48e0c8-5c96-49ec-b972-30748e339115			2258	
88159c93-b888-46df-9b97-a3f96c73b75f	Lacewings and allied insects records from Britain and Ireland to 1999	10.15468/su1ho7	CC_BY_4_0	OCCURRENCE		07f617d0-c688-11d8-bf62-b8a03c50a862	National Biodiversity Network	GB	0c392aa0-a452-4254-be5c-e49dd60e9b02	Biological Records Centre	GB	d897a5b9-35ee-4232-94bd-b0bcaac003c2			32325	
8a350d7d-8b69-4320-aa81-d66024e68646	List of the specimens of dipterous insects in the collection of the British Museum	10.5962/bhl.title.57902	CC0_1_0	CHECKLIST		7ce8aef0-9e92-11dc-8738-b8a03c50a862	Plazi.org taxonomic treatments database	CH	7ce8aef0-9e92-11dc-8738-b8a03c50a862	Plazi.org taxonomic treatments database	CH	ffb07bec-2d10-492d-9c37-361fe0b79427			4	9
c0d028eb-97b9-4ae2-93d9-5cfa0ab4caff	Scale insects (Hemiptera: Sternorrhyncha: Coccoidea) of the Krakatau Islands including species from adjacent Java	10.5281/zenodo.195203	CC0_1_0	CHECKLIST		7ce8aef0-9e92-11dc-8738-b8a03c50a862	Plazi.org taxonomic treatments database	CH	7ce8aef0-9e92-11dc-8738-b8a03c50a862	Plazi.org taxonomic treatments database	CH	ffb07bec-2d10-492d-9c37-361fe0b79427			0	16
7c064963-4994-4f24-9308-d1726bbef7bb	Zorotypus weiweii (Zoraptera: Zorotypidae), a new species of angel insects, from Sabah, East Malaysia	10.11646/zootaxa.4162.3.8	CC0_1_0	CHECKLIST		7ce8aef0-9e92-11dc-8738-b8a03c50a862	Plazi.org taxonomic treatments database	CH	7ce8aef0-9e92-11dc-8738-b8a03c50a862	Plazi.org taxonomic treatments database	CH	ffb07bec-2d10-492d-9c37-361fe0b79427			0	7
dd79f0ad-b6c3-4508-b729-703f7f09dac6	New Middle Permian palaeopteran insects from Lodeve Basin in southern France (Ephemeroptera, Diaphanopterodea, Megasecoptera)	10.3897/zookeys.130.1311	CC0_1_0	CHECKLIST		7ce8aef0-9e92-11dc-8738-b8a03c50a862	Plazi.org taxonomic treatments database	CH	7ce8aef0-9e92-11dc-8738-b8a03c50a862	Plazi.org taxonomic treatments database	CH	ffb07bec-2d10-492d-9c37-361fe0b79427			0	12
30d43871-932d-4e9f-a04d-67d3896db707	Doubling the known endemic species diversity of New Caledonian armored scale insects (Hemiptera, Diaspididae)	10.3897/zookeys.782.27938	CC0_1_0	CHECKLIST		7ce8aef0-9e92-11dc-8738-b8a03c50a862	Plazi.org taxonomic treatments database	CH	7ce8aef0-9e92-11dc-8738-b8a03c50a862	Plazi.org taxonomic treatments database	CH	ffb07bec-2d10-492d-9c37-361fe0b79427			0	30
e0bde7d0-36fb-4036-81fe-4c3429dfa67f	FBIP:Catalogue of type specimens in the South African National Collection Of Insects	10.15468/sd2bej	CC_BY_4_0	OCCURRENCE		c5f7ef70-e233-11d9-a4d6-b8a03c50a862	South African National Biodiversity Institute	ZA	c5f7ef70-e233-11d9-a4d6-b8a03c50a862	South African National Biodiversity Institute	ZA	7190b835-4e86-4b6e-85c1-19cc6677c250			5296	
0c376d36-b54c-4c9e-964e-3b13c5428152	PELD - AGCV | Acoustic signals of birds and insects of APA- Gama and Cabeça de Veado	10.15468/kkffp3	CC_BY_NC_4_0	SAMPLING_EVENT		f5fd374b-89cb-4ab6-b3eb-794c65f232c3	Sistema de Informação sobre a Biodiversidade Brasileira - SiBBr	BR	e97090cb-7731-41c7-ac24-31a841730654	Universidade de Brasília	BR	cdc9736d-5ff7-4ece-9959-3c744360cdb3	a6cdb5d1-d358-4ac0-b75c-2c33cf6c8936	PELD-AGCV	0	
98a40030-aaac-46dc-962f-aca8f141df7a	Some records  of insects (order Lepidoptera, Lepidoptera) in Kharkiv region for the period from 1964 to 2024	10.15468/85ru7z	CC_BY_4_0	OCCURRENCE	OBSERVATION	64795dcb-ad74-41b3-95e5-cc52ba754776	GBIF Norway	NO	ca2fd897-6108-4361-91f8-b39dc8d12d13	Ukrainian Nature Conservation Group (NGO)	UA	7f48e0c8-5c96-49ec-b972-30748e339115			927	
11e9ef77-3328-4d5f-985d-4a6d30b307b8	Chronicle of Nature - Phenology of Insects of FGBU GPZ Kologrivskij Les name after M.G. Sinicin	10.15468/2ctilb	CC_BY_4_0	OCCURRENCE		04fd2e13-6881-4e5c-9dd1-8fdd9ab993c1	Finnish Biodiversity Information Facility	FI	23a5bbbd-9aae-4754-a99a-fd2831928647	FGBU GPZ Kologrivskij Les name after M.G. Sinicin	RU	dd514216-5c7c-45f3-910d-797424cb5be6			14	
1e2bcc49-86c8-4612-a4eb-d9bdce9785ef	Catalogue of the hymenopterous insects in the collection of the British Museum. Part VI. Formicidae.	10.15468/37imep	CC0_1_0	CHECKLIST		7ce8aef0-9e92-11dc-8738-b8a03c50a862	Plazi.org taxonomic treatments database	CH	7ce8aef0-9e92-11dc-8738-b8a03c50a862	Plazi.org taxonomic treatments database	CH	ffb07bec-2d10-492d-9c37-361fe0b79427			0	996
09b407b5-5edb-454c-934c-816004164c56	An annotated checklist of scale insects (Hemiptera: Coccoidea) of Portugal, including Madeira and Azores Archipelagos	10.5281/zenodo.203405	CC0_1_0	CHECKLIST		7ce8aef0-9e92-11dc-8738-b8a03c50a862	Plazi.org taxonomic treatments database	CH	7ce8aef0-9e92-11dc-8738-b8a03c50a862	Plazi.org taxonomic treatments database	CH	ffb07bec-2d10-492d-9c37-361fe0b79427			0	18
5455dce9-6cf2-45c5-a273-a0760ec7fcd7	New species of mirid insects and their importance for the higher classification of plant bugs	10.15468/5kx3ty	CC0_1_0	CHECKLIST		7ce8aef0-9e92-11dc-8738-b8a03c50a862	Plazi.org taxonomic treatments database	CH	7ce8aef0-9e92-11dc-8738-b8a03c50a862	Plazi.org taxonomic treatments database	CH	ffb07bec-2d10-492d-9c37-361fe0b79427			4	10
5147ea4e-f226-4be7-bb94-4f00c58446f2	On the Brazilian Exocnophila stick insects (Insecta: Phasmatodea), with the description of a new species	10.15468/kav8xt	CC0_1_0	CHECKLIST		7ce8aef0-9e92-11dc-8738-b8a03c50a862	Plazi.org taxonomic treatments database	CH	7ce8aef0-9e92-11dc-8738-b8a03c50a862	Plazi.org taxonomic treatments database	CH	ffb07bec-2d10-492d-9c37-361fe0b79427			30	17
18389681-011b-4f6f-b6a6-f49f0a5eb363	Two new species of Hirsutella (Ophiocordycipitaceae, Sordariomycetes) that are parasitic on lepidopteran insects from China	10.3897/mycokeys.82.66927	CC0_1_0	CHECKLIST		7ce8aef0-9e92-11dc-8738-b8a03c50a862	Plazi.org taxonomic treatments database	CH	7ce8aef0-9e92-11dc-8738-b8a03c50a862	Plazi.org taxonomic treatments database	CH	ffb07bec-2d10-492d-9c37-361fe0b79427			0	8
dbc98025-949f-4ee1-80e5-f4e8ac8ffce2	Recent adventive soft scale insects (Hemiptera: Coccomorpha: Coccidae) and mealybugs (Hemiptera: Coccomorpha: Pseudococcidae) in India	10.15468/dz4au9	CC0_1_0	CHECKLIST		7ce8aef0-9e92-11dc-8738-b8a03c50a862	Plazi.org taxonomic treatments database	CH	7ce8aef0-9e92-11dc-8738-b8a03c50a862	Plazi.org taxonomic treatments database	CH	ffb07bec-2d10-492d-9c37-361fe0b79427			0	26
d96cb9d2-ec75-45bf-8771-849e731c685d	Finds of rare insects and plants in the Black Forest, Kirovohrads'ka Oblast', Ukraine	10.15468/cgchrw	CC_BY_4_0	OCCURRENCE		64795dcb-ad74-41b3-95e5-cc52ba754776	GBIF Norway	NO	ca2fd897-6108-4361-91f8-b39dc8d12d13	Ukrainian Nature Conservation Group (NGO)	UA	7f48e0c8-5c96-49ec-b972-30748e339115			42	
5ea86452-f10d-4820-b75e-f710c9d8593a	Chronicle of Nature - Phenology of Insects of Kondinskie Lakes National Park named after L. F. Stashkevich	10.15468/7g4du5	CC_BY_4_0	OCCURRENCE		04fd2e13-6881-4e5c-9dd1-8fdd9ab993c1	Finnish Biodiversity Information Facility	FI	59f94f56-a9bc-4b05-918d-5ebce9879bfe	Natural park «Kondinskie lakes» named after L.F. Stashkevich	RU	7f48e0c8-5c96-49ec-b972-30748e339115			51	
1b3d32d1-1cb8-4508-a45a-c7608b7d8e54	Archaeococcoid scale insects (Hemiptera: Coccoidea) from the tropical high mountains of the Andean Cordillera, South America	10.5281/zenodo.191685	CC0_1_0	CHECKLIST		7ce8aef0-9e92-11dc-8738-b8a03c50a862	Plazi.org taxonomic treatments database	CH	7ce8aef0-9e92-11dc-8738-b8a03c50a862	Plazi.org taxonomic treatments database	CH	ffb07bec-2d10-492d-9c37-361fe0b79427			0	24
4b323554-9845-4c4b-b4f7-73b88422eaae	Bridging the gap between chewing and sucking in the hemipteroid insects: new insights from Cretaceous amber	10.11646/zootaxa.4079.2.5	CC0_1_0	CHECKLIST		7ce8aef0-9e92-11dc-8738-b8a03c50a862	Plazi.org taxonomic treatments database	CH	7ce8aef0-9e92-11dc-8738-b8a03c50a862	Plazi.org taxonomic treatments database	CH	ffb07bec-2d10-492d-9c37-361fe0b79427			0	8
dc0167b0-0bec-40cc-bbf7-ec353baa73a7	Some finds of birds, mammals, insects, amphibians and reptiles in February 2018 in Assam, West Bengal, Bihar, Delhi and Uttar Pradesh (India)	10.15468/9wshux	CC_BY_4_0	OCCURRENCE		64795dcb-ad74-41b3-95e5-cc52ba754776	GBIF Norway	NO	ca2fd897-6108-4361-91f8-b39dc8d12d13	Ukrainian Nature Conservation Group (NGO)	UA	7f48e0c8-5c96-49ec-b972-30748e339115			879	
b349e73d-c49e-418c-81f7-c5d32e136362	The Scale Insects Of Iran (Hemiptera: Coccomorpha) Part 3 The Soft Scales (Coccidae) And Other Families	10.15468/3h2q5t	CC0_1_0	CHECKLIST		7ce8aef0-9e92-11dc-8738-b8a03c50a862	Plazi.org taxonomic treatments database	CH	7ce8aef0-9e92-11dc-8738-b8a03c50a862	Plazi.org taxonomic treatments database	CH	ffb07bec-2d10-492d-9c37-361fe0b79427			0	244
6fa3cf71-7867-4143-adb3-0729df995932	Insects and other arthropods collected and/or identified by Roel van Klink and Corinna Rickert	10.15468/vg8ahg	CC0_1_0	SAMPLING_EVENT	SPECIMEN	cace8d10-2646-11d8-a2da-b8a03c50a862	Netherlands Biodiversity Information Facility (NLBIF)	NL	c941d04e-78f9-4629-8d05-b40a7b0e67c0	WBBS foundation	NL	0909d601-bda2-42df-9e63-a6d51847ebce			14676	
e263aa94-fc9f-4c36-bbf9-4e1864046ccd	Chronicle of Nature - Phenology of Insects of Ilmensky State Nature Reserve, Russian Academy of Sciences, Urals Branch	10.15468/wpmryc	CC_BY_4_0	OCCURRENCE		04fd2e13-6881-4e5c-9dd1-8fdd9ab993c1	Finnish Biodiversity Information Facility	FI	6c53cc6f-a207-4f06-bab3-4b3ff01665eb	Ilmen State Nature Reserve, Ural Branch of the Russian Academy of Science	RU	dd514216-5c7c-45f3-910d-797424cb5be6			389	
cb8a261a-66cb-4068-809e-9e773359bb30	Insektmobilen - National citizen science and DNA metabarcoding survey of flying insects in June 2018 and 2019	10.15468/m48e3e	CC_BY_4_0	OCCURRENCE		299958e0-4c06-11d8-b290-b8a03c50a862	Danish Biodiversity Information Facility	DK	2e7df380-8356-4533-bcb3-5459e23c794e	Natural History Museum of Denmark	DK	4ddd294f-02b7-4359-ac33-0806a9ca9c6b		insektmobilen_DNA	181023	
800a44b4-56b3-42f8-9b22-ae72a3357c31	Mammals, birds, and insects in Tawny owl (Strix aluco) prey remains from the Malé Karpaty mountains	10.15468/fmr7zb	CC_BY_NC_4_0	OCCURRENCE	SPECIMEN	64795dcb-ad74-41b3-95e5-cc52ba754776	GBIF Norway	NO	e2ce7dc0-a8b5-11d8-9534-b8a03c50a862	Plant Science and Biodiversity Centre, Institute of Botany, Slovak Academy of Sciences	SK	477b14bb-3d5c-474b-8dec-6bd73dd67dec			359	
e55df9ee-44cd-4ac7-b598-7acb22cae7ae	A preliminary checklist of some insects (Coleoptera, Odonata, Hymenoptera) from Arabuko-Sokoke Forest, Kenya	10.15468/7qbsd3	CC_BY_4_0	CHECKLIST		fd515d3a-b237-42de-bba6-760008580da5	National Museums of Kenya	KE	d8d6c888-92e7-4036-9808-fb3812be61e1	A Rocha Kenya	KE	7f48e0c8-5c96-49ec-b972-30748e339115		BID-AF2017-0274-NAC	0	414
05cebf46-ed3d-4b8b-8166-f3d8b14dd53c	Carnidae (Diptera) in the Canadian National Collection of Insects (Ottawa), with the description of five new species	10.11646/zootaxa.4084.4.5	CC0_1_0	CHECKLIST		7ce8aef0-9e92-11dc-8738-b8a03c50a862	Plazi.org taxonomic treatments database	CH	7ce8aef0-9e92-11dc-8738-b8a03c50a862	Plazi.org taxonomic treatments database	CH	ffb07bec-2d10-492d-9c37-361fe0b79427			0	35
8af5a092-f062-48c7-8d7c-f96ae6282bfa	A review of neococcid scale insects (Hemiptera: Sternorrhyncha: Coccomorpha) based on the morphology of the adult males	10.11646/zootaxa.4765.1.1	CC0_1_0	CHECKLIST		7ce8aef0-9e92-11dc-8738-b8a03c50a862	Plazi.org taxonomic treatments database	CH	7ce8aef0-9e92-11dc-8738-b8a03c50a862	Plazi.org taxonomic treatments database	CH	ffb07bec-2d10-492d-9c37-361fe0b79427			8	142
d08e3c0e-ad1e-4bd9-95a5-413d3661bf62	Towards the identification of the scale insects (Hemiptera: Coccomorpha) of continental Africa: 1. Identification of the families	10.11646/zootaxa.5052.2.1	CC0_1_0	CHECKLIST		7ce8aef0-9e92-11dc-8738-b8a03c50a862	Plazi.org taxonomic treatments database	CH	7ce8aef0-9e92-11dc-8738-b8a03c50a862	Plazi.org taxonomic treatments database	CH	ffb07bec-2d10-492d-9c37-361fe0b79427			0	5
becfe9b0-4869-4739-90e7-1abd2c2093d7	Catalogue of type materials of springtails (Hexapoda, Collembola) in the Canadian National Collection of Insects, Arachnids & Nematodes	10.5281/zenodo.267103	CC0_1_0	CHECKLIST		7ce8aef0-9e92-11dc-8738-b8a03c50a862	Plazi.org taxonomic treatments database	CH	7ce8aef0-9e92-11dc-8738-b8a03c50a862	Plazi.org taxonomic treatments database	CH	ffb07bec-2d10-492d-9c37-361fe0b79427			0	127
5a2dfee3-b897-417f-b0ed-4b539b096196	Molecular and morphological identification of pistachio armored scale insects (Hemiptera: Diaspididae), with description of a new species	10.11646/zootaxa.4200.4.5	CC0_1_0	CHECKLIST		7ce8aef0-9e92-11dc-8738-b8a03c50a862	Plazi.org taxonomic treatments database	CH	7ce8aef0-9e92-11dc-8738-b8a03c50a862	Plazi.org taxonomic treatments database	CH	ffb07bec-2d10-492d-9c37-361fe0b79427			0	14
624a4dcf-ecb4-4abe-a4ff-a52ed5d6c209	A quadriocellar scoliid wasp (Hymenoptera, Scoliidae) from Mallorca, with a brief account of supernumerary ocelli in insects	10.3897/zse.91.5463	CC0_1_0	CHECKLIST		7ce8aef0-9e92-11dc-8738-b8a03c50a862	Plazi.org taxonomic treatments database	CH	7ce8aef0-9e92-11dc-8738-b8a03c50a862	Plazi.org taxonomic treatments database	CH	ffb07bec-2d10-492d-9c37-361fe0b79427			0	7
05012727-a061-4ff8-9e21-4ff90ea899f6	Descriptions of new species of hymenopterous insects collected by Mr. A. R. Wallace at Celebes. (Part Formicidae)	10.15468/xi3akd	CC0_1_0	CHECKLIST		7ce8aef0-9e92-11dc-8738-b8a03c50a862	Plazi.org taxonomic treatments database	CH	7ce8aef0-9e92-11dc-8738-b8a03c50a862	Plazi.org taxonomic treatments database	CH	ffb07bec-2d10-492d-9c37-361fe0b79427			0	58
85e37851-a91a-406c-8641-d9529f5bf68d	Catalogue of hymenopterous insects collected by Mr. A. R. Wallace at the Islands of Aru and Key.	10.15468/umdk7n	CC0_1_0	CHECKLIST		7ce8aef0-9e92-11dc-8738-b8a03c50a862	Plazi.org taxonomic treatments database	CH	7ce8aef0-9e92-11dc-8738-b8a03c50a862	Plazi.org taxonomic treatments database	CH	ffb07bec-2d10-492d-9c37-361fe0b79427			0	152
46b6ccd4-52b7-4cdc-80ba-289aff2156bb	Checklist of recorded insects from literature associated with non-crop plants growing in organic field of Mauritius	10.15468/9hczsd	CC_BY_4_0	CHECKLIST		fbca90e3-8aed-48b1-84e3-369afbd000ce	GBIF Secretariat	ZZ	98bb2db4-4405-4e77-a568-fc596f29177c	The Mauritius Herbarium	MU	7f48e0c8-5c96-49ec-b972-30748e339115		BID-AF2017-0316-SMA	0	340
403b2150-2eb8-4f5b-991c-66fa3215aff0	Orthopteroid insects (Mantodea, Blattodea, Dermaptera, Phasmoptera, Orthoptera) of agrocenosis of rice fields in Kyzylorda oblast, South Kazakhstan	10.3897/abs.6.e54139	CC0_1_0	CHECKLIST		7ce8aef0-9e92-11dc-8738-b8a03c50a862	Plazi.org taxonomic treatments database	CH	7ce8aef0-9e92-11dc-8738-b8a03c50a862	Plazi.org taxonomic treatments database	CH	ffb07bec-2d10-492d-9c37-361fe0b79427			0	146
500b44ea-e47e-420f-843f-1b40f8ef793f	Some finds of birds, mammals, insects, amphibians, reptiles and vascular plants within the Kyiv administrative region of Ukraine	10.15468/q9h432	CC_BY_4_0	OCCURRENCE		64795dcb-ad74-41b3-95e5-cc52ba754776	GBIF Norway	NO	ca2fd897-6108-4361-91f8-b39dc8d12d13	Ukrainian Nature Conservation Group (NGO)	UA	7f48e0c8-5c96-49ec-b972-30748e339115			1214	
5878bb2f-9156-4958-9d5a-71e648fbbe6e	Records of insects from Middle Dnieper valley highlighted in two literature resources authored by Kryshtal O. P.	10.15468/n6zept	CC_BY_4_0	OCCURRENCE		64795dcb-ad74-41b3-95e5-cc52ba754776	GBIF Norway	NO	ca2fd897-6108-4361-91f8-b39dc8d12d13	Ukrainian Nature Conservation Group (NGO)	UA	7f48e0c8-5c96-49ec-b972-30748e339115			2383	
4352e0b3-2c1f-42a0-a445-eff75e37cd36	Chronicle of Nature - Phenology of Insects of Sikhote-Alin State Nature Biosphere Reserve Named After K. G. Abramov	10.15468/uwksvv	CC_BY_4_0	OCCURRENCE		04fd2e13-6881-4e5c-9dd1-8fdd9ab993c1	Finnish Biodiversity Information Facility	FI	f35bf2df-6393-4b4f-bb2a-31395de84d77	Sikhote-Alin State Nature Biosphere Reserve Named After K. G. Abramov	RU	dd514216-5c7c-45f3-910d-797424cb5be6			5464	
dc2fdad8-8baa-451f-9ae3-07d5e0e8ab35	E. E. Green’s collection of scale insects (Hemiptera: Sternorrhyncha: Coccomorpha) in The Natural History Museum, London, U. K.	10.11646/zootaxa.4318.2.1	CC0_1_0	CHECKLIST		7ce8aef0-9e92-11dc-8738-b8a03c50a862	Plazi.org taxonomic treatments database	CH	7ce8aef0-9e92-11dc-8738-b8a03c50a862	Plazi.org taxonomic treatments database	CH	ffb07bec-2d10-492d-9c37-361fe0b79427			21	31
c1250f5c-2f57-4b31-9df8-e4d80acdf1af	An annotated checklist of the scale insects of Iran (Hemiptera, Sternorrhyncha, Coccoidea) with new records and distribution data	10.3897/zookeys.334.5818	CC0_1_0	CHECKLIST		7ce8aef0-9e92-11dc-8738-b8a03c50a862	Plazi.org taxonomic treatments database	CH	7ce8aef0-9e92-11dc-8738-b8a03c50a862	Plazi.org taxonomic treatments database	CH	ffb07bec-2d10-492d-9c37-361fe0b79427			0	588
104b4868-95e1-42e7-9ef6-b6693431fb5d	Review of stick insects (Insecta: Phasmatodea) from Yintiaoling Nature Reserve of China, with description of two new species	10.15468/yxuazp	CC0_1_0	CHECKLIST		7ce8aef0-9e92-11dc-8738-b8a03c50a862	Plazi.org taxonomic treatments database	CH	7ce8aef0-9e92-11dc-8738-b8a03c50a862	Plazi.org taxonomic treatments database	CH	ffb07bec-2d10-492d-9c37-361fe0b79427			34	20
797fca93-60bf-40ce-bb55-e5cb695f6356	Towards identification of the scale insects (Hemiptera: Coccomorpha) of continental Africa: 2. Checklists and keys to six archaeococcoid families	10.15468/5nkahj	CC0_1_0	CHECKLIST		7ce8aef0-9e92-11dc-8738-b8a03c50a862	Plazi.org taxonomic treatments database	CH	7ce8aef0-9e92-11dc-8738-b8a03c50a862	Plazi.org taxonomic treatments database	CH	ffb07bec-2d10-492d-9c37-361fe0b79427			4	45
1f99571f-2d4f-471c-b329-121c877e46bd	Scale insects (Hemiptera: Coccomorpha) on sugarcane in Colombia, with description of a new species of Tillancoccus Ben-Dov (Coccidae)	10.11646/zootaxa.4258.5.6	CC0_1_0	CHECKLIST		7ce8aef0-9e92-11dc-8738-b8a03c50a862	Plazi.org taxonomic treatments database	CH	7ce8aef0-9e92-11dc-8738-b8a03c50a862	Plazi.org taxonomic treatments database	CH	ffb07bec-2d10-492d-9c37-361fe0b79427			0	26
6d6ea0e4-8a8e-49c0-9853-a378a06dba74	A new species of larval Caeculisoma (Acari: Erythraeidae: Callidosomatinae) ectoparasitic on insects from China and a revised generic diagnosis	10.11646/zootaxa.4604.3.7	CC0_1_0	CHECKLIST		7ce8aef0-9e92-11dc-8738-b8a03c50a862	Plazi.org taxonomic treatments database	CH	7ce8aef0-9e92-11dc-8738-b8a03c50a862	Plazi.org taxonomic treatments database	CH	ffb07bec-2d10-492d-9c37-361fe0b79427			2	7
b18cc505-da40-431d-944e-009b4150520d	Catalogue of hymenopterous insects collected by Mr. A. R. Wallace in the Islands of Ceram, Celebes, Ternate, and Gilolo.	10.15468/ogns5i	CC0_1_0	CHECKLIST		7ce8aef0-9e92-11dc-8738-b8a03c50a862	Plazi.org taxonomic treatments database	CH	7ce8aef0-9e92-11dc-8738-b8a03c50a862	Plazi.org taxonomic treatments database	CH	ffb07bec-2d10-492d-9c37-361fe0b79427			0	104
6f1f2052-7db5-4422-995c-48c1faab2d3a	Catalogue of the hymenopterous insects collected at Sarawak, Borneo; Mount Ophir, Malacca; and at Singapore, by A. R. Wallace.	10.15468/phot1h	CC0_1_0	CHECKLIST		7ce8aef0-9e92-11dc-8738-b8a03c50a862	Plazi.org taxonomic treatments database	CH	7ce8aef0-9e92-11dc-8738-b8a03c50a862	Plazi.org taxonomic treatments database	CH	ffb07bec-2d10-492d-9c37-361fe0b79427			0	196
eef5c293-43ff-4179-8eaa-e5285c9a6250	A survey of basal insects (Microcoryphia and Zygentoma) from subterranean environments of Iran, with description of three new species	10.3897/zookeys.806.27320	CC0_1_0	CHECKLIST		7ce8aef0-9e92-11dc-8738-b8a03c50a862	Plazi.org taxonomic treatments database	CH	7ce8aef0-9e92-11dc-8738-b8a03c50a862	Plazi.org taxonomic treatments database	CH	ffb07bec-2d10-492d-9c37-361fe0b79427			0	18
04930329-93ce-4f80-8d67-423a526a736b	Saproxylic insects caught in window traps and hatched from polypores in small and large old forests in southern Norway	10.15468/0bgfrp	CC_BY_4_0	SAMPLING_EVENT		64795dcb-ad74-41b3-95e5-cc52ba754776	GBIF Norway	NO	8256e897-3a17-4a2d-8bf8-54cf22b624bd	Norwegian University of Life Sciences	NO	4f829580-180d-46a9-9c87-ed8ec959b545			1515	
7b8ef914-da91-4ea9-a974-57a03144c7f7	Chronicle of Nature - Phenology of Insects of FSBI United Administration of the Lazovsky State Reserve and National Park Zov Tigra	10.15468/9w2oen	CC_BY_4_0	OCCURRENCE		04fd2e13-6881-4e5c-9dd1-8fdd9ab993c1	Finnish Biodiversity Information Facility	FI	77d2a6e4-da00-4003-adf4-ec9c591dcdf2	FSBI United Administration of the Lazovsky State Reserve and National Park Zov Tigra	RU	dd514216-5c7c-45f3-910d-797424cb5be6			123	
988122fa-885d-4497-8c4f-f0d3c68f5b8a	New genus names, family-group names and misspellings published between 2020 and 2023 in the scale insects (Hemiptera: Sternorrhyncha: Coccomorpha)	10.15468/qdpqvz	CC0_1_0	CHECKLIST		7ce8aef0-9e92-11dc-8738-b8a03c50a862	Plazi.org taxonomic treatments database	CH	7ce8aef0-9e92-11dc-8738-b8a03c50a862	Plazi.org taxonomic treatments database	CH	ffb07bec-2d10-492d-9c37-361fe0b79427			0	67
697c91ee-9d8b-4095-bd15-e55709b2b6bd	New archaeorthopteran insects from the Late Carboniferous of the Nord and Pasde-Calais basins in northern France (Insecta: Cnemidolestodea, Panorthoptera)	10.11646/zootaxa.3878.5.4	CC0_1_0	CHECKLIST		7ce8aef0-9e92-11dc-8738-b8a03c50a862	Plazi.org taxonomic treatments database	CH	7ce8aef0-9e92-11dc-8738-b8a03c50a862	Plazi.org taxonomic treatments database	CH	ffb07bec-2d10-492d-9c37-361fe0b79427			0	15
a8094cca-92e5-4638-8da0-0d456b9134ac	Morphological and molecular analyses reveal two new species of Microcera (Nectriaceae, Hypocreales) associated with scale insects on walnut in China	10.15468/u2t2ed	CC0_1_0	CHECKLIST		7ce8aef0-9e92-11dc-8738-b8a03c50a862	Plazi.org taxonomic treatments database	CH	7ce8aef0-9e92-11dc-8738-b8a03c50a862	Plazi.org taxonomic treatments database	CH	ffb07bec-2d10-492d-9c37-361fe0b79427			0	8
d1874f7a-7d67-4f0d-8e5e-16c18ececf86	A new genus of flower-dwelling melicharid mites (Acari: Mesostigmata: Ascoidea) phoretic on bats and insects in Costa Rica and Brazil	10.5281/zenodo.180479	CC0_1_0	CHECKLIST		7ce8aef0-9e92-11dc-8738-b8a03c50a862	Plazi.org taxonomic treatments database	CH	7ce8aef0-9e92-11dc-8738-b8a03c50a862	Plazi.org taxonomic treatments database	CH	ffb07bec-2d10-492d-9c37-361fe0b79427			0	9
25a03002-84c6-4bbb-8ba1-b6cfcef9999f	Some finds of birds, mammals, insects, amphibians, reptiles within the Autonomous Republic of Crimea (Ukraine), as well as in some areas of Kherson and Zaporizhzhia regions adjacent to the Sea of Azov	10.15468/buv7h9	CC_BY_4_0	OCCURRENCE		64795dcb-ad74-41b3-95e5-cc52ba754776	GBIF Norway	NO	ca2fd897-6108-4361-91f8-b39dc8d12d13	Ukrainian Nature Conservation Group (NGO)	UA	7f48e0c8-5c96-49ec-b972-30748e339115			1069	
34473539-3274-4433-b611-96a09f89f9e5	Barbenigma Powell & Miller, a bizarre new genus and two new species of scale insects (Hemiptera: Coccomorpha: Ortheziidae) from the United States	10.15468/zxymdw	CC0_1_0	CHECKLIST		7ce8aef0-9e92-11dc-8738-b8a03c50a862	Plazi.org taxonomic treatments database	CH	7ce8aef0-9e92-11dc-8738-b8a03c50a862	Plazi.org taxonomic treatments database	CH	ffb07bec-2d10-492d-9c37-361fe0b79427			22	14
3eef9dd7-714b-45d0-9bf4-8f3a171e41f0	Walaphyllium subgen. nov., the dancing leaf insects from Australia and Papua New Guinea with description of a new species (Phasmatodea, Phylliidae)	10.3897/zookeys.939.52071	CC0_1_0	CHECKLIST		7ce8aef0-9e92-11dc-8738-b8a03c50a862	Plazi.org taxonomic treatments database	CH	7ce8aef0-9e92-11dc-8738-b8a03c50a862	Plazi.org taxonomic treatments database	CH	ffb07bec-2d10-492d-9c37-361fe0b79427			0	10
81c31a08-9ad2-4a7f-bb20-0228ee90dea9	First catalog (1964 - 2024) of type insects in the Invertebrates Collection of the Charles Darwin Research Station (ICCDRS), Galápagos Islands-Ecuador	10.15468/t6axfd	CC0_1_0	CHECKLIST		7ce8aef0-9e92-11dc-8738-b8a03c50a862	Plazi.org taxonomic treatments database	CH	7ce8aef0-9e92-11dc-8738-b8a03c50a862	Plazi.org taxonomic treatments database	CH	ffb07bec-2d10-492d-9c37-361fe0b79427			830	179
3bf2d383-e9f3-49b7-8195-15ff8a93f3c6	Contributions to the knowledge of Ceroys (Miroceroys) Piza, 1936 (Phasmatodea Heteronemiidae): two new mossy stick insects from the Atlantic Forest of Brazil	10.15468/meyqwy	CC0_1_0	CHECKLIST		7ce8aef0-9e92-11dc-8738-b8a03c50a862	Plazi.org taxonomic treatments database	CH	7ce8aef0-9e92-11dc-8738-b8a03c50a862	Plazi.org taxonomic treatments database	CH	ffb07bec-2d10-492d-9c37-361fe0b79427			21	9
2fcacbad-4fb7-4c17-8313-b007065e6660	Morphometry Of Fore Wing Venation For Identification Of Net-Winged Insects Of The Ukrainian Carpathians, With A Focus On Chrysopa (Neuroptera, Chrysopidae)	10.15468/hnq3w2	CC0_1_0	CHECKLIST		7ce8aef0-9e92-11dc-8738-b8a03c50a862	Plazi.org taxonomic treatments database	CH	7ce8aef0-9e92-11dc-8738-b8a03c50a862	Plazi.org taxonomic treatments database	CH	ffb07bec-2d10-492d-9c37-361fe0b79427			0	13
9d228fce-04e6-4566-a2d4-1426b87e6ea9	New insects from the Permian of Catalonia (Spain) predate the early diversification of Triassic clades adapted to arid environments (Grylloblattodea, Probnidae, Dictyoptera)	10.15468/c7gdbc	CC0_1_0	CHECKLIST		7ce8aef0-9e92-11dc-8738-b8a03c50a862	Plazi.org taxonomic treatments database	CH	d9a8e26f-f479-45f2-9bf3-144c25965646	Fossil Record	BG	8dae0f8c-12bc-444d-b889-6b177550a8b2			1	8
48c32fd1-f26b-4ad9-bbed-48bdeda38d65	Stick insects of Sulawesi, Peleng and the Sula Islands, Indonesia- a review including checklists of species and descriptions of new taxa (Insecta: Phasmatodea)	10.15468/pst9yr	CC0_1_0	CHECKLIST		7ce8aef0-9e92-11dc-8738-b8a03c50a862	Plazi.org taxonomic treatments database	CH	7ce8aef0-9e92-11dc-8738-b8a03c50a862	Plazi.org taxonomic treatments database	CH	ffb07bec-2d10-492d-9c37-361fe0b79427			440	236
d2bfb427-4b03-42e8-b836-ed48811d8013	Megacraniinae-The Palm Stick Insects: A new subfamily of Old World Phasmatodea and a redefinition of Platycraninae Brunner v. Wattenwyl, 1893 (Phasmatodea: “ Anareolatae ”)	10.11646/zootaxa.4896.2.1	CC0_1_0	CHECKLIST		7ce8aef0-9e92-11dc-8738-b8a03c50a862	Plazi.org taxonomic treatments database	CH	7ce8aef0-9e92-11dc-8738-b8a03c50a862	Plazi.org taxonomic treatments database	CH	ffb07bec-2d10-492d-9c37-361fe0b79427			1	9
3c5b425b-44f6-46a2-bd0b-e3ff222f0f5f	Some finds of birds, mammals, insects, amphibians, reptiles and vascular plants within the Poltava and Sumy administrative regions of Ukraine in 2007 and 2012	10.15468/qb335z	CC_BY_4_0	OCCURRENCE		64795dcb-ad74-41b3-95e5-cc52ba754776	GBIF Norway	NO	ca2fd897-6108-4361-91f8-b39dc8d12d13	Ukrainian Nature Conservation Group (NGO)	UA	7f48e0c8-5c96-49ec-b972-30748e339115			202	
1c4e9564-16cc-41fd-bdd2-d4a77484f100	Australian gall-inducing scale insects on Eucalyptus: revision of Opisthoscelis Schrader (Coccoidea, Eriococcidae) and descriptions of a new genus and nine new species	10.3897/zookeys.58.507	CC0_1_0	CHECKLIST		7ce8aef0-9e92-11dc-8738-b8a03c50a862	Plazi.org taxonomic treatments database	CH	7ce8aef0-9e92-11dc-8738-b8a03c50a862	Plazi.org taxonomic treatments database	CH	ffb07bec-2d10-492d-9c37-361fe0b79427			0	28
6b752569-7f6e-4e32-8e0b-f7dc8b3711d4	Cryptophyllium, the hidden leaf insects - descriptions of a new leaf insect genus and thirteen species from the former celebicum species group (Phasmatodea, Phylliidae)	10.3897/zookeys.1018.61033	CC0_1_0	CHECKLIST		7ce8aef0-9e92-11dc-8738-b8a03c50a862	Plazi.org taxonomic treatments database	CH	7ce8aef0-9e92-11dc-8738-b8a03c50a862	Plazi.org taxonomic treatments database	CH	ffb07bec-2d10-492d-9c37-361fe0b79427			0	31
6313816b-c74d-4ed3-b0a3-8420aa674532	Brachymna tenuis Stål, 1861 (Hemiptera: Pentatomidae), a new invasive bamboo pest in Korea with notes on insects associated with bamboos	10.3897/bdj.8.e58476	CC_BY_4_0	CHECKLIST		1f27e074-e2c0-4cf2-9b78-731e9f789f00	Pensoft Publishers	BG	750a8724-fa66-4c27-b645-bd58ac5ee010	Biodiversity Data Journal	BG	7f48e0c8-5c96-49ec-b972-30748e339115			5	7
48dac4a0-4599-4acc-badb-3362dfe2e449	Pegomya disticha Griffiths and P. cedrica Huckett (Diptera: Anthomyiidae) - first documented case of insects trespassing the silica barrier of Common scouringrush, Equisetum hyemale L.	10.11646/zootaxa.4718.3.4	CC0_1_0	CHECKLIST		7ce8aef0-9e92-11dc-8738-b8a03c50a862	Plazi.org taxonomic treatments database	CH	7ce8aef0-9e92-11dc-8738-b8a03c50a862	Plazi.org taxonomic treatments database	CH	ffb07bec-2d10-492d-9c37-361fe0b79427			0	8
3987810a-e078-4f79-9863-057f4cdfa287	Confirmation of the cicada Tibicen pronotalis walkeri stat. nov. (= T. w alk er i, Hemiptera: Cicadidae) in Florida: finding singing insects through their songs	10.5281/zenodo.274924	CC0_1_0	CHECKLIST		7ce8aef0-9e92-11dc-8738-b8a03c50a862	Plazi.org taxonomic treatments database	CH	7ce8aef0-9e92-11dc-8738-b8a03c50a862	Plazi.org taxonomic treatments database	CH	ffb07bec-2d10-492d-9c37-361fe0b79427			0	7
4d84eb96-c01d-430b-ac10-9e08040e7499	Insects found in birds’nests from Argentina: Tachycineta leucorrhoa leucorrhoa (Vieillot, 1817) [Aves: Hirundinidae], a new host for Acanthocrios furnarii (Cordero & Vogelsang, 1928) [Hemiptera: Cimicidae]	10.5281/zenodo.184445	CC0_1_0	CHECKLIST		7ce8aef0-9e92-11dc-8738-b8a03c50a862	Plazi.org taxonomic treatments database	CH	7ce8aef0-9e92-11dc-8738-b8a03c50a862	Plazi.org taxonomic treatments database	CH	ffb07bec-2d10-492d-9c37-361fe0b79427			0	7
514e850e-5322-4a54-bb04-a721efd17750	A preliminary checklist of scale insects (Hemiptera: Coccoidea) intercepted in Korea on dracaena and ficus plants (Asparagales: Asparagaceae, Rosales: Moraceae) imported from southern Asia	10.5281/zenodo.5182311	CC0_1_0	CHECKLIST		7ce8aef0-9e92-11dc-8738-b8a03c50a862	Plazi.org taxonomic treatments database	CH	7ce8aef0-9e92-11dc-8738-b8a03c50a862	Plazi.org taxonomic treatments database	CH	ffb07bec-2d10-492d-9c37-361fe0b79427			0	72
decbfba2-64aa-42c9-9c98-bc922e543366	Ectoparasitic mites, ticks (Acari: Trombidiformes, Mesostigmata, Ixodida) and insects (Insecta: Psocodea, Siphonaptera) of ground-dwelling small mammals in the Baltic States. An annotated checklist	10.15468/jjr5kd	CC0_1_0	CHECKLIST		7ce8aef0-9e92-11dc-8738-b8a03c50a862	Plazi.org taxonomic treatments database	CH	7ce8aef0-9e92-11dc-8738-b8a03c50a862	Plazi.org taxonomic treatments database	CH	ffb07bec-2d10-492d-9c37-361fe0b79427			0	231
7a1dc2d9-d083-4886-b4c2-79cb9303c15b	On new taxa and some described armoured scale insects (Hemiptera: Diaspididae) living in the galleries of the ant Melissotarsus insularis Santschi (Hymenoptera: Formicidae) in Madagascar	10.5281/zenodo.193683	CC0_1_0	CHECKLIST		7ce8aef0-9e92-11dc-8738-b8a03c50a862	Plazi.org taxonomic treatments database	CH	7ce8aef0-9e92-11dc-8738-b8a03c50a862	Plazi.org taxonomic treatments database	CH	ffb07bec-2d10-492d-9c37-361fe0b79427			0	16
8b7bb0da-4dda-42b6-a563-839a5281eedd	Insects found in birds’ nests from Argentina. Part I: a bibliographical review, with taxonomical corrections, comments and a hypothetical mechanism of transmission of cimicid bugs	10.5281/zenodo.178338	CC0_1_0	CHECKLIST		7ce8aef0-9e92-11dc-8738-b8a03c50a862	Plazi.org taxonomic treatments database	CH	7ce8aef0-9e92-11dc-8738-b8a03c50a862	Plazi.org taxonomic treatments database	CH	ffb07bec-2d10-492d-9c37-361fe0b79427			0	23
e3b84795-947d-4260-8873-45da5294bfe9	Leaf insects from Luzon, Philippines, with descriptions of four new species, the new genus Pseudomicrophyllium, and redescription of Phyllium (Phyllium) geryon Gray, 1843, (Phasmida: Phylliidae)	10.11646/zootaxa.4365.2.1	CC0_1_0	CHECKLIST		7ce8aef0-9e92-11dc-8738-b8a03c50a862	Plazi.org taxonomic treatments database	CH	7ce8aef0-9e92-11dc-8738-b8a03c50a862	Plazi.org taxonomic treatments database	CH	ffb07bec-2d10-492d-9c37-361fe0b79427			0	15
ee6ca31a-3588-47ef-b90b-08731c0b800a	Stick insects from Vietnam: The new genus Mycovartes gen. nov., with two new species and two new species of Neooxyartes Ho, 2018 (Phasmida: Lonchodidae: Necrosciinae)	10.15468/36gu5t	CC0_1_0	CHECKLIST		7ce8aef0-9e92-11dc-8738-b8a03c50a862	Plazi.org taxonomic treatments database	CH	a064f300-1bc8-41ea-9364-b864ef4e8938	European Journal of Taxonomy	FR	da44cd31-5901-4687-a106-6d1c7734ee3a			78	16
5bed6b9f-27d3-4508-b415-136a1dd53b3a	New and poorly known giant scale insects (Homoptera: Coccinea: Margarodidae s. lat.) from the Oriental region with taxonomic and nomenclatural notes on the subfamily Monophlebinae	10.5852/ejt.2021.746.1317	CC0_1_0	CHECKLIST		7ce8aef0-9e92-11dc-8738-b8a03c50a862	Plazi.org taxonomic treatments database	CH	a064f300-1bc8-41ea-9364-b864ef4e8938	European Journal of Taxonomy	FR	da44cd31-5901-4687-a106-6d1c7734ee3a			6	17
0f243a11-1cef-442e-98be-a743ace6085f	Aquatic Insects from the Caatinga: checklists and diversity assessments of Ubajara (Ceará State) and Sete Cidades (Piauí State) National Parks, Northeastern Brazil	10.3897/bdj.4.e8354	CC_BY_4_0	CHECKLIST		1f27e074-e2c0-4cf2-9b78-731e9f789f00	Pensoft Publishers	BG	750a8724-fa66-4c27-b645-bd58ac5ee010	Biodiversity Data Journal	BG	7f48e0c8-5c96-49ec-b972-30748e339115			807	524
a34f4a4a-d0b1-4467-ac30-4c080def443c	On some new and old soft scale insects (Hemiptera: Coccomorpha: Coccidae) from Africa, with description of a new Coccus species and introduction of a new genus	10.11646/zootaxa.4612.3.4	CC0_1_0	CHECKLIST		7ce8aef0-9e92-11dc-8738-b8a03c50a862	Plazi.org taxonomic treatments database	CH	7ce8aef0-9e92-11dc-8738-b8a03c50a862	Plazi.org taxonomic treatments database	CH	ffb07bec-2d10-492d-9c37-361fe0b79427			0	8
1316e477-fcdc-4e56-91ac-034bc0b48c80	Kalanchoe × sogae (Crassulaceae subfam. Kalanchooideae) derived from Kalanchoe lateritia × K. sexangularis, with notes on the inheritance of hairiness and resistance against phytophagous insects in Kalanchoe hybrids	10.15468/uzypmf	CC0_1_0	CHECKLIST		7ce8aef0-9e92-11dc-8738-b8a03c50a862	Plazi.org taxonomic treatments database	CH	7ce8aef0-9e92-11dc-8738-b8a03c50a862	Plazi.org taxonomic treatments database	CH	ffb07bec-2d10-492d-9c37-361fe0b79427			2	7
76c0fd43-d2e1-49a4-a744-ab443358a3e0	Notes on the leaf insects of the genus Phyllium of Sumatra and Java, Indonesia, including the description of two new species with purple coxae (Phasmatodea, Phylliidae)	10.3897/zookeys.913.49044	CC0_1_0	CHECKLIST		7ce8aef0-9e92-11dc-8738-b8a03c50a862	Plazi.org taxonomic treatments database	CH	7ce8aef0-9e92-11dc-8738-b8a03c50a862	Plazi.org taxonomic treatments database	CH	ffb07bec-2d10-492d-9c37-361fe0b79427			0	12
c67a1f37-d363-40b7-88c1-79cc3b501572	Taxonomic study and population variation of scale insects (Hemiptera: Coccidae and Diaspididae) and associated parasitoids (Hymenoptera: Chalcidoidea) in an olive grove at Rio Grande do Sul, Brazil	10.5281/zenodo.3713466	CC0_1_0	CHECKLIST		7ce8aef0-9e92-11dc-8738-b8a03c50a862	Plazi.org taxonomic treatments database	CH	7ce8aef0-9e92-11dc-8738-b8a03c50a862	Plazi.org taxonomic treatments database	CH	ffb07bec-2d10-492d-9c37-361fe0b79427			0	4
36526979-9f6a-47c3-8ca8-b286b8899729	Tidlig oppdagelse og varsling av fremmede arter 2018	10.15468/q3abt7	CC_BY_4_0	OCCURRENCE	OBSERVATION	46fec380-8e1d-11dd-8679-b8a03c50a862	Norwegian Institute for Nature Research	NO	46fec380-8e1d-11dd-8679-b8a03c50a862	Norwegian Institute for Nature Research	NO	4f829580-180d-46a9-9c87-ed8ec959b545	379a0de5-f377-4661-9a30-33dd844e7b9a	Tidlig_oppdagelse	1260	
bb8def4d-7111-491a-9408-51f182806944	Biological diversity of Kaniv (Cherkasy region) and Rzhyshchiv city amalgamated territorieal community (CATC) (Kyiv region).	10.15468/aec3hd	CC_BY_4_0	OCCURRENCE		64795dcb-ad74-41b3-95e5-cc52ba754776	GBIF Norway	NO	ca2fd897-6108-4361-91f8-b39dc8d12d13	Ukrainian Nature Conservation Group (NGO)	UA	7f48e0c8-5c96-49ec-b972-30748e339115			447	
eb6e22aa-3844-45dc-a920-24a846ed8a57	Some records of beetles from the collection of the State Museum of Nature of V. N. Karazin Kharkiv National University	10.15468/fcguhb	CC_BY_4_0	OCCURRENCE	OBSERVATION	64795dcb-ad74-41b3-95e5-cc52ba754776	GBIF Norway	NO	ca2fd897-6108-4361-91f8-b39dc8d12d13	Ukrainian Nature Conservation Group (NGO)	UA	7f48e0c8-5c96-49ec-b972-30748e339115			2020	
3bc8450f-5fcf-44f0-8466-f81e1dd992ed	Name-bearing type specimens in the Canadian National Collection of Insects, Arachnids & Nematodes (CNC): Blattodea, Dermaptera, Notoptera, Mecoptera, Megaloptera, Myriapoda, Neuroptera, Odonata, Orthoptera, Phthiraptera, Pseudoscorpiones, Psocoptera, Raphidioptera & Siphonaptera	10.11646/zootaxa.4526.2.1	CC0_1_0	CHECKLIST		7ce8aef0-9e92-11dc-8738-b8a03c50a862	Plazi.org taxonomic treatments database	CH	7ce8aef0-9e92-11dc-8738-b8a03c50a862	Plazi.org taxonomic treatments database	CH	ffb07bec-2d10-492d-9c37-361fe0b79427			0	17
346a9b13-5c96-4793-bcd7-d6614950e726	NINA insect database	10.15468/cf4c2s	CC_BY_4_0	OCCURRENCE		46fec380-8e1d-11dd-8679-b8a03c50a862	Norwegian Institute for Nature Research	NO	46fec380-8e1d-11dd-8679-b8a03c50a862	Norwegian Institute for Nature Research	NO	4f829580-180d-46a9-9c87-ed8ec959b545	379a0de5-f377-4661-9a30-33dd844e7b9a		169722	
13f96dcf-038a-4366-bbb1-3a0f3959a33f	Lepidoptera fauna of the Hetman National Nature Park	10.15468/8hjwqd	CC_BY_4_0	OCCURRENCE	OBSERVATION	64795dcb-ad74-41b3-95e5-cc52ba754776	GBIF Norway	NO	ca2fd897-6108-4361-91f8-b39dc8d12d13	Ukrainian Nature Conservation Group (NGO)	UA	7f48e0c8-5c96-49ec-b972-30748e339115			673	
7cad31f6-9bbf-434c-a411-14cef4448ff0	Arumatia, a new genus of Diapheromerinae stick insects (Insecta, Phasmatodea) from Brazil, with the description of five new species and a reassessment of species misplaced in Australian genera	10.15468/due2dx	CC0_1_0	CHECKLIST		7ce8aef0-9e92-11dc-8738-b8a03c50a862	Plazi.org taxonomic treatments database	CH	a064f300-1bc8-41ea-9364-b864ef4e8938	European Journal of Taxonomy	FR	da44cd31-5901-4687-a106-6d1c7734ee3a			76	29
562dbbf9-be20-4421-bda8-2ab2d49d7dfb	Lepidoptera fauna of the Desniansko-Starohutskyi National Nature Park	10.15468/u2zat7	CC_BY_4_0	OCCURRENCE	OBSERVATION	64795dcb-ad74-41b3-95e5-cc52ba754776	GBIF Norway	NO	ca2fd897-6108-4361-91f8-b39dc8d12d13	Ukrainian Nature Conservation Group (NGO)	UA	7f48e0c8-5c96-49ec-b972-30748e339115			302	
a614cf62-832a-44c4-a9b1-a9e494477425	Fauna of Lepidoptera of the Mykhailivska Tsilyna Nature Reserve	10.15468/qhra9u	CC_BY_4_0	OCCURRENCE	OBSERVATION	64795dcb-ad74-41b3-95e5-cc52ba754776	GBIF Norway	NO	ca2fd897-6108-4361-91f8-b39dc8d12d13	Ukrainian Nature Conservation Group (NGO)	UA	7f48e0c8-5c96-49ec-b972-30748e339115			443	
bda96dc3-956c-43cc-bf0d-3567f948866d	Observations Regelink Ecology and Landscape	10.15468/nknnj2	CC_BY_NC_4_0	OCCURRENCE	OBSERVATION	cace8d10-2646-11d8-a2da-b8a03c50a862	Netherlands Biodiversity Information Facility (NLBIF)	NL	815809f1-e6e6-44df-b3fd-b17a9d87eada	Regelink Ecology & Landscape	NL	0909d601-bda2-42df-9e63-a6d51847ebce			253808	
f519367d-6b9d-411c-b319-99424741e7de	Insect Species Occurrence Data from Multiple Projects Worldwide with Focus on Bees and Wasps in North America	10.15468/6autvb	CC0_1_0	SAMPLING_EVENT	SPECIMEN	c3ad790a-d426-4ac1-8e32-da61f81f0117	United States Geological Survey	US	c3ad790a-d426-4ac1-8e32-da61f81f0117	United States Geological Survey	US	8618c64a-93e0-4300-b546-7249e5148ed2		BIML	586307	
e2c06a4e-512d-436c-8d2f-3de317f32c69	Bhutan: Invertebrate species	10.15468/rjuepc	CC_BY_4_0	CHECKLIST	DERIVED_FROM_OCCURRENCE	fbca90e3-8aed-48b1-84e3-369afbd000ce	GBIF Secretariat	ZZ	dcf2223a-5eae-4977-904c-ebd1819c603d	National Biodiversity Centre	BT	7f48e0c8-5c96-49ec-b972-30748e339115		BIFA5_008	0	3935
95e3edac-01b1-4514-86b6-a779859da335	Pinworms (Nematoda: Thelastomatoidea) from Insects Collected in Mississippi, USA, with description of a new species of Protrellus Cobb, 1920 from the Cockroach Ischnoptera deropeltiformis Brunner von Wattenwyl, 1865 (Blattaria: Ectobiidae)	10.11646/zootaxa.4531.4.7	CC0_1_0	CHECKLIST		7ce8aef0-9e92-11dc-8738-b8a03c50a862	Plazi.org taxonomic treatments database	CH	7ce8aef0-9e92-11dc-8738-b8a03c50a862	Plazi.org taxonomic treatments database	CH	ffb07bec-2d10-492d-9c37-361fe0b79427			0	20
ea6ba28f-024d-4115-a4b0-6aa0c06521fd	Philippine mossy forest stick insects: first record of the genus Otraleus Günther, 1935 in the country, with four new species, and the new genus Capuyanus gen. nov. (Phasmida, Diapheromeridae, Necrosciinae)	10.5852/ejt.2017.265	CC0_1_0	CHECKLIST		7ce8aef0-9e92-11dc-8738-b8a03c50a862	Plazi.org taxonomic treatments database	CH	a064f300-1bc8-41ea-9364-b864ef4e8938	European Journal of Taxonomy	FR	da44cd31-5901-4687-a106-6d1c7734ee3a			30	15
5ee79342-4297-4a26-ab31-cc2a48e6c2ba	Studies on Neotropical Phasmatodea XXIV: Andeocalynda n. gen., a new genus of Andean stick insects, with the descriptions of nine new species from Colombia and Ecuador (Phasmatodea: “ Anareolatae ”: Diapheromeridae: Diapheromerinae)	10.11646/zootaxa.4896.3.1	CC0_1_0	CHECKLIST		7ce8aef0-9e92-11dc-8738-b8a03c50a862	Plazi.org taxonomic treatments database	CH	7ce8aef0-9e92-11dc-8738-b8a03c50a862	Plazi.org taxonomic treatments database	CH	ffb07bec-2d10-492d-9c37-361fe0b79427			0	26
0c5caad0-c5e6-425b-8359-66f1e814cec1	A few problems in the generic nomenclature of insects and amphibians, with recommendations for the publication of new generic nomina in zootaxonomy and comments on taxonomic and nomenclatural databases and websites	10.11646/zootaxa.4237.1.1	CC0_1_0	CHECKLIST		7ce8aef0-9e92-11dc-8738-b8a03c50a862	Plazi.org taxonomic treatments database	CH	7ce8aef0-9e92-11dc-8738-b8a03c50a862	Plazi.org taxonomic treatments database	CH	ffb07bec-2d10-492d-9c37-361fe0b79427			0	6
2ccf651c-2974-4ac5-807c-dd43cb7de973	Records of Insecta species in Ukraine according to some literature and authorized Internet resources	10.15468/bkfd22	CC_BY_4_0	OCCURRENCE		64795dcb-ad74-41b3-95e5-cc52ba754776	GBIF Norway	NO	ca2fd897-6108-4361-91f8-b39dc8d12d13	Ukrainian Nature Conservation Group (NGO)	UA	7f48e0c8-5c96-49ec-b972-30748e339115			26705	
f506ae89-e503-414a-9e4c-fefee5b5a07b	NHMD Amber Collection	10.15468/sh5sry	CC_BY_4_0	OCCURRENCE		2e7df380-8356-4533-bcb3-5459e23c794e	Natural History Museum of Denmark	DK	2e7df380-8356-4533-bcb3-5459e23c794e	Natural History Museum of Denmark	DK	4ddd294f-02b7-4359-ac33-0806a9ca9c6b	8e30b684-6a54-4aba-aa73-66201c2c736e;17abcf75-2f1e-46dd-bf75-a5b21dd02655		64831	
45c58913-d21a-463f-84c3-caa6f0886eaf	Addenda to the insects found in birds’ nests from the Neotropical Region and Neotropical immigrants in the Nearctic Region, with a discussion of the probable transmission mechanism of Ornithocoris toledoi (Hemiptera: Cimicidae)	10.5281/zenodo.211000	CC0_1_0	CHECKLIST		7ce8aef0-9e92-11dc-8738-b8a03c50a862	Plazi.org taxonomic treatments database	CH	7ce8aef0-9e92-11dc-8738-b8a03c50a862	Plazi.org taxonomic treatments database	CH	ffb07bec-2d10-492d-9c37-361fe0b79427			0	29
27e9e069-2862-4183-bcec-1e1a7f74d3e7	Waarnemingen.be - Other insect occurrences in Flanders and the Brussels Capital Region, Belgium	10.15468/vcaflk	CC0_1_0	OCCURRENCE	OBSERVATION	1cd669d0-80ea-11de-a9d0-f1765f95f18b	Research Institute for Nature and Forest (INBO)	BE	4d3ceea8-5699-439d-a899-decac9cbbdac	Natuurpunt	BE	fb11cfe1-ebc3-45af-9159-17d9fddbcdac			27273	
bd65ba8e-803f-4025-900d-c620a8c8ec9d	Insects found in birds’ nests from Argentina. Cyanoliseus patagonus (Vieillot, 1818) [Aves: Psittacidae], with the description of Cyanolicimex patagonicus, gen. n., sp. n., and a key to the genera of Haematosiphoninae (Hemiptera: Cimicidae)	10.5281/zenodo.200077	CC0_1_0	CHECKLIST		7ce8aef0-9e92-11dc-8738-b8a03c50a862	Plazi.org taxonomic treatments database	CH	7ce8aef0-9e92-11dc-8738-b8a03c50a862	Plazi.org taxonomic treatments database	CH	ffb07bec-2d10-492d-9c37-361fe0b79427			0	17
f367501d-f153-4a34-83ac-727a902c6c80	Dermaptera	10.15468/ejmxzy	CC_BY_NC_4_0	OCCURRENCE		5d5e5d82-076c-4e9a-b5b0-c88d1b691a6a	GBIF France	FR	8f9a6e03-a0ee-4a60-a08f-32463f36adeb	Musée des Confluences	FR	da44cd31-5901-4687-a106-6d1c7734ee3a			488	
5d1d9dc5-fca0-42bc-bf46-da5e98e6d9d2	Butterflies (Lepidoptera: Rhopalocera) of the Mykhailivska Tsilyna Nature Reserve (Sumy region, Ukraine)	10.15468/vzzdjz	CC_BY_4_0	OCCURRENCE	OBSERVATION	64795dcb-ad74-41b3-95e5-cc52ba754776	GBIF Norway	NO	ca2fd897-6108-4361-91f8-b39dc8d12d13	Ukrainian Nature Conservation Group (NGO)	UA	7f48e0c8-5c96-49ec-b972-30748e339115			133	
f7afff43-5d4c-40e1-b75d-51f550f02c71	Records of epifauna of freshwater invertebrates from Danube Delta region during 2007-2012	10.15468/75wv7p	CC_BY_4_0	SAMPLING_EVENT	OBSERVATION	64795dcb-ad74-41b3-95e5-cc52ba754776	GBIF Norway	NO	ca2fd897-6108-4361-91f8-b39dc8d12d13	Ukrainian Nature Conservation Group (NGO)	UA	7f48e0c8-5c96-49ec-b972-30748e339115			3205	
575a1350-405a-4f5c-bf59-6c241fa30fb0	Records of macrozoobenthos organisms from Sasyk Lagoon during 2008-2017	10.15468/vacugm	CC_BY_4_0	SAMPLING_EVENT	OBSERVATION	64795dcb-ad74-41b3-95e5-cc52ba754776	GBIF Norway	NO	ca2fd897-6108-4361-91f8-b39dc8d12d13	Ukrainian Nature Conservation Group (NGO)	UA	7f48e0c8-5c96-49ec-b972-30748e339115			2504	
b8827d23-dc43-4022-b52e-c1f6eda0a988	Occurrence data of Elateridae housed in the natural history museum collection in Nairobi, Kenya	10.15468/phzzxv	CC_BY_NC_4_0	OCCURRENCE		fd515d3a-b237-42de-bba6-760008580da5	National Museums of Kenya	KE	fd515d3a-b237-42de-bba6-760008580da5	National Museums of Kenya	KE	2a44d626-9f7a-4120-8a7a-4ab5ac15ff2a			3013	
79108e77-a8d7-4562-9427-d5d6c4d7decd	Occurrence of Buprestidae housed at the natural history museum collection in Nairobi, Kenya	10.15468/qbkxvf	CC_BY_NC_4_0	OCCURRENCE		fd515d3a-b237-42de-bba6-760008580da5	National Museums of Kenya	KE	fd515d3a-b237-42de-bba6-760008580da5	National Museums of Kenya	KE	2a44d626-9f7a-4120-8a7a-4ab5ac15ff2a			4280	
dfee93dc-bde0-4581-a023-2648e3e226fb	Pyralidae moths of protected areas of Ukraine	10.15468/vy6ca2	CC_BY_4_0	OCCURRENCE	OBSERVATION	64795dcb-ad74-41b3-95e5-cc52ba754776	GBIF Norway	NO	ca2fd897-6108-4361-91f8-b39dc8d12d13	Ukrainian Nature Conservation Group (NGO)	UA	7f48e0c8-5c96-49ec-b972-30748e339115			440	
6c435bf1-8eab-4787-909b-f8724eb8aa05	Records of Ukrainian Spider wasps (Hymenoptera: Pompilidae)	10.15468/4rxzvr	CC_BY_4_0	OCCURRENCE	OBSERVATION	64795dcb-ad74-41b3-95e5-cc52ba754776	GBIF Norway	NO	ca2fd897-6108-4361-91f8-b39dc8d12d13	Ukrainian Nature Conservation Group (NGO)	UA	7f48e0c8-5c96-49ec-b972-30748e339115			256	
f4cc78fc-686c-426b-b119-a1967fbf16f2	Findings of macrozoobenthos organisms in Chernobyl Exclusion Zone in summer 2021	10.15468/cn6c63	CC_BY_4_0	SAMPLING_EVENT		64795dcb-ad74-41b3-95e5-cc52ba754776	GBIF Norway	NO	ca2fd897-6108-4361-91f8-b39dc8d12d13	Ukrainian Nature Conservation Group (NGO)	UA	7f48e0c8-5c96-49ec-b972-30748e339115		2020.02/0264	198	
e4f1afcc-3475-4cbd-acd9-c30ee33235a8	Historical records of the beetles (Insecta, Coleoptera) from Ukraine	10.15468/mbwruv	CC_BY_4_0	OCCURRENCE	OBSERVATION	64795dcb-ad74-41b3-95e5-cc52ba754776	GBIF Norway	NO	ca2fd897-6108-4361-91f8-b39dc8d12d13	Ukrainian Nature Conservation Group (NGO)	UA	7f48e0c8-5c96-49ec-b972-30748e339115			0	
3b8eb92e-2967-42a7-9027-2351e6956813	Occurrence of invertebrates from all over Africa in natural history museum collection in Nairobi, Kenya	10.15468/pugvhn	CC0_1_0	OCCURRENCE		fd515d3a-b237-42de-bba6-760008580da5	National Museums of Kenya	KE	fd515d3a-b237-42de-bba6-760008580da5	National Museums of Kenya	KE	2a44d626-9f7a-4120-8a7a-4ab5ac15ff2a		70018 JRS-University of Florida -NMK	7238	
d082997a-e952-49a3-82ea-d05eb5e04a14	Records of Ukrainian Potter wasps, Pollen wasps and Sapygid wasp (Hymenoptera: Eumenidae, Vespidae, Masaridae, Sapygidae)	10.15468/c6wkv3	CC_BY_4_0	OCCURRENCE	OBSERVATION	64795dcb-ad74-41b3-95e5-cc52ba754776	GBIF Norway	NO	ca2fd897-6108-4361-91f8-b39dc8d12d13	Ukrainian Nature Conservation Group (NGO)	UA	7f48e0c8-5c96-49ec-b972-30748e339115			479	
942ca93d-19d8-4bfa-9407-fa3b8a91547e	Beetles from fifty families collected within coniferous forest of the Carpathian National Nature Park, Mykulychyn, Tatariv and Yablunytsia, Ivano-Frankivsk region, Ukraine	10.15468/dtvajp	CC_BY_4_0	OCCURRENCE	OBSERVATION	64795dcb-ad74-41b3-95e5-cc52ba754776	GBIF Norway	NO	ca2fd897-6108-4361-91f8-b39dc8d12d13	Ukrainian Nature Conservation Group (NGO)	UA	7f48e0c8-5c96-49ec-b972-30748e339115			1656	
e7cdddda-5144-4bda-a412-9f5615a978df	Lepidoptera fauna of the biological station “Vakalivshchyna” and some locations in the Sumy region of Ukraine	10.15468/2jk4qu	CC_BY_4_0	OCCURRENCE	OBSERVATION	64795dcb-ad74-41b3-95e5-cc52ba754776	GBIF Norway	NO	ca2fd897-6108-4361-91f8-b39dc8d12d13	Ukrainian Nature Conservation Group (NGO)	UA	7f48e0c8-5c96-49ec-b972-30748e339115			1568	
f6b60d99-e108-49c4-9f60-6a345ac1f689	Rove beetles in the fauna of Zakarpattia region of Ukraine according to doctoral thesis of Yuriy A. Bogdanov (1985)	10.15468/nvpygd	CC_BY_4_0	OCCURRENCE	OBSERVATION	64795dcb-ad74-41b3-95e5-cc52ba754776	GBIF Norway	NO	ca2fd897-6108-4361-91f8-b39dc8d12d13	Ukrainian Nature Conservation Group (NGO)	UA	7f48e0c8-5c96-49ec-b972-30748e339115			910	
db1b5f03-6054-47bb-80ee-0223f7ace053	Rove beetles (Coleoptera: Staphylinidae) of coniferous forest of the Carpathian National Nature Park, Mykulychyn, Tatariv and Yablunytsia, Ivano-Frankivsk region, Ukraine	10.15468/9tza27	CC_BY_4_0	OCCURRENCE	OBSERVATION	64795dcb-ad74-41b3-95e5-cc52ba754776	GBIF Norway	NO	ca2fd897-6108-4361-91f8-b39dc8d12d13	Ukrainian Nature Conservation Group (NGO)	UA	7f48e0c8-5c96-49ec-b972-30748e339115			2017	
053ebc25-170f-4995-893d-0d974f00dc02	Some data on the distribution in Ukraine of individual families of beetles (Coleoptera: Byrrhidae, Cerylonidae, Cleridae, Coccinellidae, Dermestidae, Latridiidae, Leiodidae, Melandryidae, Monotomidae, Oedemeridae, Sphindidae, Mycteridae) based on materials from the collection of the State Museum of Nature of V. N. Karazin Kharkiv National University	10.15468/g736ac	CC_BY_4_0	OCCURRENCE	SPECIMEN	64795dcb-ad74-41b3-95e5-cc52ba754776	GBIF Norway	NO	ca2fd897-6108-4361-91f8-b39dc8d12d13	Ukrainian Nature Conservation Group (NGO)	UA	7f48e0c8-5c96-49ec-b972-30748e339115			4001	
fc1b2c73-040f-4556-87df-740db505d4e1	Butterfly Survey at A Rocha Kenya Conservation Centre	10.15468/vqb2zs	CC_BY_4_0	SAMPLING_EVENT		fd515d3a-b237-42de-bba6-760008580da5	National Museums of Kenya	KE	d8d6c888-92e7-4036-9808-fb3812be61e1	A Rocha Kenya	KE	7f48e0c8-5c96-49ec-b972-30748e339115		BID-AF2020-140-REG	25206	
b0049896-b026-49af-945d-1cb5da1f5423	Rove beetles (Coleoptera: Staphylinidae) of primeval beech forest of the Uholsko-Shyrokoluzhansky massif of the Carpathian Biosphere Reserve, Zakarpattia region, Ukraine	10.15468/88bwwg	CC_BY_4_0	OCCURRENCE	OBSERVATION	64795dcb-ad74-41b3-95e5-cc52ba754776	GBIF Norway	NO	ca2fd897-6108-4361-91f8-b39dc8d12d13	Ukrainian Nature Conservation Group (NGO)	UA	7f48e0c8-5c96-49ec-b972-30748e339115			0	
e62702fa-df66-4ff3-bc82-96d490008314	Occurrence of Invertebrates from Gede Ruins National Monument, Gede, Kilifi. Kenya	10.15468/s3r8bb	CC0_1_0	OCCURRENCE		fd515d3a-b237-42de-bba6-760008580da5	National Museums of Kenya	KE	fd515d3a-b237-42de-bba6-760008580da5	National Museums of Kenya	KE	2a44d626-9f7a-4120-8a7a-4ab5ac15ff2a			317	
d7b34b21-4ef7-49c0-940a-fad233654b5b	Typical bugs (Heteroptera) of the Desniansko-Starohutskyi National Nature Park and its vicinities (Seredyno-Budskyi district, Sumy region)	10.15468/4pabk3	CC_BY_4_0	OCCURRENCE	OBSERVATION	64795dcb-ad74-41b3-95e5-cc52ba754776	GBIF Norway	NO	ca2fd897-6108-4361-91f8-b39dc8d12d13	Ukrainian Nature Conservation Group (NGO)	UA	7f48e0c8-5c96-49ec-b972-30748e339115			987	
ef07024d-0d46-49f4-bf2d-2057339c1afb	Records of mantises (Mantodea) within steppe zone of Ukraine	10.15468/ayrvrq	CC_BY_4_0	OCCURRENCE	OBSERVATION	64795dcb-ad74-41b3-95e5-cc52ba754776	GBIF Norway	NO	ca2fd897-6108-4361-91f8-b39dc8d12d13	Ukrainian Nature Conservation Group (NGO)	UA	7f48e0c8-5c96-49ec-b972-30748e339115			581	
60ecbdb9-477d-4e18-bb43-65a56011cd46	A collection of invertebrates from the Arocha Dakatcha Nature Reserve and the surrounding area, 2019-2022	10.15468/yawuer	CC0_1_0	OCCURRENCE		fd515d3a-b237-42de-bba6-760008580da5	National Museums of Kenya	KE	fd515d3a-b237-42de-bba6-760008580da5	National Museums of Kenya	KE	2a44d626-9f7a-4120-8a7a-4ab5ac15ff2a		BID-AF2020-140-REG	1632	
99ea2e7c-49c4-414a-b730-0f1d174804d5	Records of flies from Syrphidae family in Western Ukraine	10.15468/8vkypu	CC_BY_4_0	OCCURRENCE	OBSERVATION	64795dcb-ad74-41b3-95e5-cc52ba754776	GBIF Norway	NO	ca2fd897-6108-4361-91f8-b39dc8d12d13	Ukrainian Nature Conservation Group (NGO)	UA	7f48e0c8-5c96-49ec-b972-30748e339115			2000	
2eafd266-2445-493e-91dc-d654cc908d0d	Records of Ukrainian apoid wasps (Hymenoptera: Crabronidae, Sphecidae)	10.15468/p8a5wx	CC_BY_4_0	OCCURRENCE	OBSERVATION	64795dcb-ad74-41b3-95e5-cc52ba754776	GBIF Norway	NO	ca2fd897-6108-4361-91f8-b39dc8d12d13	Ukrainian Nature Conservation Group (NGO)	UA	7f48e0c8-5c96-49ec-b972-30748e339115			3059	
0fee2c28-9135-49a1-8f49-e5da13c9fab5	List of Lepidoptera of the Kleshnia lake, Luhansk region	10.15468/bebczs	CC_BY_4_0	OCCURRENCE	OBSERVATION	64795dcb-ad74-41b3-95e5-cc52ba754776	GBIF Norway	NO	ca2fd897-6108-4361-91f8-b39dc8d12d13	Ukrainian Nature Conservation Group (NGO)	UA	7f48e0c8-5c96-49ec-b972-30748e339115		09-12-2024	4057	
cf7d6c01-309b-4545-8319-3d53b1e8bfd0	Monarch Watch	10.15468/km9q2b	CC0_1_0	OCCURRENCE		c3ad790a-d426-4ac1-8e32-da61f81f0117	United States Geological Survey	US	c3ad790a-d426-4ac1-8e32-da61f81f0117	United States Geological Survey	US	8618c64a-93e0-4300-b546-7249e5148ed2			363582	
b394cf35-d6d1-4d9d-9d5b-693229207b02	Records of macrozoobenthos organisms in several water bodies of Ukraine during 2007-2021	10.15468/55u65q	CC_BY_4_0	OCCURRENCE		64795dcb-ad74-41b3-95e5-cc52ba754776	GBIF Norway	NO	ca2fd897-6108-4361-91f8-b39dc8d12d13	Ukrainian Nature Conservation Group (NGO)	UA	7f48e0c8-5c96-49ec-b972-30748e339115			844	
c4b401b9-3355-4939-9e9d-7e1fd5ddd986	A collection of invertebrates from within the A Rocha Conservation Centre grounds, Watamu, Kilifi, Kenya	10.15468/zh3vm4	CC0_1_0	OCCURRENCE		fd515d3a-b237-42de-bba6-760008580da5	National Museums of Kenya	KE	fd515d3a-b237-42de-bba6-760008580da5	National Museums of Kenya	KE	2a44d626-9f7a-4120-8a7a-4ab5ac15ff2a		BID-AF2020-140-REG	548	
86800624-a24a-4ca0-bc02-6f628f31c328	Macroinvertebrate records from Central European streams	10.15468/qen9u7	CC_BY_NC_4_0	OCCURRENCE	SPECIMEN	fbca90e3-8aed-48b1-84e3-369afbd000ce	GBIF Secretariat	ZZ	f43b1aac-51b6-482a-aed2-47c397e6c6c6	Department of Hydrobiology, University of Pécs	HU	7f48e0c8-5c96-49ec-b972-30748e339115			1827	
b777c9dd-4e85-4314-9199-38a451d018ec	Annotated list of beetles (Insecta, Coleoptera) in an urban area of the Eastern Andes of Colombia	10.15468/7sfr2c	CC_BY_NC_4_0	METADATA	SPECIMEN	bb922300-7ddb-11de-a300-90ac77aa923f	ZooKeys	BG	03433ccd-5166-4730-94a9-e06ec25d1a72	Check List	BR	7f48e0c8-5c96-49ec-b972-30748e339115		UPTC SGI: 2588	0	
740b0948-40fd-4a7f-9320-b7fbb6828df7	Records of fauna of the territory of Pyriatyn National Nature Park	10.15468/hptjhb	CC_BY_4_0	OCCURRENCE	OBSERVATION	64795dcb-ad74-41b3-95e5-cc52ba754776	GBIF Norway	NO	ca2fd897-6108-4361-91f8-b39dc8d12d13	Ukrainian Nature Conservation Group (NGO)	UA	7f48e0c8-5c96-49ec-b972-30748e339115			13074	
c61f14e7-95fd-4785-8d08-3ea6507c162e	Colecção Entomológica do Museu de História Natural de Maputo	10.15468/j8ikhb	CC_BY_4_0	OCCURRENCE		7d77970a-28ba-43e3-9dc8-de37db3e1894	Herbarium LMA: Agricultural Research Institute of Mozambique	MZ	5e1f6688-3fda-49f1-89e3-f4e895a02f8f	Eduardo Mondlane University Natural History Museum	MZ	7f48e0c8-5c96-49ec-b972-30748e339115		BID-AF2017-0047-NAC	7967	
a684ca81-66f3-4d38-863e-463f79220f03	Northwestern European arthropod life histories and ecological traits	10.15468/75g5z9	CC_BY_NC_4_0	CHECKLIST		37e82b90-1e21-11de-ab90-f72009d2669b	Belgian Biodiversity Platform	BE	05c249d0-dfa0-11d8-b22e-b8a03c50a862	Ghent University	BE	fb11cfe1-ebc3-45af-9159-17d9fddbcdac			0	5115
e0459621-92c2-40ac-9934-72b3b1384dc3	NHMD Entomology Collection	10.15468/nnobcm	CC_BY_4_0	OCCURRENCE		2e7df380-8356-4533-bcb3-5459e23c794e	Natural History Museum of Denmark	DK	2e7df380-8356-4533-bcb3-5459e23c794e	Natural History Museum of Denmark	DK	4ddd294f-02b7-4359-ac33-0806a9ca9c6b	8e30b684-6a54-4aba-aa73-66201c2c736e		201300	
0ef6deac-a11a-4bf8-9a16-163432d152a9	Paisajes sonoros desde tu ventana - Colombia	10.15472/enzm9u	CC_BY_NC_4_0	SAMPLING_EVENT		2a7e3080-28a9-11dd-97cd-b8a03c50a862	Instituto de Investigación de Recursos Biológicos Alexander von Humboldt	CO	2a7e3080-28a9-11dd-97cd-b8a03c50a862	Instituto de Investigación de Recursos Biológicos Alexander von Humboldt	CO	7e865cba-7c46-417b-ade5-97f2cf5b7be0			0	
94687f6b-6723-46a3-90d8-5a06b843291c	Colección de Sonidos Ambientales del Instituto de Investigación de Recursos Biológicos Alexander von Humboldt (IAvH-CSA)	10.15472/scqpmf	CC_BY_NC_4_0	OCCURRENCE		2a7e3080-28a9-11dd-97cd-b8a03c50a862	Instituto de Investigación de Recursos Biológicos Alexander von Humboldt	CO	2a7e3080-28a9-11dd-97cd-b8a03c50a862	Instituto de Investigación de Recursos Biológicos Alexander von Humboldt	CO	7e865cba-7c46-417b-ade5-97f2cf5b7be0			25893	
77ecd330-b09e-11e2-a01d-00145eb45e9a	Insekten Sachsen	10.15468/ops3q2	CC_BY_4_0	OCCURRENCE		c76cf030-2a95-11da-9cc1-b8a03c50a862	Senckenberg	DE	c76cf030-2a95-11da-9cc1-b8a03c50a862	Senckenberg	DE	4f6826f2-4ff6-443d-b966-e6913bd24013			383698	
7ab6653a-c4f4-4611-9aff-2964d56a3a4d	University of North Texas Elm Fork Insect Collection	10.15468/8y9mgp	CC_BY_NC_4_0	OCCURRENCE		96710dc8-fecb-440d-ae3e-c34ae8a9616f	Symbiota Support Hub	US	a8f11d00-f779-4548-8dd4-b598ef6aa1d1	University of North Texas	US	612b5a0b-908b-4b4e-b9bf-ca15dfdc94fa	0479d6b2-a4f4-4307-8346-0b80e8c88c66		7024	
afee6fd5-08fb-45d3-92e3-7b35f0e1b746	Insecta - kleine Ordnungen - SMF	10.15468/bzvxqw	CC_BY_4_0	OCCURRENCE		c76cf030-2a95-11da-9cc1-b8a03c50a862	Senckenberg	DE	c76cf030-2a95-11da-9cc1-b8a03c50a862	Senckenberg	DE	4f6826f2-4ff6-443d-b966-e6913bd24013	17abcf75-2f1e-46dd-bf75-a5b21dd02655		2	
731fc455-2cb9-4d61-82c8-b4079b9452f1	Mandibulata - The National Natural History Collections	10.15468/sks56x	CC_BY_NC_4_0	OCCURRENCE	SPECIMEN	67268f0e-3401-4be5-847b-3752cba6e71c	BioGIS - Israel Biodiversity Website	IL	cb633566-ed21-4684-bcce-df84d0eb4c8a	The National Natural History Collections	IL	7f48e0c8-5c96-49ec-b972-30748e339115			0	
8280ea98-f762-11e1-a439-00145eb45e9a	Collection Insecta fossil - SMF	10.15468/f99eel	CC_BY_4_0	OCCURRENCE		c76cf030-2a95-11da-9cc1-b8a03c50a862	Senckenberg	DE	c76cf030-2a95-11da-9cc1-b8a03c50a862	Senckenberg	DE	4f6826f2-4ff6-443d-b966-e6913bd24013	17abcf75-2f1e-46dd-bf75-a5b21dd02655		2492	
48c5c83b-2029-4b2c-9f48-5e610e6984d6	Royal Ontario Museum - Entomology Collection	10.5886/p69k4g	CC0_1_0	OCCURRENCE	SPECIMEN	ff7bd5db-b724-4932-b496-10ea298851f9	Université de Montréal Biodiversity Centre	CA	ff418020-1d67-11d9-8435-b8a03c50a862	Royal Ontario Museum	CA	8f83fc96-c966-4126-83f7-bf044dc49efa			191589	
9d1e4dc3-31b7-40f1-b765-bd4a321b1335	Håkan Lindberg collection	10.15468/dmeey7	CC_BY_4_0	OCCURRENCE		04fd2e13-6881-4e5c-9dd1-8fdd9ab993c1	Finnish Biodiversity Information Facility	FI	a22ee325-d036-47b5-a29c-fbfc0814b50c	Ostrobothnian Museum	FI	dd514216-5c7c-45f3-910d-797424cb5be6			2429	
dc1c527c-9e05-4eb9-ab75-4774c592beee	2019_mjin_smpl_in_1182	10.15468/ntr8qg	CC0_1_0	OCCURRENCE		657b7bf0-766b-11d9-9f77-b8a03c50a862	Korea Institute of Science and Technology Information	KR	74acb91e-877d-450c-b43d-655e57470a17	Muju Insect Museum	KR	e0a1e772-0177-4800-94b4-2d023fe6cdf4			1182	
84e2f858-3c77-4b17-a33c-4a5d432984ae	2023_nsmk_biodiversity_smpl_in_410	10.15468/nsage7	CC0_1_0	OCCURRENCE	SPECIMEN	eb07eeb0-3db9-11d9-8439-b8a03c50a862	National Science Museum of Korea	KR	eb07eeb0-3db9-11d9-8439-b8a03c50a862	National Science Museum of Korea	KR	e0a1e772-0177-4800-94b4-2d023fe6cdf4			410	
5909c6f0-0ce3-488e-8617-a0ae1d14b243	2023_nsmk_biodiversity_observations_in_2800	10.15468/ts6de4	CC0_1_0	OCCURRENCE	OBSERVATION	eb07eeb0-3db9-11d9-8439-b8a03c50a862	National Science Museum of Korea	KR	eb07eeb0-3db9-11d9-8439-b8a03c50a862	National Science Museum of Korea	KR	e0a1e772-0177-4800-94b4-2d023fe6cdf4			2800	
6b31adc1-8ac1-486c-ad41-4ddcefb92855	2022_nsmk_biodiversity_smpl_in_974	10.15468/3scd7c	CC0_1_0	OCCURRENCE		657b7bf0-766b-11d9-9f77-b8a03c50a862	Korea Institute of Science and Technology Information	KR	eb07eeb0-3db9-11d9-8439-b8a03c50a862	National Science Museum of Korea	KR	e0a1e772-0177-4800-94b4-2d023fe6cdf4			974	
25989281-872f-4822-aea2-f5ceb4335834	2019_nsmk_smpl_in_800	10.15468/6ce6jm	CC0_1_0	OCCURRENCE		657b7bf0-766b-11d9-9f77-b8a03c50a862	Korea Institute of Science and Technology Information	KR	eb07eeb0-3db9-11d9-8439-b8a03c50a862	National Science Museum of Korea	KR	e0a1e772-0177-4800-94b4-2d023fe6cdf4			800	
30d624cf-a91f-47d0-9c55-25de89213e75	2020_nsmk_smpl_in_900	10.15468/6c7nf7	CC0_1_0	OCCURRENCE	SPECIMEN	eb07eeb0-3db9-11d9-8439-b8a03c50a862	National Science Museum of Korea	KR	eb07eeb0-3db9-11d9-8439-b8a03c50a862	National Science Museum of Korea	KR	e0a1e772-0177-4800-94b4-2d023fe6cdf4			900	
5d76f270-320c-4065-b298-45160509a2e2	2017_nsmk_smpl_in	10.15468/xv8e99	CC0_1_0	OCCURRENCE		657b7bf0-766b-11d9-9f77-b8a03c50a862	Korea Institute of Science and Technology Information	KR	eb07eeb0-3db9-11d9-8439-b8a03c50a862	National Science Museum of Korea	KR	e0a1e772-0177-4800-94b4-2d023fe6cdf4			706	
d9f4dda5-44ea-451f-bb38-25f758e1e2c9	2015_nsmk_smpl_in	10.15468/y25pq3	CC0_1_0	OCCURRENCE	SPECIMEN	eb07eeb0-3db9-11d9-8439-b8a03c50a862	National Science Museum of Korea	KR	eb07eeb0-3db9-11d9-8439-b8a03c50a862	National Science Museum of Korea	KR	e0a1e772-0177-4800-94b4-2d023fe6cdf4			700	
f6aa9830-7f34-4a52-8c19-cde31152d7de	2013_nsmk_smpl_in	10.15468/dtsjap	CC0_1_0	OCCURRENCE		657b7bf0-766b-11d9-9f77-b8a03c50a862	Korea Institute of Science and Technology Information	KR	eb07eeb0-3db9-11d9-8439-b8a03c50a862	National Science Museum of Korea	KR	e0a1e772-0177-4800-94b4-2d023fe6cdf4			750	
193c2e82-77c2-40c8-bb44-d0d9517e39d7	2020_nsmk_ypim_biodiversity_in_213	10.15468/z7zu79	CC0_1_0	OCCURRENCE		657b7bf0-766b-11d9-9f77-b8a03c50a862	Korea Institute of Science and Technology Information	KR	eb07eeb0-3db9-11d9-8439-b8a03c50a862	National Science Museum of Korea	KR	e0a1e772-0177-4800-94b4-2d023fe6cdf4			213	
e37d35bf-f79d-443a-a09c-5d9d50da49f9	2018_nsmk_smpl_in	10.15468/47y5rv	CC0_1_0	OCCURRENCE		657b7bf0-766b-11d9-9f77-b8a03c50a862	Korea Institute of Science and Technology Information	KR	eb07eeb0-3db9-11d9-8439-b8a03c50a862	National Science Museum of Korea	KR	e0a1e772-0177-4800-94b4-2d023fe6cdf4			500	
c3fcda80-d4a7-45af-9a55-20a51f2b40a2	2016_nsmk_smpl_in	10.15468/p9zfnc	CC0_1_0	OCCURRENCE		657b7bf0-766b-11d9-9f77-b8a03c50a862	Korea Institute of Science and Technology Information	KR	eb07eeb0-3db9-11d9-8439-b8a03c50a862	National Science Museum of Korea	KR	e0a1e772-0177-4800-94b4-2d023fe6cdf4			1960	
83929475-afaf-4a3a-b257-87231637e31f	2020_hunm_biodiversity_in_3699	10.15468/csujac	CC0_1_0	OCCURRENCE		657b7bf0-766b-11d9-9f77-b8a03c50a862	Korea Institute of Science and Technology Information	KR	02b15320-934e-11dc-8e7d-b8a03c50a862	Hannam University Natural History Museum	KR	e0a1e772-0177-4800-94b4-2d023fe6cdf4			3699	
2b59bcd1-e175-4652-9883-5e50d5238e49	2018_nsmk_biodiversity_in	10.15468/xaw72d	CC0_1_0	OCCURRENCE		657b7bf0-766b-11d9-9f77-b8a03c50a862	Korea Institute of Science and Technology Information	KR	eb07eeb0-3db9-11d9-8439-b8a03c50a862	National Science Museum of Korea	KR	e0a1e772-0177-4800-94b4-2d023fe6cdf4			7291	
6d74e2f5-0735-47d7-a377-1ae2fd1d00fa	2020_nsmk_hunm_biodiversity_in__9429	10.15468/rqvwmd	CC0_1_0	OCCURRENCE		657b7bf0-766b-11d9-9f77-b8a03c50a862	Korea Institute of Science and Technology Information	KR	eb07eeb0-3db9-11d9-8439-b8a03c50a862	National Science Museum of Korea	KR	e0a1e772-0177-4800-94b4-2d023fe6cdf4			9429	
467f4414-4a0c-489c-ac9e-dd7107f8be05	2021_nsmk_biodiversity_in_13400	10.15468/5kvwgz	CC0_1_0	OCCURRENCE		657b7bf0-766b-11d9-9f77-b8a03c50a862	Korea Institute of Science and Technology Information	KR	eb07eeb0-3db9-11d9-8439-b8a03c50a862	National Science Museum of Korea	KR	e0a1e772-0177-4800-94b4-2d023fe6cdf4			13400	
e66992e4-10ea-4413-b9f5-a10fc40d5bd6	2019_nsmk_biodiversity_in_17173	10.15468/5vu4jc	CC0_1_0	OCCURRENCE		657b7bf0-766b-11d9-9f77-b8a03c50a862	Korea Institute of Science and Technology Information	KR	eb07eeb0-3db9-11d9-8439-b8a03c50a862	National Science Museum of Korea	KR	e0a1e772-0177-4800-94b4-2d023fe6cdf4			17173	
864ad655-9365-46c5-81ab-793035ce3ec2	2022_nsmk_biodiversity_observations_in_1776	10.15468/3mgu6w	CC0_1_0	OCCURRENCE		657b7bf0-766b-11d9-9f77-b8a03c50a862	Korea Institute of Science and Technology Information	KR	eb07eeb0-3db9-11d9-8439-b8a03c50a862	National Science Museum of Korea	KR	e0a1e772-0177-4800-94b4-2d023fe6cdf4			1776	
74f082a2-c729-4533-a202-7a2caaa6a148	Spring and early summer aspects of the insect fauna of the Lower Sula National Nature Park	10.15468/7wvfvg	CC_BY_4_0	OCCURRENCE		64795dcb-ad74-41b3-95e5-cc52ba754776	GBIF Norway	NO	ca2fd897-6108-4361-91f8-b39dc8d12d13	Ukrainian Nature Conservation Group (NGO)	UA	7f48e0c8-5c96-49ec-b972-30748e339115			497	
5293f959-3a4c-4845-84c6-635539ad7293	2021_drib_smpl_in_1200	10.15468/k8z3b8	CC0_1_0	OCCURRENCE		657b7bf0-766b-11d9-9f77-b8a03c50a862	Korea Institute of Science and Technology Information	KR	9580ea8f-12b2-471e-9666-720913214008	DASARI Research Institute of BioResources	KR	e0a1e772-0177-4800-94b4-2d023fe6cdf4			1200	
58308400-8f07-4f6c-bf07-6b8feea83872	USMB Insecta	10.15468/m6d42j	CC_BY_NC_4_0	OCCURRENCE	SPECIMEN	17fba53b-3c1b-4689-82e1-4d66ad4f445c	GBIF Poland	PL	41cce8a0-925e-11da-8900-b8a03c50a862	Upper Silesian Museum, Bytom	PL	2618bfdf-e194-4911-a241-80db3107bc51		IMBIO	362927	
e0eb19aa-f73c-4e45-917e-d2d3c157ed92	Orthoptera & Allies: Records for Kent	10.15468/0rtrrm	CC_BY_NC_4_0	OCCURRENCE		07f617d0-c688-11d8-bf62-b8a03c50a862	National Biodiversity Network	GB	2f5fc870-9411-4925-9f72-0020ecc13cdb	Kent & Medway Biological Records Centre	GB	d897a5b9-35ee-4232-94bd-b0bcaac003c2			12662	
96054000-f762-11e1-a439-00145eb45e9a	Insecta collection of Museum of Natural and Environmental History, Shizuoka	10.15468/g61mhn	CC_BY_4_0	OCCURRENCE		4fd82480-ea1c-11da-8db4-b8a03c50a862	National Museum of Nature and Science, Japan	JP	4fd82480-ea1c-11da-8db4-b8a03c50a862	National Museum of Nature and Science, Japan	JP	db5705aa-6a6e-42f1-8942-d77b9f4896ea			123559	
82a7898c-f762-11e1-a439-00145eb45e9a	Arthropod Collection (MHNG-ARTO) of Muséum d'histoire naturelle de la Ville de Genève	10.15468/ugcnvs	CC_BY_NC_4_0	OCCURRENCE		23e067c0-a255-11da-beae-b8a03c50a862	GBIF Swiss Node	CH	9661d20d-86b6-4485-8948-f3c86b022fa7	SwissNatColl	CH	169eb292-376b-4cc6-8e31-9c2c432de0ad			5922	
400f4b97-40ca-49b4-babd-28b8704dda13	"Insecta of the National Park ""Belovezhskaya pushcha"" (Belarus)"	10.15468/8x8dsm	CC_BY_4_0	CHECKLIST		6cb14a23-1f7a-44c2-b1d9-af8d11e9c2b3	The Scientific and Practical Center of the National academy of Sciences of Belarus for Biological Resources	BY	6cb14a23-1f7a-44c2-b1d9-af8d11e9c2b3	The Scientific and Practical Center of the National academy of Sciences of Belarus for Biological Resources	BY	7f48e0c8-5c96-49ec-b972-30748e339115			0	6715
df14ad14-c42d-4527-af3d-204892b6de43	University of Pretoria: Dung Beetles (Coleoptera: Scarabaeidae: Scarabaeinae)	10.15468/bapci6	CC_BY_4_0	OCCURRENCE		c5f7ef70-e233-11d9-a4d6-b8a03c50a862	South African National Biodiversity Institute	ZA	c5f7ef70-e233-11d9-a4d6-b8a03c50a862	South African National Biodiversity Institute	ZA	7190b835-4e86-4b6e-85c1-19cc6677c250			63542	
340984fa-507b-4aa6-b59c-cce1dcee339f	Records from the RHS insect reference collection	10.15468/b7sk69	CC_BY_NC_4_0	OCCURRENCE		07f617d0-c688-11d8-bf62-b8a03c50a862	National Biodiversity Network	GB	f6213f74-d638-4907-a96d-26ca3b5da0c7	Royal Horticultural Society	GB	d897a5b9-35ee-4232-94bd-b0bcaac003c2			14414	
562cafc8-0bd2-495a-bb77-8c1d432149dc	A checklist of Macroinvertebrates of Orogodo River, Delta state	10.15468/xrxz7m	CC_BY_4_0	CHECKLIST		3dc9105b-6792-4d2f-8872-c60dded8ae20	Forestry Research Institute of Nigeria	NG	bdee9e20-df5e-4ef8-a012-53d2e83010e4	University of Lagos	NG	6529bcb5-a542-4fda-be87-54a624515335	2b7c7b4f-4d4f-40d3-94de-c28b6fa054a6	BID-AF2020-022-NAC	0	30
18cc26e0-a0b3-4ea5-865b-9159a5488624	San Diego State University - Terrestrial Arthropods Collection	10.15468/iy22q9	CC0_1_0	OCCURRENCE		96710dc8-fecb-440d-ae3e-c34ae8a9616f	Symbiota Support Hub	US	0fd2e751-26c2-4f67-9bdf-3a8228480eb4	San Diego State University Terrestrial Arthropods Collection	US	8618c64a-93e0-4300-b546-7249e5148ed2	0479d6b2-a4f4-4307-8346-0b80e8c88c66		8852	
290a3aaf-f682-48d0-8757-cfc447c6612c	2023_kbif_joint_survey_insect_specimen_information_knam_764	10.15468/3k4br7	CC0_1_0	OCCURRENCE	SPECIMEN	eb07eeb0-3db9-11d9-8439-b8a03c50a862	National Science Museum of Korea	KR	ce3cfcc0-6d56-11db-a819-b8a03c50a862	Korea National Arboretum (Korea Forest Service)	KR	e0a1e772-0177-4800-94b4-2d023fe6cdf4			764	
8bfacc56-893e-43c6-b586-4e617548dcec	2023_kbif_joint_survey_insect_specimen_information_smnh_108	10.15468/rzfp28	CC0_1_0	OCCURRENCE	SPECIMEN	eb07eeb0-3db9-11d9-8439-b8a03c50a862	National Science Museum of Korea	KR	a2936bd0-b280-11db-b710-b8a03c50a862	Seodaemun Museum of Natural History	KR	e0a1e772-0177-4800-94b4-2d023fe6cdf4			108	
7eaed658-78b6-4fc4-b923-d2558f83ef50	2023_kbif_joint_survey_insect_specimen_information_gnhm_128	10.15468/pgeesa	CC0_1_0	OCCURRENCE	SPECIMEN	eb07eeb0-3db9-11d9-8439-b8a03c50a862	National Science Museum of Korea	KR	d8bca410-a773-11da-95cd-b8a03c50a862	Korean Natural History Museum	KR	e0a1e772-0177-4800-94b4-2d023fe6cdf4			128	
ca4cd3e4-3db6-4aa8-8241-2edae9c5bdf8	2023_kbif_joint_survey_insect_observation_information_nsmk_184	10.15468/aprtgr	CC0_1_0	OCCURRENCE	OBSERVATION	eb07eeb0-3db9-11d9-8439-b8a03c50a862	National Science Museum of Korea	KR	eb07eeb0-3db9-11d9-8439-b8a03c50a862	National Science Museum of Korea	KR	e0a1e772-0177-4800-94b4-2d023fe6cdf4			184	
8902d71f-a393-42d8-ae9d-29dddc1337c0	2023_kbif_joint_survey_insect_observation_information_gnhm_55	10.15468/6yk2xb	CC0_1_0	OCCURRENCE	OBSERVATION	eb07eeb0-3db9-11d9-8439-b8a03c50a862	National Science Museum of Korea	KR	d8bca410-a773-11da-95cd-b8a03c50a862	Korean Natural History Museum	KR	e0a1e772-0177-4800-94b4-2d023fe6cdf4			55	
cc3b1f69-482e-4446-964a-9bbbea66429f	University Of Pretoria: Lacewing Database Project (1911-2015)	10.15468/hdaos3	CC_BY_4_0	OCCURRENCE		c5f7ef70-e233-11d9-a4d6-b8a03c50a862	South African National Biodiversity Institute	ZA	c5f7ef70-e233-11d9-a4d6-b8a03c50a862	South African National Biodiversity Institute	ZA	7190b835-4e86-4b6e-85c1-19cc6677c250			12677	
1262cd60-27fc-475c-9659-c001d3cfc970	Macroinvertebrates of Orogodo River, Delta State, Nigeria	10.15468/9z6mqb	CC_BY_4_0	OCCURRENCE		3dc9105b-6792-4d2f-8872-c60dded8ae20	Forestry Research Institute of Nigeria	NG	bdee9e20-df5e-4ef8-a012-53d2e83010e4	University of Lagos	NG	6529bcb5-a542-4fda-be87-54a624515335	2b7c7b4f-4d4f-40d3-94de-c28b6fa054a6	BID-AF2020-022-NAC	13	
55b34092-8f3c-4398-8583-6ee0d15d26ad	UW Dept. of Ecology Entomological Collection	10.15468/ja6m6k	CC_BY_NC_4_0	OCCURRENCE	SPECIMEN	17fba53b-3c1b-4689-82e1-4d66ad4f445c	GBIF Poland	PL	04665d80-7e5f-11d8-a1a0-b8a03c50a862	University of Warsaw	PL	2618bfdf-e194-4911-a241-80db3107bc51		IMBIO	3365	
22eb997f-9eef-44ce-851d-1c5aeb6ffc2b	Museo Nacional de Historia Natural “Prof. Eugenio de Jesús Marcano” - Colección de Tipos	10.15468/rnx55w	CC_BY_NC_4_0	OCCURRENCE		fbca90e3-8aed-48b1-84e3-369afbd000ce	GBIF Secretariat	ZZ	1d9138d6-2c1c-4129-a5ec-0e7c50cb6f28	"Museo Nacional de Historia Natural ""Prof. Eugenio de Jesús Marcano"""	DO	7f48e0c8-5c96-49ec-b972-30748e339115		BID-CA2020-031-NAC	614	
14f79054-3ad1-4573-81b8-19cefac2f7a1	C.A. Triplehorn Insect Collection (OSUC), Ohio State University	10.15468/sgqujt	CC0_1_0	METADATA		5ffa575c-fcd4-4583-9611-545f67b04316	Museum of Biological Diversity, The Ohio State University	US	5ffa575c-fcd4-4583-9611-545f67b04316	Museum of Biological Diversity, The Ohio State University	US	8618c64a-93e0-4300-b546-7249e5148ed2			0	
4dad826f-09bf-4e4f-bc15-c200dc5ff6d7	2021_kbif_joint_survey_insect_specimen_information_nsmk_649	10.15468/twq5u2	CC0_1_0	OCCURRENCE		657b7bf0-766b-11d9-9f77-b8a03c50a862	Korea Institute of Science and Technology Information	KR	eb07eeb0-3db9-11d9-8439-b8a03c50a862	National Science Museum of Korea	KR	e0a1e772-0177-4800-94b4-2d023fe6cdf4			649	
1e998c9f-338b-4aca-b254-ac9e0c675093	Faunistic and floristic records in Belarusian Polissia in 2017-2018	10.15468/ugvatd	CC_BY_4_0	OCCURRENCE		64795dcb-ad74-41b3-95e5-cc52ba754776	GBIF Norway	NO	ca2fd897-6108-4361-91f8-b39dc8d12d13	Ukrainian Nature Conservation Group (NGO)	UA	7f48e0c8-5c96-49ec-b972-30748e339115			655	
f4162159-0312-4d0c-a37b-b5f8be62f5bd	Faunistic and floristic records in Belarusian Polissia in 2016	10.15468/jgqfej	CC_BY_4_0	OCCURRENCE		64795dcb-ad74-41b3-95e5-cc52ba754776	GBIF Norway	NO	ca2fd897-6108-4361-91f8-b39dc8d12d13	Ukrainian Nature Conservation Group (NGO)	UA	7f48e0c8-5c96-49ec-b972-30748e339115			648	
60cc6581-7564-46ed-9e62-13de3be1ab58	Faunistic and floristic records in the territory of the Pripyatsky National Park and the Lyaskovichi forestry in the Belarusian Polissia in 2022	10.15468/zq8gkf	CC_BY_4_0	OCCURRENCE		64795dcb-ad74-41b3-95e5-cc52ba754776	GBIF Norway	NO	ca2fd897-6108-4361-91f8-b39dc8d12d13	Ukrainian Nature Conservation Group (NGO)	UA	7f48e0c8-5c96-49ec-b972-30748e339115			663	
505a4a0e-9430-4287-a2d3-56e3f659ff1c	Entomological slide collection (Luomus)	10.15468/5sgp2w	CC_BY_4_0	OCCURRENCE		04fd2e13-6881-4e5c-9dd1-8fdd9ab993c1	Finnish Biodiversity Information Facility	FI	39adeab9-6ec9-4c56-801e-7144d0eb630c	Finnish Museum of Natural History - Zoology Unit	FI	dd514216-5c7c-45f3-910d-797424cb5be6			1190	
c2a03902-584a-4338-9ea8-cb0875012e7f	Faunistic and floristic records in the Belarusian Polissia in 2019-2020	10.15468/8uvguv	CC_BY_4_0	OCCURRENCE		64795dcb-ad74-41b3-95e5-cc52ba754776	GBIF Norway	NO	ca2fd897-6108-4361-91f8-b39dc8d12d13	Ukrainian Nature Conservation Group (NGO)	UA	7f48e0c8-5c96-49ec-b972-30748e339115			508	
18d99191-3386-4787-ab1d-95a2e5126558	Animals of Ukrainian Slobozhanshchina and Polissia	10.15468/84cs3r	CC_BY_4_0	OCCURRENCE		64795dcb-ad74-41b3-95e5-cc52ba754776	GBIF Norway	NO	ca2fd897-6108-4361-91f8-b39dc8d12d13	Ukrainian Nature Conservation Group (NGO)	UA	7f48e0c8-5c96-49ec-b972-30748e339115			4979	
6b1f76b1-8948-4b63-85cf-22e437ecfd69	Insect biodiversity data in Support of Sustainable food and feed, Natural History Museum Zimbabwe	10.15468/bbfxyy	CC_BY_NC_4_0	OCCURRENCE		5f2df235-914f-4cc9-b247-08fb981e8b8a	Natural History Museum of Zimbabwe	ZW	5f2df235-914f-4cc9-b247-08fb981e8b8a	Natural History Museum of Zimbabwe	ZW	7f48e0c8-5c96-49ec-b972-30748e339115		BID-AF2020-026-INS	3861	
262f8270-f9c2-4bc6-a562-8ed71c0790e6	Stuart M. Fullerton Collection of Arthropods (UCFC), University of Central Florida	10.15468/kyulwg	CC_BY_4_0	OCCURRENCE		5ffa575c-fcd4-4583-9611-545f67b04316	Museum of Biological Diversity, The Ohio State University	US	5ffa575c-fcd4-4583-9611-545f67b04316	Museum of Biological Diversity, The Ohio State University	US	8618c64a-93e0-4300-b546-7249e5148ed2			564020	
016548cd-4b5e-49cc-81b6-f2a4a09d5ba8	Museo de Insectos, Centro de Investigaciones en Protección de Cultivos (CIPROC), Escuela de Agronomía, Universidad de Costa Rica	10.15468/pq7j4a	CC0_1_0	OCCURRENCE		96710dc8-fecb-440d-ae3e-c34ae8a9616f	Symbiota Support Hub	US	9c5ef2e8-fc4a-4c8e-a0dc-954613a62cd4	Museo de Insectos, Universidad de Costa Rica	CR	3379bb09-1a58-41e7-9c57-e3b66c3eb5a0	0479d6b2-a4f4-4307-8346-0b80e8c88c66		557	
2e44a422-303c-4b66-a42a-632d22aa38bb	Fern spore feeding records of Cuprininae moth (Stathmopodidae) in Tengping, Taiwan	10.15468/xygtn6	CC_BY_4_0	OCCURRENCE		12b1df00-3f75-11d8-aa2d-b8a03c50a862	Taiwan Biodiversity Information Facility (TaiBIF)	TW	949029b7-adc7-48f4-9994-ec59baed1c1c	Institute of Molecular & Cellular Biology, National Tsing Hua University	TW	e1b85abc-61f9-430f-ba79-6813dec53a0f			344	
3c3a032d-0127-46a7-98a6-f9ca659f9099	Occurrence of insect species along Loduare - Golini Road, Ngorongoro Conservation Area, Arusha, Tanzania	10.15468/dwvssh	CC_BY_NC_4_0	OCCURRENCE		fbca90e3-8aed-48b1-84e3-369afbd000ce	GBIF Secretariat	ZZ	a8864fd2-f4f9-40b1-bd9d-a8767e12b9ab	Sokoine University of Agriculture, Department of Ecosystems and Conservation	TZ	abd95ca6-3959-4db9-aaa6-2de1aeecf514		https://www.cfwt.sua.ac.tz/forestrybiology/	796	
786f1b94-2f66-41f8-9550-be8013744d09	New species of Andropromachus (Phasmatodea: Lonchodidae: Necrosciinae: Necrosciini) from Yunnan Province, China	10.3897/bdj.10.e78080	CC_BY_4_0	CHECKLIST		1f27e074-e2c0-4cf2-9b78-731e9f789f00	Pensoft Publishers	BG	750a8724-fa66-4c27-b645-bd58ac5ee010	Biodiversity Data Journal	BG	7f48e0c8-5c96-49ec-b972-30748e339115			2	6
9d875241-2f83-4e52-be03-57329ec7dbe5	J. B. Wallis / R. E. Roughley Museum of Entomology	10.5886/hgagiy	CC_BY_4_0	OCCURRENCE	SPECIMEN	ff7bd5db-b724-4932-b496-10ea298851f9	Université de Montréal Biodiversity Centre	CA	38105fdf-4886-4c2e-9c7c-2bcb091411a5	University of Manitoba	CA	8f83fc96-c966-4126-83f7-bf044dc49efa			306820	
7ae6ce92-f762-11e1-a439-00145eb45e9a	Echigo-Matsunoyama Museum of Natural Science, Usuke Shiga butterfly collection	10.15468/zljwrj	CC_BY_4_0	OCCURRENCE		4fd82480-ea1c-11da-8db4-b8a03c50a862	National Museum of Nature and Science, Japan	JP	4fd82480-ea1c-11da-8db4-b8a03c50a862	National Museum of Nature and Science, Japan	JP	db5705aa-6a6e-42f1-8942-d77b9f4896ea			8732	
b34cd86f-6b46-48cb-9cc1-de4a2c5718e9	Insect Specimens from Trap Nests deployed in Vermont, USA	10.15468/rcj3ah	CC_BY_4_0	SAMPLING_EVENT		b6d09100-919d-4026-b35b-22be3dae7156	Vermont Center for Ecostudies	US	b6d09100-919d-4026-b35b-22be3dae7156	Vermont Center for Ecostudies	US	8618c64a-93e0-4300-b546-7249e5148ed2		VAL	53	
bbaca86c-f703-41fc-800a-fa301c0661fd	Records of flower visitors in Japanese crops	10.15468/he2hm9	CC_BY_NC_4_0	SAMPLING_EVENT		c3367060-856b-11d9-8486-b8a03c50a862	National Institute of Genetics, ROIS	JP	c3367060-856b-11d9-8486-b8a03c50a862	National Institute of Genetics, ROIS	JP	db5705aa-6a6e-42f1-8942-d77b9f4896ea		JPJ006239	6589	
09ed130d-3052-4e3e-a92c-6660344732ac	Alabama Museum of Natural History Insect Specimens (Arctos)	10.15468/agtxsr	CC_BY_NC_4_0	OCCURRENCE	SPECIMEN	2053a639-84c3-4be5-b8bc-96b6d88a976c	VertNet	US	045f6b80-812c-11de-86fd-b8a03c50a862	Alabama Museum of Natural History	US	8618c64a-93e0-4300-b546-7249e5148ed2	1f2c0cbe-40df-43f6-ba07-e76133e78c31		15496	
0ec927cf-325a-4d63-9499-d721c734463a	LACM Entomology Collection	10.15468/kc9hyp	CC0_1_0	OCCURRENCE	SPECIMEN	2053a639-84c3-4be5-b8bc-96b6d88a976c	VertNet	US	493fe050-055d-11d8-b84f-b8a03c50a862	Natural History Museum of Los Angeles County	US	8618c64a-93e0-4300-b546-7249e5148ed2			650449	
565158dd-9feb-40a8-bb50-4830be6bbc5d	Biodiversity of the Api Nampa Conservation Area	10.15468/dwfn89	CC_BY_4_0	CHECKLIST		d33a9c4e-e33c-4311-a2fe-88dbdff7b4b9	International Centre for Integrated Mountain Development	ZZ	d33a9c4e-e33c-4311-a2fe-88dbdff7b4b9	International Centre for Integrated Mountain Development	ZZ	b35cf8f1-748d-467a-adca-4f9170f20a4e			0	1689
3658ba15-172d-459c-94ab-d565f6550dad	University of Alaska Anchorage Insect Specimens (Arctos)	10.15468/ahk383	CC_BY_NC_4_0	OCCURRENCE	SPECIMEN	2053a639-84c3-4be5-b8bc-96b6d88a976c	VertNet	US	905490f9-0ac6-49bd-ae11-eb43346bfc4a	Alaska Center for Conservation Science	US	8618c64a-93e0-4300-b546-7249e5148ed2	1f2c0cbe-40df-43f6-ba07-e76133e78c31		3703	
427a6290-0c65-11dd-84d2-b8a03c50a862	Lund University Biological Museum - Zoological collections (MZLU)	10.15468/mw39rb	CC_BY_NC_4_0	OCCURRENCE	SPECIMEN	4c415e40-1e21-11de-9e40-a0d6ecebb8bf	GBIF-Sweden	SE	c0758a16-296b-4ec3-97fd-8a057d9060f3	Lund University Biological Museum	SE	a0b3be64-6525-4387-ac67-a499950f92e1	17abcf75-2f1e-46dd-bf75-a5b21dd02655;99d66b6c-9087-452f-a9d4-f15f2c2d0e7e		271768	
80ebe7f9-00ee-4fe3-80f6-303729cf5bac	UAM Invertebrate Collection (Arctos)	10.15468/wrvy1y	CC_BY_4_0	OCCURRENCE	SPECIMEN	2053a639-84c3-4be5-b8bc-96b6d88a976c	VertNet	US	d9699a79-4736-45c2-925c-f4033ac67d52	University of Alaska Museum of the North	US	8618c64a-93e0-4300-b546-7249e5148ed2	1f2c0cbe-40df-43f6-ba07-e76133e78c31		40596	
efc3aee4-0153-4a6a-9815-4e1bb51f786a	Collection entomologique de l'Université Laval (ULQC)	10.5886/bxbpry	CC0_1_0	OCCURRENCE		ff7bd5db-b724-4932-b496-10ea298851f9	Université de Montréal Biodiversity Centre	CA	b52e9a80-8cb7-4d37-9324-46032fd69237	Université Laval	CA	8f83fc96-c966-4126-83f7-bf044dc49efa			5471	
daacabac-ad95-4e0a-b56c-814698e5f66b	Mantodea	10.5281/zenodo.291300	CC0_1_0	CHECKLIST		7ce8aef0-9e92-11dc-8738-b8a03c50a862	Plazi.org taxonomic treatments database	CH	7ce8aef0-9e92-11dc-8738-b8a03c50a862	Plazi.org taxonomic treatments database	CH	ffb07bec-2d10-492d-9c37-361fe0b79427			0	16
7931dcab-94f1-46ce-8092-56e4335423de	Field Museum of Natural History (Zoology) Insect, Arachnid and Myriapod Collection	10.15468/0ywfpc	CC0_1_0	OCCURRENCE	SPECIMEN	7b8aff00-a9f8-11d8-944b-b8a03c50a862	Field Museum	US	7b8aff00-a9f8-11d8-944b-b8a03c50a862	Field Museum	US	8618c64a-93e0-4300-b546-7249e5148ed2			478932	
ec4038fb-cb53-4ddb-96a3-f1c395f97584	Malawi-Noctuidae-Biodiversity	10.15468/vtfjxj	CC_BY_NC_4_0	OCCURRENCE		b43aa701-bc51-40a4-9f6c-b37e41d0e660	National Commission for Science and Technology (NCST)	MW	680699a5-43a7-46d7-9ca4-90c41dc1d47a	The Department of Museums and Monuments	MW	2a42e4d7-ad4a-41b3-84c4-de4aa7b74d35		African Biodiversity Challenge 2018	1193	
84a80b12-f762-11e1-a439-00145eb45e9a	New Brunswick Museum - Birds	10.15468/t0gnxy	CC_BY_NC_4_0	OCCURRENCE		96710dc8-fecb-440d-ae3e-c34ae8a9616f	Symbiota Support Hub	US	9c7737c0-359c-11da-9a82-b8a03c50a862	New Brunswick Museum	CA	8f83fc96-c966-4126-83f7-bf044dc49efa	0479d6b2-a4f4-4307-8346-0b80e8c88c66		24428	
23264cb3-b606-475d-81fb-5f22de3c2368	Tidlig oppdagelse og varsling av fremmede arter 2020	10.15468/t6ywb3	CC_BY_4_0	OCCURRENCE	OBSERVATION	46fec380-8e1d-11dd-8679-b8a03c50a862	Norwegian Institute for Nature Research	NO	46fec380-8e1d-11dd-8679-b8a03c50a862	Norwegian Institute for Nature Research	NO	4f829580-180d-46a9-9c87-ed8ec959b545	379a0de5-f377-4661-9a30-33dd844e7b9a	Tidlig_oppdagelse 	1847	
b73024da-c88c-47ba-9d98-705f386f453e	Insecta (Hymenoptera, Hemiptera, Coleoptera) of biological reserve of republican significance Podsady, Minsk region, Belarus	10.15468/5ya57x	CC_BY_4_0	OCCURRENCE		6cb14a23-1f7a-44c2-b1d9-af8d11e9c2b3	The Scientific and Practical Center of the National academy of Sciences of Belarus for Biological Resources	BY	6cb14a23-1f7a-44c2-b1d9-af8d11e9c2b3	The Scientific and Practical Center of the National academy of Sciences of Belarus for Biological Resources	BY	7f48e0c8-5c96-49ec-b972-30748e339115		CESP2020-015	67	
1dfa0f87-0d4f-47d3-b4af-4881c6a78172	2021_kbif_joint_survey_insect_observation_information_457	10.15468/zfqnrc	CC0_1_0	OCCURRENCE	OBSERVATION	eb07eeb0-3db9-11d9-8439-b8a03c50a862	National Science Museum of Korea	KR	eb07eeb0-3db9-11d9-8439-b8a03c50a862	National Science Museum of Korea	KR	e0a1e772-0177-4800-94b4-2d023fe6cdf4			457	
7e225289-7c61-498a-bbcc-9995685b9abc	Conopidae of Ireland	10.15468/zkazip	CC_BY_4_0	OCCURRENCE		d2b97690-bfd6-11de-b279-d52977ace833	National Biodiversity Data Centre	IE	d2b97690-bfd6-11de-b279-d52977ace833	National Biodiversity Data Centre	IE	422b00b2-6c94-4bb6-976b-c359916efdb8			499	
035fd72d-a130-4fd0-bde2-67cadfa2da90	New Brunswick Museum - General Invertebrates	10.15468/69kfje	CC_BY_NC_4_0	OCCURRENCE		96710dc8-fecb-440d-ae3e-c34ae8a9616f	Symbiota Support Hub	US	9c7737c0-359c-11da-9a82-b8a03c50a862	New Brunswick Museum	CA	8f83fc96-c966-4126-83f7-bf044dc49efa	0479d6b2-a4f4-4307-8346-0b80e8c88c66		4881	
df9ab209-c683-40b9-9862-878ef3192965	2024_snc_observation_bioblitz_896	10.15468/gr6mdp	CC_BY_NC_4_0	OCCURRENCE		eb07eeb0-3db9-11d9-8439-b8a03c50a862	National Science Museum of Korea	KR	b208e6c0-16e1-4a11-81b2-d37caa8d5941	Seongnam City Hall	KR	e0a1e772-0177-4800-94b4-2d023fe6cdf4			895	
9b2056ec-f71b-4ff8-b642-e7aed6aa0eeb	Isoptera of Guam	10.5281/zenodo.5160243	CC0_1_0	CHECKLIST		7ce8aef0-9e92-11dc-8738-b8a03c50a862	Plazi.org taxonomic treatments database	CH	7ce8aef0-9e92-11dc-8738-b8a03c50a862	Plazi.org taxonomic treatments database	CH	ffb07bec-2d10-492d-9c37-361fe0b79427			11	16
07143570-9ca4-4a06-8509-8726aca0067b	Records of Oecanthus species (Orthoptera: Oecanthidae) in the Madeira archipelago	10.15468/x4nd5w	CC_BY_4_0	OCCURRENCE	SPECIMEN	cdcc4ce1-7f6e-4ed2-b47c-eb451925b038	Instituto Superior de Agronomia / Universidade de Lisboa	PT	a12c3c64-8070-4cc5-92c3-9f20bd02e9c4	University of Madeira	PT	673f7038-4262-4149-b753-5658a4e912f6			27	
30481570-92ba-4ab0-ac6d-5ca34d1f00a4	Reptiles, amphibians and other animals in the areas of Prysyvaska village territorial community (2021)	10.15468/phxtzv	CC_BY_4_0	OCCURRENCE		64795dcb-ad74-41b3-95e5-cc52ba754776	GBIF Norway	NO	ca2fd897-6108-4361-91f8-b39dc8d12d13	Ukrainian Nature Conservation Group (NGO)	UA	7f48e0c8-5c96-49ec-b972-30748e339115			691	
39df870d-a03d-434a-a30f-c21f82f2bcba	Tidlig oppdagelse og varsling av fremmede arter 2021	10.15468/a5atmm	CC_BY_4_0	OCCURRENCE	OBSERVATION	46fec380-8e1d-11dd-8679-b8a03c50a862	Norwegian Institute for Nature Research	NO	46fec380-8e1d-11dd-8679-b8a03c50a862	Norwegian Institute for Nature Research	NO	4f829580-180d-46a9-9c87-ed8ec959b545	379a0de5-f377-4661-9a30-33dd844e7b9a	Tidlig_oppdagelse 	2336	
797184fa-5b39-4a0e-8810-fb8e630838fd	Coleoptera, Staphylinidae Of Guam	10.5281/zenodo.5159420	CC0_1_0	CHECKLIST		7ce8aef0-9e92-11dc-8738-b8a03c50a862	Plazi.org taxonomic treatments database	CH	7ce8aef0-9e92-11dc-8738-b8a03c50a862	Plazi.org taxonomic treatments database	CH	ffb07bec-2d10-492d-9c37-361fe0b79427			0	20
2930c6b8-746b-45ac-96c0-1fd19de653bb	Sphingidae Of Guam	10.5281/zenodo.5160080	CC0_1_0	CHECKLIST		7ce8aef0-9e92-11dc-8738-b8a03c50a862	Plazi.org taxonomic treatments database	CH	7ce8aef0-9e92-11dc-8738-b8a03c50a862	Plazi.org taxonomic treatments database	CH	ffb07bec-2d10-492d-9c37-361fe0b79427			0	14
b6a37bbd-95d2-4c5e-8b9e-3fbefd8bd8cd	Woodmeadow Invertebrate Survey 2016	10.15468/1epq4f	CC_BY_NC_4_0	OCCURRENCE		07f617d0-c688-11d8-bf62-b8a03c50a862	National Biodiversity Network	GB	9e7865e9-d867-4f9d-a6bc-90d772fcfe59	Woodmeadow Trust	GB	d897a5b9-35ee-4232-94bd-b0bcaac003c2			2748	
0f973260-8204-4037-bed5-aa064b1036cd	Woodmeadow Invertebrate Survey 2014	10.15468/iqu35i	CC_BY_4_0	OCCURRENCE		07f617d0-c688-11d8-bf62-b8a03c50a862	National Biodiversity Network	GB	9e7865e9-d867-4f9d-a6bc-90d772fcfe59	Woodmeadow Trust	GB	d897a5b9-35ee-4232-94bd-b0bcaac003c2			2343	
09d0d38e-7912-44d1-9187-7f9dfa7bb57d	Woodmeadow Invertebrate Survey 2015	10.15468/zyqxsa	CC_BY_NC_4_0	OCCURRENCE		07f617d0-c688-11d8-bf62-b8a03c50a862	National Biodiversity Network	GB	9e7865e9-d867-4f9d-a6bc-90d772fcfe59	Woodmeadow Trust	GB	d897a5b9-35ee-4232-94bd-b0bcaac003c2			1919	
90339e7e-e883-4877-8a2c-fdda8d271281	Odonata (Insecta) from Different States of North Eastern India	10.5281/zenodo.3516933	CC0_1_0	CHECKLIST		7ce8aef0-9e92-11dc-8738-b8a03c50a862	Plazi.org taxonomic treatments database	CH	7ce8aef0-9e92-11dc-8738-b8a03c50a862	Plazi.org taxonomic treatments database	CH	ffb07bec-2d10-492d-9c37-361fe0b79427			0	63
fc38e9d5-0463-4aab-bb4a-3dc283403920	Qiao jinshaensis (Insecta: Hemiptera: Aphididae), a gall-inducing aphid on Rhus wilsonii Hemsl. (Anacardiacaeae) from Yunnan, China	10.5886/7tlkp7	CC0_1_0	OCCURRENCE	SPECIMEN	ff7bd5db-b724-4932-b496-10ea298851f9	Université de Montréal Biodiversity Centre	CA	fe3a573f-7718-4c72-8e17-516adfde2e7b	Specimen Micropublications	CA	8f83fc96-c966-4126-83f7-bf044dc49efa			28	
38b66f4f-97ce-4458-822b-c6c3dcff3ba7	Membracidae of Guam	10.5281/zenodo.5159743	CC0_1_0	CHECKLIST		7ce8aef0-9e92-11dc-8738-b8a03c50a862	Plazi.org taxonomic treatments database	CH	7ce8aef0-9e92-11dc-8738-b8a03c50a862	Plazi.org taxonomic treatments database	CH	ffb07bec-2d10-492d-9c37-361fe0b79427			0	7
5728a9af-6e4a-46e1-a28e-5e4aa1cb9a6f	Strepsiptera of Guam	10.5281/zenodo.5160090	CC0_1_0	CHECKLIST		7ce8aef0-9e92-11dc-8738-b8a03c50a862	Plazi.org taxonomic treatments database	CH	7ce8aef0-9e92-11dc-8738-b8a03c50a862	Plazi.org taxonomic treatments database	CH	ffb07bec-2d10-492d-9c37-361fe0b79427			2	7
7700299b-eb39-4c24-86fe-2eabb15beda7	Coleoptera Heteromera From Guam	10.5281/zenodo.5159673	CC0_1_0	CHECKLIST		7ce8aef0-9e92-11dc-8738-b8a03c50a862	Plazi.org taxonomic treatments database	CH	7ce8aef0-9e92-11dc-8738-b8a03c50a862	Plazi.org taxonomic treatments database	CH	ffb07bec-2d10-492d-9c37-361fe0b79427			0	37
6dc2872d-cbab-4982-baed-c0969e3e3236	Hymenoptera Formicidae of Guam	10.5281/zenodo.5160270	CC0_1_0	CHECKLIST		7ce8aef0-9e92-11dc-8738-b8a03c50a862	Plazi.org taxonomic treatments database	CH	7ce8aef0-9e92-11dc-8738-b8a03c50a862	Plazi.org taxonomic treatments database	CH	ffb07bec-2d10-492d-9c37-361fe0b79427			0	51
88488cba-2f64-4fbe-a0fa-ca99dd98ae55	Culicidae of Guam	10.5281/zenodo.5173998	CC0_1_0	CHECKLIST		7ce8aef0-9e92-11dc-8738-b8a03c50a862	Plazi.org taxonomic treatments database	CH	7ce8aef0-9e92-11dc-8738-b8a03c50a862	Plazi.org taxonomic treatments database	CH	ffb07bec-2d10-492d-9c37-361fe0b79427			0	12
4b8ded0c-2d13-4692-88bc-11c60ca8c8dd	Aphididae and Aleurodidae Of Guam	10.5281/zenodo.5159809	CC0_1_0	CHECKLIST		7ce8aef0-9e92-11dc-8738-b8a03c50a862	Plazi.org taxonomic treatments database	CH	7ce8aef0-9e92-11dc-8738-b8a03c50a862	Plazi.org taxonomic treatments database	CH	ffb07bec-2d10-492d-9c37-361fe0b79427			0	10
cadac5b6-f94f-4a2c-bf21-9e41c1f153fc	Ciidae of Guam	10.5281/zenodo.5159455	CC0_1_0	CHECKLIST		7ce8aef0-9e92-11dc-8738-b8a03c50a862	Plazi.org taxonomic treatments database	CH	7ce8aef0-9e92-11dc-8738-b8a03c50a862	Plazi.org taxonomic treatments database	CH	ffb07bec-2d10-492d-9c37-361fe0b79427			0	12
25a9c8d4-a695-4a1a-88b1-080201b8e616	Rhipiceridae Of Guam	10.5281/zenodo.5159434	CC0_1_0	CHECKLIST		7ce8aef0-9e92-11dc-8738-b8a03c50a862	Plazi.org taxonomic treatments database	CH	7ce8aef0-9e92-11dc-8738-b8a03c50a862	Plazi.org taxonomic treatments database	CH	ffb07bec-2d10-492d-9c37-361fe0b79427			0	7
356a98ac-1526-4045-ae7f-52d08e753dfb	Bees of Guam	10.5281/zenodo.5160372	CC0_1_0	CHECKLIST		7ce8aef0-9e92-11dc-8738-b8a03c50a862	Plazi.org taxonomic treatments database	CH	7ce8aef0-9e92-11dc-8738-b8a03c50a862	Plazi.org taxonomic treatments database	CH	ffb07bec-2d10-492d-9c37-361fe0b79427			0	19
0f4ee0b0-7d0e-443c-b4c9-0b40ecd08854	Anthribidae Of Guam	10.5281/zenodo.5159835	CC0_1_0	CHECKLIST		7ce8aef0-9e92-11dc-8738-b8a03c50a862	Plazi.org taxonomic treatments database	CH	7ce8aef0-9e92-11dc-8738-b8a03c50a862	Plazi.org taxonomic treatments database	CH	ffb07bec-2d10-492d-9c37-361fe0b79427			0	21
204ef7e8-5ba9-4591-8275-598a53611feb	Psyllidae from Guam	10.5281/zenodo.5159783	CC0_1_0	CHECKLIST		7ce8aef0-9e92-11dc-8738-b8a03c50a862	Plazi.org taxonomic treatments database	CH	7ce8aef0-9e92-11dc-8738-b8a03c50a862	Plazi.org taxonomic treatments database	CH	ffb07bec-2d10-492d-9c37-361fe0b79427			0	20
2eb23bc8-fdf6-422e-afde-a708a845592c	Notes On Some Guam Chalcidoidea	10.5281/zenodo.5173516	CC0_1_0	CHECKLIST		7ce8aef0-9e92-11dc-8738-b8a03c50a862	Plazi.org taxonomic treatments database	CH	7ce8aef0-9e92-11dc-8738-b8a03c50a862	Plazi.org taxonomic treatments database	CH	ffb07bec-2d10-492d-9c37-361fe0b79427			0	91
c79684a6-ca35-4efe-be33-dfe58b5b83df	Barkbeetles of Guam	10.5281/zenodo.5160072	CC0_1_0	CHECKLIST		7ce8aef0-9e92-11dc-8738-b8a03c50a862	Plazi.org taxonomic treatments database	CH	7ce8aef0-9e92-11dc-8738-b8a03c50a862	Plazi.org taxonomic treatments database	CH	ffb07bec-2d10-492d-9c37-361fe0b79427			0	20
10a51aa1-e94c-4198-902b-00fd3f63820b	2023_snc_observation_bioblitz_404	10.15468/m52eqv	CC_BY_NC_4_0	OCCURRENCE		657b7bf0-766b-11d9-9f77-b8a03c50a862	Korea Institute of Science and Technology Information	KR	b208e6c0-16e1-4a11-81b2-d37caa8d5941	Seongnam City Hall	KR	e0a1e772-0177-4800-94b4-2d023fe6cdf4			404	
50ed734c-2b1e-4792-a56b-289d70b967ce	Halictine Bees from Rota Island	10.5281/zenodo.5160456	CC0_1_0	CHECKLIST		7ce8aef0-9e92-11dc-8738-b8a03c50a862	Plazi.org taxonomic treatments database	CH	7ce8aef0-9e92-11dc-8738-b8a03c50a862	Plazi.org taxonomic treatments database	CH	ffb07bec-2d10-492d-9c37-361fe0b79427			5	5
1df399c6-c920-4862-81a3-dd51f0a28471	Wasps of Guam	10.5281/zenodo.5160297	CC0_1_0	CHECKLIST		7ce8aef0-9e92-11dc-8738-b8a03c50a862	Plazi.org taxonomic treatments database	CH	7ce8aef0-9e92-11dc-8738-b8a03c50a862	Plazi.org taxonomic treatments database	CH	ffb07bec-2d10-492d-9c37-361fe0b79427			0	30
9298158c-3c02-4ba2-ab8a-87c7f9c8e70b	Lepidoptera, Butterflies of Guam	10.5281/zenodo.5160043	CC0_1_0	CHECKLIST		7ce8aef0-9e92-11dc-8738-b8a03c50a862	Plazi.org taxonomic treatments database	CH	7ce8aef0-9e92-11dc-8738-b8a03c50a862	Plazi.org taxonomic treatments database	CH	ffb07bec-2d10-492d-9c37-361fe0b79427			154	41
d0309e8b-3179-4162-946c-08cef1c82013	Curculionidae of Guam	10.5281/zenodo.5159964	CC0_1_0	CHECKLIST		7ce8aef0-9e92-11dc-8738-b8a03c50a862	Plazi.org taxonomic treatments database	CH	7ce8aef0-9e92-11dc-8738-b8a03c50a862	Plazi.org taxonomic treatments database	CH	ffb07bec-2d10-492d-9c37-361fe0b79427			0	108
5f279ac2-63c6-4bd8-be9e-0e3d82b73ab2	Miscellaneous Families of Guam Coleoptera	10.5281/zenodo.5167701	CC0_1_0	CHECKLIST		7ce8aef0-9e92-11dc-8738-b8a03c50a862	Plazi.org taxonomic treatments database	CH	7ce8aef0-9e92-11dc-8738-b8a03c50a862	Plazi.org taxonomic treatments database	CH	ffb07bec-2d10-492d-9c37-361fe0b79427			0	213
042051f6-e602-4281-8ac3-d683811f0631	Virginia Polytechnic Institute and State University Insect Collection	10.15468/m2htqa	CC0_1_0	OCCURRENCE		96710dc8-fecb-440d-ae3e-c34ae8a9616f	Symbiota Support Hub	US	5a9d868e-77e2-4efd-ade6-069f66b84a35	Virginia Tech Insect Collection	US	8618c64a-93e0-4300-b546-7249e5148ed2	0479d6b2-a4f4-4307-8346-0b80e8c88c66		17911	
13fdfab7-e281-428d-8c1f-e72eb7398e97	Museum at Texas Tech University Invertebrate Zoology Collection	10.15468/ga4bmd	CC_BY_NC_4_0	OCCURRENCE		96710dc8-fecb-440d-ae3e-c34ae8a9616f	Symbiota Support Hub	US	acac73b0-055d-11d8-b84f-b8a03c50a862	Natural Science Research Laboratory, Museum of Texas Tech University (TTU)	US	8618c64a-93e0-4300-b546-7249e5148ed2	0479d6b2-a4f4-4307-8346-0b80e8c88c66		195251	
30968d94-12c8-48d6-9cc7-1a407f4c5e1b	Select Insect Specimens from Malaise Traps in Orleans County, Vermont, USA	10.15468/fcmzaf	CC_BY_4_0	SAMPLING_EVENT		b6d09100-919d-4026-b35b-22be3dae7156	Vermont Center for Ecostudies	US	b6d09100-919d-4026-b35b-22be3dae7156	Vermont Center for Ecostudies	US	8618c64a-93e0-4300-b546-7249e5148ed2		VAL	924	
c1c17b1b-450f-4bf9-b0b6-881caee00e1d	University of Silesia - Collection of Psylloidea	10.15468/35ehht	CC_BY_NC_4_0	OCCURRENCE	SPECIMEN	17fba53b-3c1b-4689-82e1-4d66ad4f445c	GBIF Poland	PL	4668d6a0-130d-11db-a7d3-b8a03c50a862	University of Silesia in Katowice	PL	2618bfdf-e194-4911-a241-80db3107bc51		IMBIO	1999	
4508bed1-d45d-4a2d-9790-34cc99ee8cce	Entomological Collection (GNM)	10.15468/597vph	CC0_1_0	OCCURRENCE	SPECIMEN	4c415e40-1e21-11de-9e40-a0d6ecebb8bf	GBIF-Sweden	SE	45e5c621-df96-4ea7-bbc6-aa3e53b90bb8	Gothenburg Natural History Museum (GNM)	SE	a0b3be64-6525-4387-ac67-a499950f92e1	17abcf75-2f1e-46dd-bf75-a5b21dd02655		40712	
3484c814-c0f1-453c-8501-50d4846c4ba6	Insectarium de Montréal (IMQC)	10.5886/i6z1vo	CC_BY_NC_4_0	OCCURRENCE		ff7bd5db-b724-4932-b496-10ea298851f9	Université de Montréal Biodiversity Centre	CA	d1596a2e-9c4f-46f7-a859-81d40fb35822	Insectarium de Montréal	CA	4db9cfd2-1191-4b9d-b579-0b68ceabd968			39114	
cbd6479d-ac43-4609-ab60-e69de966ed9c	Homoptera, Cercopidae of Guam	10.5281/zenodo.5159714	CC0_1_0	CHECKLIST		7ce8aef0-9e92-11dc-8738-b8a03c50a862	Plazi.org taxonomic treatments database	CH	7ce8aef0-9e92-11dc-8738-b8a03c50a862	Plazi.org taxonomic treatments database	CH	ffb07bec-2d10-492d-9c37-361fe0b79427			0	10
ddbdc4ea-a921-4961-b58d-4b28fed11e68	Coccidae of Guam	10.5281/zenodo.5164252	CC0_1_0	CHECKLIST		7ce8aef0-9e92-11dc-8738-b8a03c50a862	Plazi.org taxonomic treatments database	CH	7ce8aef0-9e92-11dc-8738-b8a03c50a862	Plazi.org taxonomic treatments database	CH	ffb07bec-2d10-492d-9c37-361fe0b79427			158	75
7f2d2fe5-8875-4048-9191-b6ef16320fdb	New Longicorn Beetles From Guam (Cerambycidae)	10.5281/zenodo.5159791	CC0_1_0	CHECKLIST		7ce8aef0-9e92-11dc-8738-b8a03c50a862	Plazi.org taxonomic treatments database	CH	7ce8aef0-9e92-11dc-8738-b8a03c50a862	Plazi.org taxonomic treatments database	CH	ffb07bec-2d10-492d-9c37-361fe0b79427			0	16
69f3ca43-ed03-4ed1-92c4-58f9bd0eafc1	NEON Invertebrate Voucher Collection at Arizona State University	10.15468/vn96gr	CC_BY_NC_4_0	OCCURRENCE		96710dc8-fecb-440d-ae3e-c34ae8a9616f	Symbiota Support Hub	US	e794e60e-e558-4549-99f8-cfb241cdce24	National Ecological Observatory Network	US	8618c64a-93e0-4300-b546-7249e5148ed2	0479d6b2-a4f4-4307-8346-0b80e8c88c66		570	
397bbcde-bb17-4314-b3be-0873b041cbff	Hymenoptera: Eucoilinae (Cynipoidea)	10.5281/zenodo.268892	CC0_1_0	CHECKLIST		7ce8aef0-9e92-11dc-8738-b8a03c50a862	Plazi.org taxonomic treatments database	CH	7ce8aef0-9e92-11dc-8738-b8a03c50a862	Plazi.org taxonomic treatments database	CH	ffb07bec-2d10-492d-9c37-361fe0b79427			0	33
557bdb7f-b592-4a14-a6a4-ea253697cf9a	Diptera, Tipulidae of Guam	10.5281/zenodo.5174000	CC0_1_0	CHECKLIST		7ce8aef0-9e92-11dc-8738-b8a03c50a862	Plazi.org taxonomic treatments database	CH	7ce8aef0-9e92-11dc-8738-b8a03c50a862	Plazi.org taxonomic treatments database	CH	ffb07bec-2d10-492d-9c37-361fe0b79427			47	25
7b960500-f4a3-4b8f-8b56-440fdc9431c9	SOME MISCELLANEOUS DIPTERA OF GUAM	10.5281/zenodo.5127686	CC0_1_0	CHECKLIST		7ce8aef0-9e92-11dc-8738-b8a03c50a862	Plazi.org taxonomic treatments database	CH	7ce8aef0-9e92-11dc-8738-b8a03c50a862	Plazi.org taxonomic treatments database	CH	ffb07bec-2d10-492d-9c37-361fe0b79427			132	68
6e65e7d3-7a72-4da4-9739-5e3814593490	Ichneumonidae, Evaniidae, And Braconidae Of Guam	10.5281/zenodo.5156759	CC0_1_0	CHECKLIST		7ce8aef0-9e92-11dc-8738-b8a03c50a862	Plazi.org taxonomic treatments database	CH	7ce8aef0-9e92-11dc-8738-b8a03c50a862	Plazi.org taxonomic treatments database	CH	ffb07bec-2d10-492d-9c37-361fe0b79427			114	53
e7ce9dca-1d2b-4aad-8471-7ea2c177da53	Hemiptera Heteroptera of Guam	10.5281/zenodo.5173934	CC0_1_0	CHECKLIST		7ce8aef0-9e92-11dc-8738-b8a03c50a862	Plazi.org taxonomic treatments database	CH	7ce8aef0-9e92-11dc-8738-b8a03c50a862	Plazi.org taxonomic treatments database	CH	ffb07bec-2d10-492d-9c37-361fe0b79427			0	220
11d04f7a-e744-4ac9-b0af-3cbf68f8cc92	Hymenoptera, New Species Of Guam Chalcidoidea	10.5281/zenodo.5169330	CC0_1_0	CHECKLIST		7ce8aef0-9e92-11dc-8738-b8a03c50a862	Plazi.org taxonomic treatments database	CH	7ce8aef0-9e92-11dc-8738-b8a03c50a862	Plazi.org taxonomic treatments database	CH	ffb07bec-2d10-492d-9c37-361fe0b79427			0	27
8ddfacbb-c42b-4385-b70b-ea5bd759c377	Notes On Some Fulgoroidea Of Guam	10.5281/zenodo.5164064	CC0_1_0	CHECKLIST		7ce8aef0-9e92-11dc-8738-b8a03c50a862	Plazi.org taxonomic treatments database	CH	7ce8aef0-9e92-11dc-8738-b8a03c50a862	Plazi.org taxonomic treatments database	CH	ffb07bec-2d10-492d-9c37-361fe0b79427			0	52
b431e4f7-ac02-4cfa-b6b5-c4280f6aa906	Private insect collection of Kaido Kärner	10.15468/j4w9wf	CC_BY_4_0	METADATA		0870a77b-587c-4369-a8ed-bc3d347b8e1c	PlutoF	EE	0870a77b-587c-4369-a8ed-bc3d347b8e1c	PlutoF	EE	2c11b821-d22b-4c64-8cd3-c1578173b129			0	
beed1b50-8c73-11dc-aaed-b8a03c50a862	Australian National Insect Collection	10.15468/s1hm8r	CC_BY_4_0	OCCURRENCE		3c5e4331-7f2f-4a8d-aa56-81ece7014fc8	Atlas of Living Australia	AU	64bd66c1-e7d3-48d0-9462-488729aed122	Commonwealth Scientific and Industrial Research Organisation	AU	4a6f1b71-969e-4fc5-a693-282b05e1220c			214114	
2e457886-b046-4ed2-8ffe-72def411b8c9	Digital record of specimens, including voucher material, from the study of a pollinator habitat restoration site under a commercial solar array in Jackson County, Oregon, 2019.	10.5399/osu/cat_osac.5.2.4855	CC_BY_NC_4_0	OCCURRENCE		ac5e8480-3714-11da-bc2e-b8a03c50a862	Oregon State University	US	ac5e8480-3714-11da-bc2e-b8a03c50a862	Oregon State University	US	8618c64a-93e0-4300-b546-7249e5148ed2			458	
6fdec60d-937c-48f7-a014-f0dca0e8fa62	Private insect collection of Andro Truuverk	10.15468/xcudeo	CC_BY_4_0	METADATA		0870a77b-587c-4369-a8ed-bc3d347b8e1c	PlutoF	EE	0870a77b-587c-4369-a8ed-bc3d347b8e1c	PlutoF	EE	2c11b821-d22b-4c64-8cd3-c1578173b129			0	
9940af5a-3271-4e6a-ad71-ced986b9a9a5	Entomological Collections (NHRS), Swedish Museum of Natural History (NRM)	10.15468/fpzyjx	CC_BY_4_0	OCCURRENCE	SPECIMEN	4c415e40-1e21-11de-9e40-a0d6ecebb8bf	GBIF-Sweden	SE	6ba9a8cc-513a-4a51-bf93-6f5de8040a96	Swedish Museum of Natural History	SE	a0b3be64-6525-4387-ac67-a499950f92e1	17abcf75-2f1e-46dd-bf75-a5b21dd02655		249144	
13d05d68-bf03-4cfb-b96c-b7017e829854	Elaterid And Eucnemid Beetles Of Guam	10.5281/zenodo.5159555	CC0_1_0	CHECKLIST		7ce8aef0-9e92-11dc-8738-b8a03c50a862	Plazi.org taxonomic treatments database	CH	7ce8aef0-9e92-11dc-8738-b8a03c50a862	Plazi.org taxonomic treatments database	CH	ffb07bec-2d10-492d-9c37-361fe0b79427			0	23
3efb1a4f-0515-49ba-9d61-b7c1b4326613	Some New Species Of Nemocerous Diptera From Guam	10.5281/zenodo.5169292	CC0_1_0	CHECKLIST		7ce8aef0-9e92-11dc-8738-b8a03c50a862	Plazi.org taxonomic treatments database	CH	7ce8aef0-9e92-11dc-8738-b8a03c50a862	Plazi.org taxonomic treatments database	CH	ffb07bec-2d10-492d-9c37-361fe0b79427			0	22
607dcc60-66ea-494e-b613-ee258734404c	Trypetidae, Otitidae, Helomyzidae, And Clusiidae of Guam (Diptera)	10.5281/zenodo.5163626	CC0_1_0	CHECKLIST		7ce8aef0-9e92-11dc-8738-b8a03c50a862	Plazi.org taxonomic treatments database	CH	7ce8aef0-9e92-11dc-8738-b8a03c50a862	Plazi.org taxonomic treatments database	CH	ffb07bec-2d10-492d-9c37-361fe0b79427			0	41
c9232a85-5a09-440a-9ede-102073e7b6f0	ODONATA, DRAGONFLIES OF GUAM	10.5281/zenodo.5159515	CC0_1_0	CHECKLIST		7ce8aef0-9e92-11dc-8738-b8a03c50a862	Plazi.org taxonomic treatments database	CH	7ce8aef0-9e92-11dc-8738-b8a03c50a862	Plazi.org taxonomic treatments database	CH	ffb07bec-2d10-492d-9c37-361fe0b79427			0	28
62345736-dcf6-4c38-a870-36a90992dabb	Homoptera, Fulgoroidea and Jassoidea of Guam	10.5281/zenodo.5174008	CC0_1_0	CHECKLIST		7ce8aef0-9e92-11dc-8738-b8a03c50a862	Plazi.org taxonomic treatments database	CH	7ce8aef0-9e92-11dc-8738-b8a03c50a862	Plazi.org taxonomic treatments database	CH	ffb07bec-2d10-492d-9c37-361fe0b79427			0	83
edaf95d8-2c34-4792-8170-04d7c79a5a89	Tidlig oppdagelse og varsling av fremmede arter 2019	10.15468/nghb6l	CC_BY_4_0	OCCURRENCE	OBSERVATION	46fec380-8e1d-11dd-8679-b8a03c50a862	Norwegian Institute for Nature Research	NO	46fec380-8e1d-11dd-8679-b8a03c50a862	Norwegian Institute for Nature Research	NO	4f829580-180d-46a9-9c87-ed8ec959b545	379a0de5-f377-4661-9a30-33dd844e7b9a	Tidlig_oppdagelse 	3889	
058b438a-ffe3-452b-a286-9267419b3014	Lepidoptera, Geometridae, Arctiidae, Agrotidae, and Pyralidae of Guam	10.5281/zenodo.5165313	CC0_1_0	CHECKLIST		7ce8aef0-9e92-11dc-8738-b8a03c50a862	Plazi.org taxonomic treatments database	CH	7ce8aef0-9e92-11dc-8738-b8a03c50a862	Plazi.org taxonomic treatments database	CH	ffb07bec-2d10-492d-9c37-361fe0b79427			0	144
25d08a6f-2e51-4d1c-a318-d8c84b712a39	Outer Hebrides Insect Records from Literature	10.15468/jdqghc	CC_BY_NC_4_0	OCCURRENCE		07f617d0-c688-11d8-bf62-b8a03c50a862	National Biodiversity Network	GB	3636faf8-c86a-42c5-9bc9-a2d4e6c0c891	Outer Hebrides Biological Recording	GB	d897a5b9-35ee-4232-94bd-b0bcaac003c2			2140	
16f6ef92-619b-417b-946c-22d9b1445e7d	Orthoptera And Related Orders Orthoptera And Related Orders Of Guam	10.5281/zenodo.5160233	CC0_1_0	CHECKLIST		7ce8aef0-9e92-11dc-8738-b8a03c50a862	Plazi.org taxonomic treatments database	CH	7ce8aef0-9e92-11dc-8738-b8a03c50a862	Plazi.org taxonomic treatments database	CH	ffb07bec-2d10-492d-9c37-361fe0b79427			258	66
f0fd1f8f-40e8-4ca3-9828-d6aeae9e1b2f	Taxonomic diversity of true bugs (Hemiptera: Heteroptera) in open biotopes along power lines	10.15468/v5adrf	CC_BY_4_0	OCCURRENCE		6cb14a23-1f7a-44c2-b1d9-af8d11e9c2b3	The Scientific and Practical Center of the National academy of Sciences of Belarus for Biological Resources	BY	6cb14a23-1f7a-44c2-b1d9-af8d11e9c2b3	The Scientific and Practical Center of the National academy of Sciences of Belarus for Biological Resources	BY	7f48e0c8-5c96-49ec-b972-30748e339115		CESP2020-015	70	
4218c051-e33f-4653-bde2-927ea3601441	NZCS Raleighvallen-Voltzberg Monitoring 1997/1998/2000/2009	10.15468/pl01s2	CC_BY_NC_4_0	OCCURRENCE		fbca90e3-8aed-48b1-84e3-369afbd000ce	GBIF Secretariat	ZZ	6e5e2c90-092d-4d38-95de-23a5d293e3e7	National Zoological Collection of Suriname (NZCS)	SR	7f48e0c8-5c96-49ec-b972-30748e339115		BID-CA2016-0006-REG	8	
86507019-bffe-401e-b93e-0516543bbea3	Herpetofauna and other animals registered within Rzhyshchiv city amalgamated territorieal community (CATC) (Kyiv region) in 2021	10.15468/3sptr2	CC_BY_4_0	OCCURRENCE		64795dcb-ad74-41b3-95e5-cc52ba754776	GBIF Norway	NO	ca2fd897-6108-4361-91f8-b39dc8d12d13	Ukrainian Nature Conservation Group (NGO)	UA	7f48e0c8-5c96-49ec-b972-30748e339115			158	
b6d7bb5c-3394-47cf-b384-dc727a152bbe	Three new species of spiders of the family Liocranidae (Arachnida: Araneae) from China	10.1080/00305316.2013.811021	CC0_1_0	CHECKLIST		7ce8aef0-9e92-11dc-8738-b8a03c50a862	Plazi.org taxonomic treatments database	CH	7ce8aef0-9e92-11dc-8738-b8a03c50a862	Plazi.org taxonomic treatments database	CH	ffb07bec-2d10-492d-9c37-361fe0b79427			0	11
9c8d5683-76c1-4938-aede-b7ad5391b6b2	Thysanoptera: Thrips of Guam	10.5281/zenodo.3634035	CC0_1_0	CHECKLIST		7ce8aef0-9e92-11dc-8738-b8a03c50a862	Plazi.org taxonomic treatments database	CH	7ce8aef0-9e92-11dc-8738-b8a03c50a862	Plazi.org taxonomic treatments database	CH	ffb07bec-2d10-492d-9c37-361fe0b79427			62	52
34059df6-d97a-421e-9ced-24c22875edd8	Hinesburg Town Forest Insect Surveys 2012	10.15468/y6kmea	CC_BY_NC_4_0	OCCURRENCE		b6d09100-919d-4026-b35b-22be3dae7156	Vermont Center for Ecostudies	US	b6d09100-919d-4026-b35b-22be3dae7156	Vermont Center for Ecostudies	US	8618c64a-93e0-4300-b546-7249e5148ed2			123	
04daaaf2-0d57-414d-8656-28c0137b638a	New Mexico Museum of Natural History and Science (NMMNHS) Insect specimens (Arctos)	10.15468/rucdm8	CC0_1_0	OCCURRENCE	SPECIMEN	2053a639-84c3-4be5-b8bc-96b6d88a976c	VertNet	US	ac1a4340-812c-11de-86fe-b8a03c50a862	New Mexico Museum of Natural History and Science	US	8618c64a-93e0-4300-b546-7249e5148ed2	1f2c0cbe-40df-43f6-ba07-e76133e78c31		9317	
1baa2c29-e247-4158-8cd4-05b72db1dd4e	Early detection of alien arthropod species in Norway	10.15468/qruq6d	CC_BY_4_0	SAMPLING_EVENT		46fec380-8e1d-11dd-8679-b8a03c50a862	Norwegian Institute for Nature Research	NO	46fec380-8e1d-11dd-8679-b8a03c50a862	Norwegian Institute for Nature Research	NO	4f829580-180d-46a9-9c87-ed8ec959b545	379a0de5-f377-4661-9a30-33dd844e7b9a		93284	
99879edf-12a5-4a9f-93a1-9b24f1f4994c	A new species of the genus Cyclopelta (Hemiptera: Dinidoridae) from Thailand, with a key to its Oriental species	10.15468/xrkx8s	CC0_1_0	CHECKLIST		7ce8aef0-9e92-11dc-8738-b8a03c50a862	Plazi.org taxonomic treatments database	CH	7ce8aef0-9e92-11dc-8738-b8a03c50a862	Plazi.org taxonomic treatments database	CH	ffb07bec-2d10-492d-9c37-361fe0b79427			4	8
b824056d-abea-41a2-9f34-c73483a4243f	Collembola from the Gypsum Karst of Sorbas (Almería, Spain), with Descriptions of Three New Species	10.15468/b5yddk	CC0_1_0	CHECKLIST		7ce8aef0-9e92-11dc-8738-b8a03c50a862	Plazi.org taxonomic treatments database	CH	7ce8aef0-9e92-11dc-8738-b8a03c50a862	Plazi.org taxonomic treatments database	CH	ffb07bec-2d10-492d-9c37-361fe0b79427			596	16
8092be2b-7d33-4d60-9479-aef3375368bb	Woodmeadow Invertebrate Survey 2018	10.15468/f4n4wf	CC_BY_NC_4_0	OCCURRENCE		07f617d0-c688-11d8-bf62-b8a03c50a862	National Biodiversity Network	GB	9e7865e9-d867-4f9d-a6bc-90d772fcfe59	Woodmeadow Trust	GB	d897a5b9-35ee-4232-94bd-b0bcaac003c2			1253	
abbab93b-ab81-47f4-b825-85bbbc210e94	Woodmeadow Invertebrate Survey 2017	10.15468/14uuhu	CC_BY_NC_4_0	OCCURRENCE		07f617d0-c688-11d8-bf62-b8a03c50a862	National Biodiversity Network	GB	9e7865e9-d867-4f9d-a6bc-90d772fcfe59	Woodmeadow Trust	GB	d897a5b9-35ee-4232-94bd-b0bcaac003c2			3482	
c7919f38-10fd-4806-81e2-4e81135b6af0	HBRG Other Invertebrates Dataset	10.15468/r780rb	CC_BY_4_0	OCCURRENCE		07f617d0-c688-11d8-bf62-b8a03c50a862	National Biodiversity Network	GB	13dba6c4-e112-473d-a827-850256bf53c6	Highland Biological Recording Group	GB	d897a5b9-35ee-4232-94bd-b0bcaac003c2			13105	
6b04dc98-33a7-4a8f-8109-850cb768d68b	Bonaire Estafette Expedition 2022/2023  - Orthopteroids	10.15468/kmrcv4	CC0_1_0	OCCURRENCE		cace8d10-2646-11d8-a2da-b8a03c50a862	Netherlands Biodiversity Information Facility (NLBIF)	NL	396d5f30-dea9-11db-8ab4-b8a03c50a862	Naturalis Biodiversity Center	NL	0909d601-bda2-42df-9e63-a6d51847ebce			857	
4adff4fe-f705-4e75-92a4-1506be08f984	DINA Dataset University of Kassel	10.3897/mbmg.6.85213	CC_BY_4_0	SAMPLING_EVENT		6e1cad80-bdf5-11d8-84ea-b8a03c50a862	Leibniz Institute for the Analysis of Biodiversity Change (LIB)	DE	6e1cad80-bdf5-11d8-84ea-b8a03c50a862	Leibniz Institute for the Analysis of Biodiversity Change (LIB)	DE	4f6826f2-4ff6-443d-b966-e6913bd24013		DINA	6674	
95ed873a-f762-11e1-a439-00145eb45e9a	Invertebrate collection of Jyväskylä University Museum	10.15468/55lrhm	CC_BY_4_0	OCCURRENCE	SPECIMEN	04fd2e13-6881-4e5c-9dd1-8fdd9ab993c1	Finnish Biodiversity Information Facility	FI	ff3a2000-b2ac-11db-b710-b8a03c50a862	Jyväskylä University Museum	FI	dd514216-5c7c-45f3-910d-797424cb5be6	17abcf75-2f1e-46dd-bf75-a5b21dd02655		42428	
f2f64e7f-2a4d-439c-bca2-e668d89c5165	Fauna of Hemiptera (Insecta) in the Republic of Mordovia	10.15468/j6jyg3	CC_BY_4_0	OCCURRENCE		fcb15579-e732-4e2d-aa74-796787ef8c27	Institute of Mathematical Problems of Biology RAS – the Branch of Keldysh Institute of Applied Mathematics of Russian Academy of Sciences	RU	ab1c1790-d067-4363-a573-d3e7f43892b0	"Joint Directorate of the Mordovia State Nature Reserve and National Park ""Smolny"""	RU	7f48e0c8-5c96-49ec-b972-30748e339115			2742	
44d0d189-a7f4-4a66-ac68-3b630b44b823	New Records and Updated Checklist of the Pentatomoidea (Hemiptera: Heteroptera) of Greece	10.15468/f3av9s	CC0_1_0	CHECKLIST		7ce8aef0-9e92-11dc-8738-b8a03c50a862	Plazi.org taxonomic treatments database	CH	7ce8aef0-9e92-11dc-8738-b8a03c50a862	Plazi.org taxonomic treatments database	CH	ffb07bec-2d10-492d-9c37-361fe0b79427			1208	149
ce7cbfdf-15cd-4b9b-bc72-5b1633661ecb	Private insect collection of Ain Piir	10.15468/vyeklr	CC_BY_NC_4_0	METADATA		0870a77b-587c-4369-a8ed-bc3d347b8e1c	PlutoF	EE	0870a77b-587c-4369-a8ed-bc3d347b8e1c	PlutoF	EE	2c11b821-d22b-4c64-8cd3-c1578173b129			0	
d85c2d68-ac95-4c54-a452-e260e6d3886d	First record of the ant genus Agraulomyrmex Prins, 1983 (Formicidae: Formicinae) from India, with description of a new species	10.1080/00305316.2021.2023056	CC0_1_0	CHECKLIST		7ce8aef0-9e92-11dc-8738-b8a03c50a862	Plazi.org taxonomic treatments database	CH	7ce8aef0-9e92-11dc-8738-b8a03c50a862	Plazi.org taxonomic treatments database	CH	ffb07bec-2d10-492d-9c37-361fe0b79427			0	8
61bf28a5-29e5-4a58-86d7-3e7ed74ec048	Royal Saskatchewan Museum - Owl Pellet Collection	10.5886/f0xsbu	CC_BY_4_0	OCCURRENCE		ff7bd5db-b724-4932-b496-10ea298851f9	Université de Montréal Biodiversity Centre	CA	39fd7088-af63-4ad5-8d30-479a720a368b	Royal Saskatchewan Museum	CA	8f83fc96-c966-4126-83f7-bf044dc49efa			92822	
32de56e2-db99-4f9a-bc23-54d629013809	Ogasawara DNA barcode database	10.15468/xahaxu	CC_BY_4_0	OCCURRENCE		c3367060-856b-11d9-8486-b8a03c50a862	National Institute of Genetics, ROIS	JP	ec424844-8efc-47ea-a446-60c6ded83cf3	National Institute for Environmental Studies	JP	7f48e0c8-5c96-49ec-b972-30748e339115			50	
92e3db46-7840-483d-a2bc-57f20d37f9ff	Swedish Malaise Trap Project (SMTP) - Bethylidae	10.15468/633y44	CC0_1_0	SAMPLING_EVENT		4c415e40-1e21-11de-9e40-a0d6ecebb8bf	GBIF-Sweden	SE	bee30abf-e3a6-4e4e-b626-7ef57800b027	Station Linné	SE	a0b3be64-6525-4387-ac67-a499950f92e1			9	
f669bf13-3f4c-44d1-83c7-74e3ce35d6c3	Swedish Malaise Trap Project (SMTP) - Banchini	10.15468/h8jaj2	CC0_1_0	SAMPLING_EVENT		4c415e40-1e21-11de-9e40-a0d6ecebb8bf	GBIF-Sweden	SE	bee30abf-e3a6-4e4e-b626-7ef57800b027	Station Linné	SE	a0b3be64-6525-4387-ac67-a499950f92e1			58	
98a4ec0e-9bf6-493b-a1f5-8742c66a462e	Swedish Malaise Trap Project (SMTP) - Aulacigastridae	10.15468/n9qrv4	CC0_1_0	SAMPLING_EVENT		4c415e40-1e21-11de-9e40-a0d6ecebb8bf	GBIF-Sweden	SE	bee30abf-e3a6-4e4e-b626-7ef57800b027	Station Linné	SE	a0b3be64-6525-4387-ac67-a499950f92e1			18	
46c0278b-b6fb-4b6e-aa26-107f29da25d6	Swedish Malaise Trap Project (SMTP) - Asteiidae	10.15468/h8ra7n	CC0_1_0	SAMPLING_EVENT		4c415e40-1e21-11de-9e40-a0d6ecebb8bf	GBIF-Sweden	SE	bee30abf-e3a6-4e4e-b626-7ef57800b027	Station Linné	SE	a0b3be64-6525-4387-ac67-a499950f92e1			65	
aa857862-0e1a-47b3-9d02-0a62c37e5c57	Swedish Malaise Trap Project (SMTP) - Asilidae	10.15468/6d663p	CC0_1_0	SAMPLING_EVENT		4c415e40-1e21-11de-9e40-a0d6ecebb8bf	GBIF-Sweden	SE	bee30abf-e3a6-4e4e-b626-7ef57800b027	Station Linné	SE	a0b3be64-6525-4387-ac67-a499950f92e1			90	
432ad05a-a1e4-4f20-b4bc-9c79fc0c603a	Swedish Malaise Trap Project (SMTP) - Anthomyzidae	10.15468/zhb2jn	CC0_1_0	SAMPLING_EVENT		4c415e40-1e21-11de-9e40-a0d6ecebb8bf	GBIF-Sweden	SE	bee30abf-e3a6-4e4e-b626-7ef57800b027	Station Linné	SE	a0b3be64-6525-4387-ac67-a499950f92e1			147	
9c7c04db-547f-4161-9a5c-3a565429ec30	Swedish Malaise Trap Project (SMTP) - Anomaloninae	10.15468/4smbc7	CC0_1_0	SAMPLING_EVENT		4c415e40-1e21-11de-9e40-a0d6ecebb8bf	GBIF-Sweden	SE	bee30abf-e3a6-4e4e-b626-7ef57800b027	Station Linné	SE	a0b3be64-6525-4387-ac67-a499950f92e1			20	
1ff55956-e56b-447e-9797-4f30a13ba7d5	Swedish Malaise Trap Project (SMTP) - Xoridinae	10.15468/btczj6	CC0_1_0	SAMPLING_EVENT		4c415e40-1e21-11de-9e40-a0d6ecebb8bf	GBIF-Sweden	SE	bee30abf-e3a6-4e4e-b626-7ef57800b027	Station Linné	SE	a0b3be64-6525-4387-ac67-a499950f92e1			72	
5b758296-ca0a-43b7-ae8e-32709cdbbf02	Swedish Malaise Trap Project (SMTP) - Vespinae	10.15468/qck78f	CC0_1_0	SAMPLING_EVENT		4c415e40-1e21-11de-9e40-a0d6ecebb8bf	GBIF-Sweden	SE	bee30abf-e3a6-4e4e-b626-7ef57800b027	Station Linné	SE	a0b3be64-6525-4387-ac67-a499950f92e1			115	
f5988ebf-b7ab-457b-89a5-9e661ab2216c	Swedish Malaise Trap Project (SMTP) - Trixoscelididae	10.15468/7v7ybr	CC0_1_0	SAMPLING_EVENT		4c415e40-1e21-11de-9e40-a0d6ecebb8bf	GBIF-Sweden	SE	bee30abf-e3a6-4e4e-b626-7ef57800b027	Station Linné	SE	a0b3be64-6525-4387-ac67-a499950f92e1			55	
43ed305a-e9e6-46af-9e62-e750a99acb9a	Swedish Malaise Trap Project (SMTP) - Thysanoptera	10.15468/8qm8rd	CC0_1_0	SAMPLING_EVENT		4c415e40-1e21-11de-9e40-a0d6ecebb8bf	GBIF-Sweden	SE	bee30abf-e3a6-4e4e-b626-7ef57800b027	Station Linné	SE	a0b3be64-6525-4387-ac67-a499950f92e1			148	
56c3136f-ecb2-404e-aab4-95e8f127920e	Swedish Malaise Trap Project (SMTP) - Therevidae	10.15468/3n7h7p	CC0_1_0	SAMPLING_EVENT		4c415e40-1e21-11de-9e40-a0d6ecebb8bf	GBIF-Sweden	SE	bee30abf-e3a6-4e4e-b626-7ef57800b027	Station Linné	SE	a0b3be64-6525-4387-ac67-a499950f92e1			16	
a7159cc2-b973-465b-95be-139220afbb01	Swedish Malaise Trap Project (SMTP) - Syrphidae	10.15468/4km26f	CC0_1_0	SAMPLING_EVENT		4c415e40-1e21-11de-9e40-a0d6ecebb8bf	GBIF-Sweden	SE	bee30abf-e3a6-4e4e-b626-7ef57800b027	Station Linné	SE	a0b3be64-6525-4387-ac67-a499950f92e1			79	
e73886a6-15e6-462d-b81e-bafcd858b07e	Swedish Malaise Trap Project (SMTP) - Strepsiptera	10.15468/5ag9hn	CC0_1_0	SAMPLING_EVENT		4c415e40-1e21-11de-9e40-a0d6ecebb8bf	GBIF-Sweden	SE	bee30abf-e3a6-4e4e-b626-7ef57800b027	Station Linné	SE	a0b3be64-6525-4387-ac67-a499950f92e1			108	
12effb89-3275-4fca-ae70-a62ba998ca8b	Swedish Malaise Trap Project (SMTP) - Sphecidae (s lat)	10.15468/bwhfe6	CC0_1_0	SAMPLING_EVENT		4c415e40-1e21-11de-9e40-a0d6ecebb8bf	GBIF-Sweden	SE	bee30abf-e3a6-4e4e-b626-7ef57800b027	Station Linné	SE	a0b3be64-6525-4387-ac67-a499950f92e1			41	
24d3ced7-8ac1-41d9-b9b1-f813c7bdc81e	Swedish Malaise Trap Project (SMTP) - small parasitic aculeate families	10.15468/d8xe2j	CC0_1_0	SAMPLING_EVENT		4c415e40-1e21-11de-9e40-a0d6ecebb8bf	GBIF-Sweden	SE	bee30abf-e3a6-4e4e-b626-7ef57800b027	Station Linné	SE	a0b3be64-6525-4387-ac67-a499950f92e1			48	
8be6ba59-d8bb-4dae-8e67-1224be7af505	Swedish Malaise Trap Project (SMTP) - small Sciaroidea families	10.15468/stg5z9	CC0_1_0	SAMPLING_EVENT		4c415e40-1e21-11de-9e40-a0d6ecebb8bf	GBIF-Sweden	SE	bee30abf-e3a6-4e4e-b626-7ef57800b027	Station Linné	SE	a0b3be64-6525-4387-ac67-a499950f92e1			73	
ac5a2801-784a-43d5-8a14-c2b34bc46973	Swedish Malaise Trap Project (SMTP) - Rogadinae	10.15468/jmn2xn	CC0_1_0	SAMPLING_EVENT		4c415e40-1e21-11de-9e40-a0d6ecebb8bf	GBIF-Sweden	SE	bee30abf-e3a6-4e4e-b626-7ef57800b027	Station Linné	SE	a0b3be64-6525-4387-ac67-a499950f92e1			161	
ed91f33f-2843-44ba-993c-9890219b7fa4	Swedish Malaise Trap Project (SMTP) - Rhyssinae	10.15468/at6azc	CC0_1_0	SAMPLING_EVENT		4c415e40-1e21-11de-9e40-a0d6ecebb8bf	GBIF-Sweden	SE	bee30abf-e3a6-4e4e-b626-7ef57800b027	Station Linné	SE	a0b3be64-6525-4387-ac67-a499950f92e1			4	
db79501e-a326-4f21-bcd4-fa34bc71ce93	Swedish Malaise Trap Project (SMTP) - Poemeniinae	10.15468/kq78ja	CC0_1_0	SAMPLING_EVENT		4c415e40-1e21-11de-9e40-a0d6ecebb8bf	GBIF-Sweden	SE	bee30abf-e3a6-4e4e-b626-7ef57800b027	Station Linné	SE	a0b3be64-6525-4387-ac67-a499950f92e1			49	
8b595b4e-2bab-4bcf-a2fd-208221ad01a5	Swedish Malaise Trap Project (SMTP) - Piophilidae	10.15468/wchd9a	CC0_1_0	SAMPLING_EVENT		4c415e40-1e21-11de-9e40-a0d6ecebb8bf	GBIF-Sweden	SE	bee30abf-e3a6-4e4e-b626-7ef57800b027	Station Linné	SE	a0b3be64-6525-4387-ac67-a499950f92e1			87	
1340fe1d-4bd3-4d13-adc7-791810188679	Swedish Malaise Trap Project (SMTP) - Phrudus group	10.15468/bt7w4p	CC0_1_0	SAMPLING_EVENT		4c415e40-1e21-11de-9e40-a0d6ecebb8bf	GBIF-Sweden	SE	bee30abf-e3a6-4e4e-b626-7ef57800b027	Station Linné	SE	a0b3be64-6525-4387-ac67-a499950f92e1			179	
8f533d4c-4e27-460a-96fa-71c9f818726d	Swedish Malaise Trap Project (SMTP) - Pallopteridae	10.15468/z244v6	CC0_1_0	SAMPLING_EVENT		4c415e40-1e21-11de-9e40-a0d6ecebb8bf	GBIF-Sweden	SE	bee30abf-e3a6-4e4e-b626-7ef57800b027	Station Linné	SE	a0b3be64-6525-4387-ac67-a499950f92e1			90	
76fbd3dc-2ae8-4794-8ef9-ca9b501925d3	Swedish Malaise Trap Project (SMTP) - Pachyneuridae	10.15468/5epjpb	CC0_1_0	SAMPLING_EVENT		4c415e40-1e21-11de-9e40-a0d6ecebb8bf	GBIF-Sweden	SE	bee30abf-e3a6-4e4e-b626-7ef57800b027	Station Linné	SE	a0b3be64-6525-4387-ac67-a499950f92e1			2	
68c73384-cdb9-44da-8305-6fa63a05200a	Swedish Malaise Trap Project (SMTP) - Omphale	10.15468/yvwnpu	CC0_1_0	SAMPLING_EVENT		4c415e40-1e21-11de-9e40-a0d6ecebb8bf	GBIF-Sweden	SE	bee30abf-e3a6-4e4e-b626-7ef57800b027	Station Linné	SE	a0b3be64-6525-4387-ac67-a499950f92e1			81	
63ff531e-8d81-4224-9478-cf2054c38ab1	Swedish Malaise Trap Project (SMTP) - Odonata	10.15468/5gtjxx	CC0_1_0	SAMPLING_EVENT		4c415e40-1e21-11de-9e40-a0d6ecebb8bf	GBIF-Sweden	SE	bee30abf-e3a6-4e4e-b626-7ef57800b027	Station Linné	SE	a0b3be64-6525-4387-ac67-a499950f92e1			70	
25b774ab-600b-4fa7-9ff3-0fdf6cd0c09a	Swedish Malaise Trap Project (SMTP) - Netelia	10.15468/p3r2rb	CC0_1_0	SAMPLING_EVENT		4c415e40-1e21-11de-9e40-a0d6ecebb8bf	GBIF-Sweden	SE	bee30abf-e3a6-4e4e-b626-7ef57800b027	Station Linné	SE	a0b3be64-6525-4387-ac67-a499950f92e1			21	
97f90523-b497-4eda-bc85-605fd247a734	Swedish Malaise Trap Project (SMTP) - Neorhacodes	10.15468/saparq	CC0_1_0	SAMPLING_EVENT		4c415e40-1e21-11de-9e40-a0d6ecebb8bf	GBIF-Sweden	SE	bee30abf-e3a6-4e4e-b626-7ef57800b027	Station Linné	SE	a0b3be64-6525-4387-ac67-a499950f92e1			12	
d24da0b3-aec7-4378-9fd4-2bbfdd352ec2	Swedish Malaise Trap Project (SMTP) - Mymar	10.15468/sdgpvp	CC0_1_0	SAMPLING_EVENT		4c415e40-1e21-11de-9e40-a0d6ecebb8bf	GBIF-Sweden	SE	bee30abf-e3a6-4e4e-b626-7ef57800b027	Station Linné	SE	a0b3be64-6525-4387-ac67-a499950f92e1			7	
8db1e9dd-ccac-4d65-92dd-8d619425a3e4	Swedish Malaise Trap Project (SMTP) - Muscidae	10.15468/s5y2mb	CC0_1_0	SAMPLING_EVENT		4c415e40-1e21-11de-9e40-a0d6ecebb8bf	GBIF-Sweden	SE	bee30abf-e3a6-4e4e-b626-7ef57800b027	Station Linné	SE	a0b3be64-6525-4387-ac67-a499950f92e1			114	
cf67cf66-de6f-40dc-9865-814c9551049b	Swedish Malaise Trap Project (SMTP) - Milichiidae excl Phyllomyza	10.15468/ajpx9r	CC0_1_0	SAMPLING_EVENT		4c415e40-1e21-11de-9e40-a0d6ecebb8bf	GBIF-Sweden	SE	bee30abf-e3a6-4e4e-b626-7ef57800b027	Station Linné	SE	a0b3be64-6525-4387-ac67-a499950f92e1			150	
6ac374fd-3e50-4aa7-adfe-4ed1f1505778	Swedish Malaise Trap Project (SMTP) - Microlepidoptera	10.15468/wxyx7e	CC0_1_0	SAMPLING_EVENT		4c415e40-1e21-11de-9e40-a0d6ecebb8bf	GBIF-Sweden	SE	bee30abf-e3a6-4e4e-b626-7ef57800b027	Station Linné	SE	a0b3be64-6525-4387-ac67-a499950f92e1			177	
6d26de3e-83ea-4a19-a000-8a4e8ce0c4f4	Swedish Malaise Trap Project (SMTP) - Macrolepidoptera	10.15468/55t2ay	CC0_1_0	SAMPLING_EVENT		4c415e40-1e21-11de-9e40-a0d6ecebb8bf	GBIF-Sweden	SE	bee30abf-e3a6-4e4e-b626-7ef57800b027	Station Linné	SE	a0b3be64-6525-4387-ac67-a499950f92e1			184	
eed0fa74-c8a5-4289-9001-d8bd86bed1ff	Swedish Malaise Trap Project (SMTP) - Lonchaeidae	10.15468/8hsehm	CC0_1_0	SAMPLING_EVENT		4c415e40-1e21-11de-9e40-a0d6ecebb8bf	GBIF-Sweden	SE	bee30abf-e3a6-4e4e-b626-7ef57800b027	Station Linné	SE	a0b3be64-6525-4387-ac67-a499950f92e1			172	
e88fd06f-49f9-477c-afd4-7373d0ed2444	Swedish Malaise Trap Project (SMTP) - Lauxaniidae	10.15468/q6653a	CC0_1_0	SAMPLING_EVENT		4c415e40-1e21-11de-9e40-a0d6ecebb8bf	GBIF-Sweden	SE	bee30abf-e3a6-4e4e-b626-7ef57800b027	Station Linné	SE	a0b3be64-6525-4387-ac67-a499950f92e1			97	
3b3c90c6-9eeb-4470-a54e-2b672ae4fa9b	Swedish Malaise Trap Project (SMTP) - Ismaridae	10.15468/zx6dxp	CC0_1_0	SAMPLING_EVENT		4c415e40-1e21-11de-9e40-a0d6ecebb8bf	GBIF-Sweden	SE	bee30abf-e3a6-4e4e-b626-7ef57800b027	Station Linné	SE	a0b3be64-6525-4387-ac67-a499950f92e1			159	
c4f40a22-0e4f-4b27-9ec7-c750604d6dc0	Swedish Malaise Trap Project (SMTP) - Heloridae	10.15468/wkxgbq	CC0_1_0	SAMPLING_EVENT		4c415e40-1e21-11de-9e40-a0d6ecebb8bf	GBIF-Sweden	SE	bee30abf-e3a6-4e4e-b626-7ef57800b027	Station Linné	SE	a0b3be64-6525-4387-ac67-a499950f92e1			136	
b204df9b-71d1-4a82-833a-31915c3c392d	Swedish Malaise Trap Project (SMTP) - Gasteruptiidae, Aulacidae	10.15468/xknzj2	CC0_1_0	SAMPLING_EVENT		4c415e40-1e21-11de-9e40-a0d6ecebb8bf	GBIF-Sweden	SE	bee30abf-e3a6-4e4e-b626-7ef57800b027	Station Linné	SE	a0b3be64-6525-4387-ac67-a499950f92e1			37	
c5a4ec1d-5534-4181-bfec-1a3eb524c791	Swedish Malaise Trap Project (SMTP) - Formicidae	10.15468/hd5npb	CC0_1_0	SAMPLING_EVENT		4c415e40-1e21-11de-9e40-a0d6ecebb8bf	GBIF-Sweden	SE	bee30abf-e3a6-4e4e-b626-7ef57800b027	Station Linné	SE	a0b3be64-6525-4387-ac67-a499950f92e1			39	
ce76f3b3-7114-400f-9386-a27ea2f3f519	Swedish Malaise Trap Project (SMTP) - Evaniidae	10.15468/t2nc3b	CC0_1_0	SAMPLING_EVENT		4c415e40-1e21-11de-9e40-a0d6ecebb8bf	GBIF-Sweden	SE	bee30abf-e3a6-4e4e-b626-7ef57800b027	Station Linné	SE	a0b3be64-6525-4387-ac67-a499950f92e1			102	
705d5876-7a47-4e89-add7-cd85bdd6cfc1	Swedish Malaise Trap Project (SMTP) - Eupelmidae	10.15468/y7ndas	CC0_1_0	SAMPLING_EVENT		4c415e40-1e21-11de-9e40-a0d6ecebb8bf	GBIF-Sweden	SE	bee30abf-e3a6-4e4e-b626-7ef57800b027	Station Linné	SE	a0b3be64-6525-4387-ac67-a499950f92e1			104	
1fcf7a77-ed1a-4ecf-9ebe-887f37ec829e	Swedish Malaise Trap Project (SMTP) - Eumeninae	10.15468/x656zx	CC0_1_0	SAMPLING_EVENT		4c415e40-1e21-11de-9e40-a0d6ecebb8bf	GBIF-Sweden	SE	bee30abf-e3a6-4e4e-b626-7ef57800b027	Station Linné	SE	a0b3be64-6525-4387-ac67-a499950f92e1			43	
4c5d224c-81a1-428b-8fef-3e0e85ba1984	Swedish Malaise Trap Project (SMTP) - Dryomyzidae	10.15468/9s6ktn	CC0_1_0	SAMPLING_EVENT		4c415e40-1e21-11de-9e40-a0d6ecebb8bf	GBIF-Sweden	SE	bee30abf-e3a6-4e4e-b626-7ef57800b027	Station Linné	SE	a0b3be64-6525-4387-ac67-a499950f92e1			17	
0294ccfd-ff43-4bbd-a8de-e1bf9a91e79a	Swedish Malaise Trap Project (SMTP) - Dryinidae, Embolemidae	10.15468/3k4v3x	CC0_1_0	SAMPLING_EVENT		4c415e40-1e21-11de-9e40-a0d6ecebb8bf	GBIF-Sweden	SE	bee30abf-e3a6-4e4e-b626-7ef57800b027	Station Linné	SE	a0b3be64-6525-4387-ac67-a499950f92e1			185	
22df6733-ec71-4ccf-91f4-34465e193591	Swedish Malaise Trap Project (SMTP) - Dixidae	10.15468/u7dd6f	CC0_1_0	SAMPLING_EVENT		4c415e40-1e21-11de-9e40-a0d6ecebb8bf	GBIF-Sweden	SE	bee30abf-e3a6-4e4e-b626-7ef57800b027	Station Linné	SE	a0b3be64-6525-4387-ac67-a499950f92e1			9	
c5ef4e20-62a1-46c9-b398-b5cbe39771d1	Swedish Malaise Trap Project (SMTP) - Diacritinae	10.15468/zycqbx	CC0_1_0	SAMPLING_EVENT		4c415e40-1e21-11de-9e40-a0d6ecebb8bf	GBIF-Sweden	SE	bee30abf-e3a6-4e4e-b626-7ef57800b027	Station Linné	SE	a0b3be64-6525-4387-ac67-a499950f92e1			18	
efb3a6c0-e35b-4b82-9835-8456f38b712b	Swedish Malaise Trap Project (SMTP) - Dermaptera	10.15468/w5xcbu	CC0_1_0	SAMPLING_EVENT		4c415e40-1e21-11de-9e40-a0d6ecebb8bf	GBIF-Sweden	SE	bee30abf-e3a6-4e4e-b626-7ef57800b027	Station Linné	SE	a0b3be64-6525-4387-ac67-a499950f92e1			34	
66248f5f-6739-4c40-bc37-a1f2526daed1	Swedish Malaise Trap Project (SMTP) - Conopidae	10.15468/2denvh	CC0_1_0	SAMPLING_EVENT		4c415e40-1e21-11de-9e40-a0d6ecebb8bf	GBIF-Sweden	SE	bee30abf-e3a6-4e4e-b626-7ef57800b027	Station Linné	SE	a0b3be64-6525-4387-ac67-a499950f92e1			39	
58c6de21-442a-4793-a81a-eb2f72624512	Swedish Malaise Trap Project (SMTP) - Clusiidae	10.15468/2ng6hg	CC0_1_0	SAMPLING_EVENT		4c415e40-1e21-11de-9e40-a0d6ecebb8bf	GBIF-Sweden	SE	bee30abf-e3a6-4e4e-b626-7ef57800b027	Station Linné	SE	a0b3be64-6525-4387-ac67-a499950f92e1			26	
152c3363-4786-487b-9c0f-518e1d07eb82	Swedish Malaise Trap Project (SMTP) - Chrysididae	10.15468/g44yc3	CC0_1_0	SAMPLING_EVENT		4c415e40-1e21-11de-9e40-a0d6ecebb8bf	GBIF-Sweden	SE	bee30abf-e3a6-4e4e-b626-7ef57800b027	Station Linné	SE	a0b3be64-6525-4387-ac67-a499950f92e1			20	
fa65300a-060c-430f-91d0-4b79550f04c4	Swedish Malaise Trap Project (SMTP) - Cheloninae excl Adelius	10.15468/68s836	CC0_1_0	SAMPLING_EVENT		4c415e40-1e21-11de-9e40-a0d6ecebb8bf	GBIF-Sweden	SE	bee30abf-e3a6-4e4e-b626-7ef57800b027	Station Linné	SE	a0b3be64-6525-4387-ac67-a499950f92e1			182	
f1f0b448-ecc7-4235-b6cf-6173342f466a	Swedish Malaise Trap Project (SMTP) - Brachycyrtinae	10.15468/5zhs46	CC0_1_0	SAMPLING_EVENT		4c415e40-1e21-11de-9e40-a0d6ecebb8bf	GBIF-Sweden	SE	bee30abf-e3a6-4e4e-b626-7ef57800b027	Station Linné	SE	a0b3be64-6525-4387-ac67-a499950f92e1			4	
fe1e1577-0883-4e2a-b435-d99451828a15	Swedish Malaise Trap Project (SMTP) - Symphyta	10.15468/fag596	CC0_1_0	SAMPLING_EVENT		4c415e40-1e21-11de-9e40-a0d6ecebb8bf	GBIF-Sweden	SE	bee30abf-e3a6-4e4e-b626-7ef57800b027	Station Linné	SE	a0b3be64-6525-4387-ac67-a499950f92e1			1088	
e267ed2f-3a17-434d-8355-32ff72be12f4	Swedish Malaise Trap Project (SMTP) - Pompilidae	10.15468/62qwjj	CC0_1_0	SAMPLING_EVENT		4c415e40-1e21-11de-9e40-a0d6ecebb8bf	GBIF-Sweden	SE	bee30abf-e3a6-4e4e-b626-7ef57800b027	Station Linné	SE	a0b3be64-6525-4387-ac67-a499950f92e1			1082	
f548a0b0-4473-41aa-b651-0e639f52a4d4	Swedish Malaise Trap Project (SMTP) - Platygastridae (s str)	10.15468/jh6duy	CC0_1_0	SAMPLING_EVENT		4c415e40-1e21-11de-9e40-a0d6ecebb8bf	GBIF-Sweden	SE	bee30abf-e3a6-4e4e-b626-7ef57800b027	Station Linné	SE	a0b3be64-6525-4387-ac67-a499950f92e1			1143	
4551218b-8e33-49ae-aec7-93ccec6f28a8	Swedish Malaise Trap Project (SMTP) - Pimplinae	10.15468/8pu4y5	CC0_1_0	SAMPLING_EVENT		4c415e40-1e21-11de-9e40-a0d6ecebb8bf	GBIF-Sweden	SE	bee30abf-e3a6-4e4e-b626-7ef57800b027	Station Linné	SE	a0b3be64-6525-4387-ac67-a499950f92e1			1030	
3694a677-fd84-4e8f-bc96-7fdacbf0020a	Swedish Malaise Trap Project (SMTP) - Meteorini	10.15468/c5fqds	CC0_1_0	SAMPLING_EVENT		4c415e40-1e21-11de-9e40-a0d6ecebb8bf	GBIF-Sweden	SE	bee30abf-e3a6-4e4e-b626-7ef57800b027	Station Linné	SE	a0b3be64-6525-4387-ac67-a499950f92e1			1322	
47de2276-f18a-4c46-b573-addeb32713f1	Swedish Malaise Trap Project (SMTP) - Drosophilidae	10.15468/9sjvbp	CC0_1_0	SAMPLING_EVENT		4c415e40-1e21-11de-9e40-a0d6ecebb8bf	GBIF-Sweden	SE	bee30abf-e3a6-4e4e-b626-7ef57800b027	Station Linné	SE	a0b3be64-6525-4387-ac67-a499950f92e1			1017	
d2ba3b27-692d-48dc-b010-708e59c5ff59	Swedish Malaise Trap Project (SMTP) - Diplazontinae	10.15468/f9u8kc	CC0_1_0	SAMPLING_EVENT		4c415e40-1e21-11de-9e40-a0d6ecebb8bf	GBIF-Sweden	SE	bee30abf-e3a6-4e4e-b626-7ef57800b027	Station Linné	SE	a0b3be64-6525-4387-ac67-a499950f92e1			1241	
6a2fd7e1-43ea-4eda-8ad2-3d66b3caf61a	Swedish Malaise Trap Project (SMTP) - Heleomyzidae, Odiniidae	10.15468/gm4esc	CC0_1_0	SAMPLING_EVENT		4c415e40-1e21-11de-9e40-a0d6ecebb8bf	GBIF-Sweden	SE	bee30abf-e3a6-4e4e-b626-7ef57800b027	Station Linné	SE	a0b3be64-6525-4387-ac67-a499950f92e1			827	
14ae14f5-a7a5-4393-b45d-e64c80cfc63c	Swedish Malaise Trap Project (SMTP) - Auchenorrhyncha excl Delphacidae	10.15468/b48ufy	CC0_1_0	SAMPLING_EVENT		4c415e40-1e21-11de-9e40-a0d6ecebb8bf	GBIF-Sweden	SE	bee30abf-e3a6-4e4e-b626-7ef57800b027	Station Linné	SE	a0b3be64-6525-4387-ac67-a499950f92e1			428	
e893c8ba-036b-440c-9451-96a3361d0368	Swedish Malaise Trap Project (SMTP) - Adelognathinae	10.15468/f46vf7	CC0_1_0	SAMPLING_EVENT		4c415e40-1e21-11de-9e40-a0d6ecebb8bf	GBIF-Sweden	SE	bee30abf-e3a6-4e4e-b626-7ef57800b027	Station Linné	SE	a0b3be64-6525-4387-ac67-a499950f92e1			346	
68017a1e-690a-4a79-ab5c-fb11f93b5234	Swedish Malaise Trap Project (SMTP) - Trichoptera	10.15468/b3yrfu	CC0_1_0	SAMPLING_EVENT		4c415e40-1e21-11de-9e40-a0d6ecebb8bf	GBIF-Sweden	SE	bee30abf-e3a6-4e4e-b626-7ef57800b027	Station Linné	SE	a0b3be64-6525-4387-ac67-a499950f92e1			342	
b441a3a1-e679-46fa-8095-a909c53a5506	Swedish Malaise Trap Project (SMTP) - Tephritidae, Ulidiidae	10.15468/y6dzym	CC0_1_0	SAMPLING_EVENT		4c415e40-1e21-11de-9e40-a0d6ecebb8bf	GBIF-Sweden	SE	bee30abf-e3a6-4e4e-b626-7ef57800b027	Station Linné	SE	a0b3be64-6525-4387-ac67-a499950f92e1			231	
8f8b0e71-4f94-48f5-abe8-f747d64fd532	Swedish Malaise Trap Project (SMTP) - Sepsidae	10.15468/a6ugn5	CC0_1_0	SAMPLING_EVENT		4c415e40-1e21-11de-9e40-a0d6ecebb8bf	GBIF-Sweden	SE	bee30abf-e3a6-4e4e-b626-7ef57800b027	Station Linné	SE	a0b3be64-6525-4387-ac67-a499950f92e1			332	
ae4b0b88-b872-483f-8fe3-e441bac3243c	Swedish Malaise Trap Project (SMTP) - Sciomyzidae	10.15468/bdzv7j	CC0_1_0	SAMPLING_EVENT		4c415e40-1e21-11de-9e40-a0d6ecebb8bf	GBIF-Sweden	SE	bee30abf-e3a6-4e4e-b626-7ef57800b027	Station Linné	SE	a0b3be64-6525-4387-ac67-a499950f92e1			408	
cba86a10-3c4c-4032-a603-70ba2a5bf2f0	Swedish Malaise Trap Project (SMTP) - Psylloidea	10.15468/cdw57a	CC0_1_0	SAMPLING_EVENT		4c415e40-1e21-11de-9e40-a0d6ecebb8bf	GBIF-Sweden	SE	bee30abf-e3a6-4e4e-b626-7ef57800b027	Station Linné	SE	a0b3be64-6525-4387-ac67-a499950f92e1			312	
bb13d5bf-2acd-4fc5-88f5-bc947fbb0f72	Swedish Malaise Trap Project (SMTP) - Psocoptera	10.15468/37b3pz	CC0_1_0	SAMPLING_EVENT		4c415e40-1e21-11de-9e40-a0d6ecebb8bf	GBIF-Sweden	SE	bee30abf-e3a6-4e4e-b626-7ef57800b027	Station Linné	SE	a0b3be64-6525-4387-ac67-a499950f92e1			495	
6a3fc651-625f-41af-bdbe-53d505ae367b	Swedish Malaise Trap Project (SMTP) - Plecoptera	10.15468/cvcqeb	CC0_1_0	SAMPLING_EVENT		4c415e40-1e21-11de-9e40-a0d6ecebb8bf	GBIF-Sweden	SE	bee30abf-e3a6-4e4e-b626-7ef57800b027	Station Linné	SE	a0b3be64-6525-4387-ac67-a499950f92e1			199	
a8b89b7e-6095-44a1-a328-eedb595eddc6	Swedish Malaise Trap Project (SMTP) - Mycetophilidae, Keroplatidae	10.15468/dpa676	CC0_1_0	SAMPLING_EVENT		4c415e40-1e21-11de-9e40-a0d6ecebb8bf	GBIF-Sweden	SE	bee30abf-e3a6-4e4e-b626-7ef57800b027	Station Linné	SE	a0b3be64-6525-4387-ac67-a499950f92e1			264	
eef3e123-0744-4a4c-a22d-b9f45ba90479	Swedish Malaise Trap Project (SMTP) - Figitidae excl Charipinae	10.15468/es2jyy	CC0_1_0	SAMPLING_EVENT		4c415e40-1e21-11de-9e40-a0d6ecebb8bf	GBIF-Sweden	SE	bee30abf-e3a6-4e4e-b626-7ef57800b027	Station Linné	SE	a0b3be64-6525-4387-ac67-a499950f92e1			451	
e26ebaa1-b488-4075-9212-579f5105fafb	Swedish Malaise Trap Project (SMTP) - Chloropidae	10.15468/xqyhd8	CC0_1_0	SAMPLING_EVENT		4c415e40-1e21-11de-9e40-a0d6ecebb8bf	GBIF-Sweden	SE	bee30abf-e3a6-4e4e-b626-7ef57800b027	Station Linné	SE	a0b3be64-6525-4387-ac67-a499950f92e1			231	
e67a6a2c-47d6-4be8-bcf6-25baf60289fd	Swedish Malaise Trap Project (SMTP) - Cecidomyiidae: Porricondylinae (s lat)	10.15468/hqpbmf	CC0_1_0	SAMPLING_EVENT		4c415e40-1e21-11de-9e40-a0d6ecebb8bf	GBIF-Sweden	SE	bee30abf-e3a6-4e4e-b626-7ef57800b027	Station Linné	SE	a0b3be64-6525-4387-ac67-a499950f92e1			366	
69dc4356-0067-48db-9a66-3ff734a5380f	Swedish Malaise Trap Project (SMTP) - Ichneumoninae excl Phaeogenini	10.15468/mer99q	CC0_1_0	SAMPLING_EVENT		4c415e40-1e21-11de-9e40-a0d6ecebb8bf	GBIF-Sweden	SE	bee30abf-e3a6-4e4e-b626-7ef57800b027	Station Linné	SE	a0b3be64-6525-4387-ac67-a499950f92e1			2028	
43607f5f-3404-40bf-b812-1cabf3c66f2c	Swedish Malaise Trap Project (SMTP) - Coleoptera	10.15468/87hk5a	CC0_1_0	SAMPLING_EVENT		4c415e40-1e21-11de-9e40-a0d6ecebb8bf	GBIF-Sweden	SE	bee30abf-e3a6-4e4e-b626-7ef57800b027	Station Linné	SE	a0b3be64-6525-4387-ac67-a499950f92e1			1470	
2d6e8496-2337-42f7-91e8-89fba6bc1e69	Swedish Malaise Trap Project (SMTP) - Dolichopodidae	10.15468/rs389z	CC0_1_0	SAMPLING_EVENT		4c415e40-1e21-11de-9e40-a0d6ecebb8bf	GBIF-Sweden	SE	bee30abf-e3a6-4e4e-b626-7ef57800b027	Station Linné	SE	a0b3be64-6525-4387-ac67-a499950f92e1			4647	
7c660871-3c5a-4db6-94d0-a6a646f9e16f	Swedish Malaise Trap Project (SMTP) - Phoridae	10.15468/ws6uh3	CC0_1_0	SAMPLING_EVENT		4c415e40-1e21-11de-9e40-a0d6ecebb8bf	GBIF-Sweden	SE	bee30abf-e3a6-4e4e-b626-7ef57800b027	Station Linné	SE	a0b3be64-6525-4387-ac67-a499950f92e1			6682	
acca288a-3cfc-420b-a072-19fe1347baff	Swedish Malaise Trap Project (SMTP) - Braconidae: Cheloninae: Adelius	10.15468/wg5p5e	CC0_1_0	SAMPLING_EVENT		4c415e40-1e21-11de-9e40-a0d6ecebb8bf	GBIF-Sweden	SE	bee30abf-e3a6-4e4e-b626-7ef57800b027	Station Linné	SE	a0b3be64-6525-4387-ac67-a499950f92e1			140	
07c199dc-1c06-4964-b49e-3c80c42ea84e	Swedish Malaise Trap Project (SMTP) - Acartophthalmidae	10.15468/nw85cf	CC0_1_0	SAMPLING_EVENT		4c415e40-1e21-11de-9e40-a0d6ecebb8bf	GBIF-Sweden	SE	bee30abf-e3a6-4e4e-b626-7ef57800b027	Station Linné	SE	a0b3be64-6525-4387-ac67-a499950f92e1			89	
fd896983-7ad0-45cf-b298-2c06a7c87a44	A new species of Psyllaephagus (Hymenoptera: Encyrtidae) from China, parasitoid of Macrohomotoma sinica (Hemiptera: Homotomidae) on Ficus concinna	10.3897/bdj.9.e63253	CC_BY_4_0	CHECKLIST		1f27e074-e2c0-4cf2-9b78-731e9f789f00	Pensoft Publishers	BG	750a8724-fa66-4c27-b645-bd58ac5ee010	Biodiversity Data Journal	BG	7f48e0c8-5c96-49ec-b972-30748e339115			4	7
5dba6c1d-59d4-4f61-9933-c99809d34f96	The First Cretaceous Epyrine Wasp (Hymenoptera: Bethylidae): A New Genus and Species from Early Cenomanian Kachin Amber	10.15468/zepqg2	CC0_1_0	CHECKLIST		7ce8aef0-9e92-11dc-8738-b8a03c50a862	Plazi.org taxonomic treatments database	CH	7ce8aef0-9e92-11dc-8738-b8a03c50a862	Plazi.org taxonomic treatments database	CH	ffb07bec-2d10-492d-9c37-361fe0b79427			1	9
f20127d1-663b-4a06-9c68-dc11c5af307e	Scutellista caerulea (Fonscolombe, 1832) (Hymenoptera: Pteromalidae), new to New Zealand for the second time!	10.3897/bdj.1.e959	CC_BY_4_0	CHECKLIST		1f27e074-e2c0-4cf2-9b78-731e9f789f00	Pensoft Publishers	BG	750a8724-fa66-4c27-b645-bd58ac5ee010	Biodiversity Data Journal	BG	7f48e0c8-5c96-49ec-b972-30748e339115			2	7
e08f530f-b8b1-428b-a757-b191cdca6610	QDPC True Fruit Flies	10.15468/vx4fur	CC_BY_4_0	OCCURRENCE		3c5e4331-7f2f-4a8d-aa56-81ece7014fc8	Atlas of Living Australia	AU	1df6d17b-1334-4ce9-bc13-17080f4346a2	Queensland Department of Agriculture and Fisheries	AU	4a6f1b71-969e-4fc5-a693-282b05e1220c			24638	
3b105142-6f9c-4098-a6a8-dd07095fc45c	Beetles on polypores at 4 sites in Norway	10.15468/zpvckz	CC_BY_NC_4_0	SAMPLING_EVENT		64795dcb-ad74-41b3-95e5-cc52ba754776	GBIF Norway	NO	8256e897-3a17-4a2d-8bf8-54cf22b624bd	Norwegian University of Life Sciences	NO	4f829580-180d-46a9-9c87-ed8ec959b545			50	
4a2fdba3-6aa5-4a28-b0f3-ae8f1a0aa532	Bugs for Bugs	10.15468/ykthh7	CC_BY_NC_4_0	OCCURRENCE		3c5e4331-7f2f-4a8d-aa56-81ece7014fc8	Atlas of Living Australia	AU	3c5e4331-7f2f-4a8d-aa56-81ece7014fc8	Atlas of Living Australia	AU	4a6f1b71-969e-4fc5-a693-282b05e1220c			23	
507c5b51-1f83-4c7f-9111-94fb255adfd7	Occurrence of Skipper butterflies (Lepidoptera:Hesperiidae) in Invertebrate Zoology Collection at National Museums of Kenya	10.15468/9xted0	CC_BY_NC_4_0	OCCURRENCE		fd515d3a-b237-42de-bba6-760008580da5	National Museums of Kenya	KE	fd515d3a-b237-42de-bba6-760008580da5	National Museums of Kenya	KE	2a44d626-9f7a-4120-8a7a-4ab5ac15ff2a			9011	
fd2572b5-24a1-445c-9918-a3811ea010d1	Multi-taxa inventory of naturalized species in Chile (including native Chilean species introduced in other areas of the national territory outside of their original range)	10.15468/exradm	CC_BY_4_0	CHECKLIST		bf0d80b3-46da-4e60-b1cf-39f2320acb43	Ministerio del Medio Ambiente de Chile	CL	9a144beb-aa15-4a73-a555-98d137e38122	Laboratorio de Invasiones Biológicas (LIB)	CL	a8b16421-d80b-4ef3-8f22-098b01a89255		Proyecto GEF/MMA/PNUD EEI AJF, FONDECYT N ° 1181688, CONICYT PIA AFB 170008	0	2244
d55073b8-f5a0-46e3-89e3-9519c57b0316	Insect Diversity and Diagnostics Lab	10.15468/6tjtrz	CC0_1_0	OCCURRENCE		96710dc8-fecb-440d-ae3e-c34ae8a9616f	Symbiota Support Hub	US	0565a419-a25d-48fa-98d5-b263d57b0902	M. Andrew Johnston Research Collection	US	8618c64a-93e0-4300-b546-7249e5148ed2	0479d6b2-a4f4-4307-8346-0b80e8c88c66		5166	
484039df-cd14-46d1-9a41-c406db8c7ced	Catalogue of the Alucitoidea of the World	10.15468/ew9akc	CC0_1_0	CHECKLIST	TAXONOMIC_AUTHORITY	f4ce3c03-7b38-445e-86e6-5f6b04b649d4	Catalogue of Life	NL	f4ce3c03-7b38-445e-86e6-5f6b04b649d4	Catalogue of Life	NL	03e816b3-8f58-49ae-bc12-4e18b358d6d9			0	478
c815ecb1-b036-4617-b545-1bb65e0339cd	Catalogue of the Pterophoroidea of the World	10.15468/d9u533	CC0_1_0	CHECKLIST	TAXONOMIC_AUTHORITY	f4ce3c03-7b38-445e-86e6-5f6b04b649d4	Catalogue of Life	NL	f4ce3c03-7b38-445e-86e6-5f6b04b649d4	Catalogue of Life	NL	03e816b3-8f58-49ae-bc12-4e18b358d6d9			0	2841
ce9a3ad6-5477-4a55-bc64-101fd1cd2d87	The life histories of Meridialaris chiloeensis (Demoulin, 1955) (Ephemeroptera: Leptophlebiidae) and Gigantodax rufescens (Edwards, 1931) (Diptera: Simuliidae) on a Magellanic sub-Antarctic island (55 ° S)	10.15468/vkt94u	CC0_1_0	CHECKLIST		7ce8aef0-9e92-11dc-8738-b8a03c50a862	Plazi.org taxonomic treatments database	CH	7ce8aef0-9e92-11dc-8738-b8a03c50a862	Plazi.org taxonomic treatments database	CH	ffb07bec-2d10-492d-9c37-361fe0b79427			0	7
2b08c46f-903f-440e-9b53-ac0e54da0a65	Phenology Survey Outer Hebrides	10.15468/33fjx9	CC_BY_4_0	OCCURRENCE		07f617d0-c688-11d8-bf62-b8a03c50a862	National Biodiversity Network	GB	3636faf8-c86a-42c5-9bc9-a2d4e6c0c891	Outer Hebrides Biological Recording	GB	d897a5b9-35ee-4232-94bd-b0bcaac003c2			277	
51dd2c60-1466-4f57-9569-41057d08cd3b	Taxonomic studies on the ant genus <i> Lepisiota </ i> Santschi 1926 (Hymenoptera: Formicidae: Formicinae) in India, with description of four new species	10.15468/pppnfs	CC0_1_0	CHECKLIST		7ce8aef0-9e92-11dc-8738-b8a03c50a862	Plazi.org taxonomic treatments database	CH	7ce8aef0-9e92-11dc-8738-b8a03c50a862	Plazi.org taxonomic treatments database	CH	ffb07bec-2d10-492d-9c37-361fe0b79427			58	30
bd3d6dd9-6ee1-4261-ade3-305d82e5d9bf	Records from iRecord not covered by a national recording scheme	10.15468/y5h9md	CC_BY_4_0	OCCURRENCE		07f617d0-c688-11d8-bf62-b8a03c50a862	National Biodiversity Network	GB	0c392aa0-a452-4254-be5c-e49dd60e9b02	Biological Records Centre	GB	d897a5b9-35ee-4232-94bd-b0bcaac003c2			31343	
58483402-e918-4fbd-9d6d-66975a34262b	Beetles in hollow oaks in Vestfold, Telemark and Agder collected with alcohol-baited traps	10.1002/ece3.4486	CC_BY_NC_4_0	SAMPLING_EVENT		64795dcb-ad74-41b3-95e5-cc52ba754776	GBIF Norway	NO	8256e897-3a17-4a2d-8bf8-54cf22b624bd	Norwegian University of Life Sciences	NO	4f829580-180d-46a9-9c87-ed8ec959b545			855	
bb71d4cb-6cc3-4730-a170-82912cc84475	Auburn University Museum of Natural History Entomology	10.15468/oo4euw	CC0_1_0	OCCURRENCE		a86e9e36-12ec-49a4-a94c-c0c981fffb71	iDigBio	US	34cc6c50-812c-11de-86fe-b8a03c50a862	Auburn University Museum	US	8618c64a-93e0-4300-b546-7249e5148ed2	8e30b684-6a54-4aba-aa73-66201c2c736e		103638	
6194f318-adeb-4dea-970e-74707572cb81	Coleoptera of the Mordovia State Nature Reserve: study using  fermental  traps	10.15468/aszj7a	CC_BY_4_0	SAMPLING_EVENT		fcb15579-e732-4e2d-aa74-796787ef8c27	Institute of Mathematical Problems of Biology RAS – the Branch of Keldysh Institute of Applied Mathematics of Russian Academy of Sciences	RU	ab1c1790-d067-4363-a573-d3e7f43892b0	"Joint Directorate of the Mordovia State Nature Reserve and National Park ""Smolny"""	RU	7f48e0c8-5c96-49ec-b972-30748e339115			6497	
d9e3a5bc-3811-4811-a78c-77d78a2107d7	SDSM Invertebrate Collections	10.15468/qyr2yz	CC0_1_0	OCCURRENCE		a86e9e36-12ec-49a4-a94c-c0c981fffb71	iDigBio	US	f3b58cd2-a559-4f3a-b94d-01448b508821	South Dakota School of Mines and Technology, Museum of Geology and Paleontology Research Laboratory	US	8618c64a-93e0-4300-b546-7249e5148ed2	8e30b684-6a54-4aba-aa73-66201c2c736e		36293	
aae308f4-9f9c-4cdd-b4ef-c026f48be551	Snow Entomological Museum Collection	10.15468/fhntpy	CC_BY_4_0	OCCURRENCE	SPECIMEN	b554c320-0560-11d8-b851-b8a03c50a862	University of Kansas Biodiversity Institute	US	b554c320-0560-11d8-b851-b8a03c50a862	University of Kansas Biodiversity Institute	US	8618c64a-93e0-4300-b546-7249e5148ed2	8e30b684-6a54-4aba-aa73-66201c2c736e		1401941	
676dcb55-c47a-41b2-8552-97fb023f7e04	Blattodea and Dermaptera in the Continental biogeographical region and adjacent areas of European Russia	10.15468/ywmmre	CC_BY_4_0	OCCURRENCE	OBSERVATION	fcb15579-e732-4e2d-aa74-796787ef8c27	Institute of Mathematical Problems of Biology RAS – the Branch of Keldysh Institute of Applied Mathematics of Russian Academy of Sciences	RU	ab1c1790-d067-4363-a573-d3e7f43892b0	"Joint Directorate of the Mordovia State Nature Reserve and National Park ""Smolny"""	RU	7f48e0c8-5c96-49ec-b972-30748e339115			2149	
ada5d0b1-07de-4dc0-83d4-e312f0fb81cb	Ouellet-Robert Entomological Collection (QMOR) - Specimens	10.5886/qwvt63fz	CC0_1_0	OCCURRENCE	SPECIMEN	ff7bd5db-b724-4932-b496-10ea298851f9	Université de Montréal Biodiversity Centre	CA	ff7bd5db-b724-4932-b496-10ea298851f9	Université de Montréal Biodiversity Centre	CA	8f83fc96-c966-4126-83f7-bf044dc49efa			50944	
0d35d18b-3ccf-4271-a6cd-51df06adc470	Revisionary notes on the fungus-growing ants of the genus Cyphomyrmex, rimosus-group (Hymenoptera: Formicidae: Attini).	10.15468/y6lyns	CC0_1_0	CHECKLIST		7ce8aef0-9e92-11dc-8738-b8a03c50a862	Plazi.org taxonomic treatments database	CH	7ce8aef0-9e92-11dc-8738-b8a03c50a862	Plazi.org taxonomic treatments database	CH	ffb07bec-2d10-492d-9c37-361fe0b79427			0	48
dd0a5d02-944b-4fbf-8856-edf45197ae1b	Genomic-Phenomic Reciprocal Illumination: Desyopone hereon gen. et sp. nov., an Exceptional Aneuretine-like Fossil Ant from Ethiopian Amber (Hymenoptera: Formicidae: Ponerinae)	10.15468/9rn45x	CC0_1_0	CHECKLIST		7ce8aef0-9e92-11dc-8738-b8a03c50a862	Plazi.org taxonomic treatments database	CH	7ce8aef0-9e92-11dc-8738-b8a03c50a862	Plazi.org taxonomic treatments database	CH	ffb07bec-2d10-492d-9c37-361fe0b79427			0	12
96006de0-a5cf-494a-bc7e-5dac5f232329	An inventory of flora in Ballygunge Science College Campus, Kolkata, West Bengal	10.15468/mduexa	CC0_1_0	OCCURRENCE	OBSERVATION	fbca90e3-8aed-48b1-84e3-369afbd000ce	GBIF Secretariat	ZZ	ba5d0858-075a-430b-b314-ff1debdfb6ec	Nature Mates-Nature Club	IN	7f48e0c8-5c96-49ec-b972-30748e339115			213	
38e0b5be-be0a-4948-ad2e-fb009652c5b3	New Zealand Arthropod Collection - Symbiota	10.15468/g9uhgy	CC_BY_4_0	OCCURRENCE		96710dc8-fecb-440d-ae3e-c34ae8a9616f	Symbiota Support Hub	US	6b2f029b-7823-4b84-9c30-31ff364238fe	Landcare Research	NZ	4f9fd726-20dd-445e-89a1-8ed93792276f	0479d6b2-a4f4-4307-8346-0b80e8c88c66		304358	
b74dbf66-15bf-456c-a288-21aa269200e2	Insect Collections of Okomu National Park- Nigeria	10.15468/0tlhky	CC_BY_NC_4_0	OCCURRENCE		3dc9105b-6792-4d2f-8872-c60dded8ae20	Forestry Research Institute of Nigeria	NG	d4abf112-2f67-4ff4-b71d-a0711d5bc64e	National Park Services	NG	6529bcb5-a542-4fda-be87-54a624515335		BID-AF2017-0210-NAC	16	
6ce9819a-d82b-41e1-9059-0dd201f15993	Entomological collections, UiB	10.15468/irppio	CC_BY_4_0	OCCURRENCE	SPECIMEN	64795dcb-ad74-41b3-95e5-cc52ba754776	GBIF Norway	NO	3f3967bf-ecc7-4455-ba89-4e0ab6d6fd3c	University of Bergen	NO	4f829580-180d-46a9-9c87-ed8ec959b545			204249	
19e7f71d-ad1e-4a03-9a24-983e74fe3809	"Active meso- and meiofauna in the nature reserve ""Het Zwin"" (Knokke) in 1969"	10.14284/229	CC_BY_4_0	SAMPLING_EVENT		2089ce96-4fb5-4a20-999c-3ccf45a27a4d	Flanders Marine Institute	BE	2089ce96-4fb5-4a20-999c-3ccf45a27a4d	Flanders Marine Institute	BE	fb11cfe1-ebc3-45af-9159-17d9fddbcdac	2b7c7b4f-4d4f-40d3-94de-c28b6fa054a6		341	
ae24fb7b-af3c-478c-a1ed-2215a90793cc	Brigham Young University Arthropod Museum	10.15468/gqf6no	CC_BY_NC_4_0	OCCURRENCE		96710dc8-fecb-440d-ae3e-c34ae8a9616f	Symbiota Support Hub	US	9630292c-c8ef-4efa-adda-399638be3b19	Brigham Young University, Arthropod Collection	US	8618c64a-93e0-4300-b546-7249e5148ed2	0479d6b2-a4f4-4307-8346-0b80e8c88c66		268097	
44fb5823-c1f5-4ac7-8e06-795a09a138f2	Frost Entomological Museum	10.15468/epw1ws	CC0_1_0	OCCURRENCE		96710dc8-fecb-440d-ae3e-c34ae8a9616f	Symbiota Support Hub	US	cffcb703-dccc-464e-ade3-c5668311dcf6	Frost Entomological Museum	US	8618c64a-93e0-4300-b546-7249e5148ed2	0479d6b2-a4f4-4307-8346-0b80e8c88c66		344825	
53e9eca5-6831-4a43-a109-130feecfcd9c	Cleveland Museum of Natural History Invertebrate Paleontology Collection	10.15468/y0qgmj	CC0_1_0	OCCURRENCE		2053a639-84c3-4be5-b8bc-96b6d88a976c	VertNet	US	9c252ec3-7333-4cf8-a997-5441fcbad8dd	Cleveland Museum of Natural History	US	8618c64a-93e0-4300-b546-7249e5148ed2			31576	
d03f2f0b-76fb-4816-80e1-2a00fb306f45	ISM Arachnology Collection	10.15468/5brbe4	CC0_1_0	OCCURRENCE		2053a639-84c3-4be5-b8bc-96b6d88a976c	VertNet	US	b0e368b3-da4b-45ff-8d24-12ffd422bc38	Illinois State Museum	US	8618c64a-93e0-4300-b546-7249e5148ed2			4018	
360a3e6f-da4e-48a8-a57e-1db31db64110	ISM Ichthyology Collection	10.15468/rwfwyc	CC0_1_0	OCCURRENCE		2053a639-84c3-4be5-b8bc-96b6d88a976c	VertNet	US	b0e368b3-da4b-45ff-8d24-12ffd422bc38	Illinois State Museum	US	8618c64a-93e0-4300-b546-7249e5148ed2	99d66b6c-9087-452f-a9d4-f15f2c2d0e7e		1959	
4b17f1c6-93a3-4e22-9822-1c7d829bb666	ISM Herpetology Collection	10.15468/bxw502	CC0_1_0	OCCURRENCE		2053a639-84c3-4be5-b8bc-96b6d88a976c	VertNet	US	b0e368b3-da4b-45ff-8d24-12ffd422bc38	Illinois State Museum	US	8618c64a-93e0-4300-b546-7249e5148ed2	99d66b6c-9087-452f-a9d4-f15f2c2d0e7e		2503	
029ca2ac-d525-4dd0-bfc5-288102358341	The hoverfly collection (Diptera, Syrphidae) of the International Centre of Insect Physiology and Ecology (icipe) at Nairobi (Kenya)	10.15468/cqrxqz	CC_BY_4_0	OCCURRENCE		37e82b90-1e21-11de-ab90-f72009d2669b	Belgian Biodiversity Platform	BE	575c52b0-a742-11db-a6ff-b8a03c50a862	Royal Museum for Central Africa, Belgium	BE	fb11cfe1-ebc3-45af-9159-17d9fddbcdac	17abcf75-2f1e-46dd-bf75-a5b21dd02655		1470	
1eb4dc17-46f3-465e-9846-94e70d15ff78	Occurrences of aquatic invertebrates in the Antarctic and Subantarctic regions	10.15468/kn5xcg	CC_BY_NC_4_0	OCCURRENCE	SPECIMEN	bf0d80b3-46da-4e60-b1cf-39f2320acb43	Ministerio del Medio Ambiente de Chile	CL	29ef4f00-20db-41f8-b1ad-b5fd3c557c38	Instituto de Biodiversidad de Ecosistemas Antárticos y Subantárticos (BASE)	CL	a8b16421-d80b-4ef3-8f22-098b01a89255		1. Metadata ID: marine-invertebrates I; 2. Metada ID: marine-invertebrates II; 3. Metadata ID: Intertidal-quironomid-I-RBCH; 4. Metadata ID: freshwater-invertebrates I; 5. Metadata ID: freshwater-invertebrates II; 6. Metadata ID: Branchinecta-gaini	770	
20524cf7-66f8-49d2-a274-102e1090e502	Academy of Natural Sciences Entomology Collection	10.15468/sxn8na	CC_BY_NC_4_0	OCCURRENCE		96710dc8-fecb-440d-ae3e-c34ae8a9616f	Symbiota Support Hub	US	f9b67ad0-9c9b-11d9-b9db-b8a03c50a862	Academy of Natural Sciences	US	8618c64a-93e0-4300-b546-7249e5148ed2	0479d6b2-a4f4-4307-8346-0b80e8c88c66		70709	
67caab70-ec4b-11dc-b73f-b8a03c50a862	Ghent University - Zoology Museum - Invertebrate collection	10.15468/ok9kps	CC_BY_4_0	OCCURRENCE		37e82b90-1e21-11de-ab90-f72009d2669b	Belgian Biodiversity Platform	BE	05c249d0-dfa0-11d8-b22e-b8a03c50a862	Ghent University	BE	fb11cfe1-ebc3-45af-9159-17d9fddbcdac			1717	
6158f384-7465-422b-ad8d-3731b74d666a	Some finds of flora and fauna in Kharkiv region	10.15468/ehts7k	CC_BY_4_0	OCCURRENCE		64795dcb-ad74-41b3-95e5-cc52ba754776	GBIF Norway	NO	ca2fd897-6108-4361-91f8-b39dc8d12d13	Ukrainian Nature Conservation Group (NGO)	UA	7f48e0c8-5c96-49ec-b972-30748e339115			1244	
07e9980a-a9f6-4a35-9df6-26371459e570	ISM Mammalogy Collection	10.15468/vqhgf7	CC0_1_0	OCCURRENCE		2053a639-84c3-4be5-b8bc-96b6d88a976c	VertNet	US	b0e368b3-da4b-45ff-8d24-12ffd422bc38	Illinois State Museum	US	8618c64a-93e0-4300-b546-7249e5148ed2	99d66b6c-9087-452f-a9d4-f15f2c2d0e7e		21706	
2ffeb29f-0971-474c-895e-45e60da3b2a3	ISM Ornithology Collection	10.15468/zw8ise	CC0_1_0	OCCURRENCE		2053a639-84c3-4be5-b8bc-96b6d88a976c	VertNet	US	b0e368b3-da4b-45ff-8d24-12ffd422bc38	Illinois State Museum	US	8618c64a-93e0-4300-b546-7249e5148ed2	99d66b6c-9087-452f-a9d4-f15f2c2d0e7e		21531	
56aa0680-0c60-11dd-84cd-b8a03c50a862	Invertebrates Collection of the Swedish Museum of Natural History	10.15468/eyda6l	CC_BY_4_0	OCCURRENCE	SPECIMEN	4c415e40-1e21-11de-9e40-a0d6ecebb8bf	GBIF-Sweden	SE	6ba9a8cc-513a-4a51-bf93-6f5de8040a96	Swedish Museum of Natural History	SE	a0b3be64-6525-4387-ac67-a499950f92e1	8534dd20-c368-4a1f-bdaf-e6b390710f89;17abcf75-2f1e-46dd-bf75-a5b21dd02655;2b7c7b4f-4d4f-40d3-94de-c28b6fa054a6		221274	
2a98a908-2d75-4f82-8d1a-3171ae5a58c1	UŚ - Collection of Coccoidea	10.15468/wrwd6z	CC_BY_NC_4_0	OCCURRENCE	SPECIMEN	17fba53b-3c1b-4689-82e1-4d66ad4f445c	GBIF Poland	PL	4668d6a0-130d-11db-a7d3-b8a03c50a862	University of Silesia in Katowice	PL	2618bfdf-e194-4911-a241-80db3107bc51		IMBIO	1801	
c7dc8322-3ca1-4984-8ffe-81b18c54ad7d	Rediscovering a species not seen for a hundred years, Stathmopoda tacita (Meyrick, 1913) (Lepidoptera, Stathmopodidae), with its unusual fern-spore-feeding life history	10.3897/bdj.11.e101468	CC_BY_4_0	CHECKLIST		1f27e074-e2c0-4cf2-9b78-731e9f789f00	Pensoft Publishers	BG	750a8724-fa66-4c27-b645-bd58ac5ee010	Biodiversity Data Journal	BG	7f48e0c8-5c96-49ec-b972-30748e339115			13	3
8e02e1dd-ec54-405e-b4d7-7abdecd29cc7	University of Minnesota Insect Collection	10.15468/ahwyqb	CC0_1_0	OCCURRENCE		c49fdf8d-5648-4ae7-b0be-d3d9c67bc755	University of Minnesota Insect Collection	US	c49fdf8d-5648-4ae7-b0be-d3d9c67bc755	University of Minnesota Insect Collection	US	8618c64a-93e0-4300-b546-7249e5148ed2	8e30b684-6a54-4aba-aa73-66201c2c736e		407920	
0108bdc9-3d7f-459a-a92e-a40c3ed07c93	University of Delaware Insect Research Collection	10.15468/1hrpha	CC_BY_NC_4_0	OCCURRENCE		c1bf22f5-6186-4d64-bfb2-2d76437dde82	SCAN	US	613ca444-27e5-418d-ab72-e08b17d8f0b7	University of Delaware, Department of Entomology and Wildlife Ecology	US	8618c64a-93e0-4300-b546-7249e5148ed2	0479d6b2-a4f4-4307-8346-0b80e8c88c66		17872	
c2bb836f-2e2f-4abb-8ed4-1990f2539a3b	Overvåking av insekter i hule eiker 2023	10.15468/kvbejm	CC_BY_4_0	OCCURRENCE	SPECIMEN	46fec380-8e1d-11dd-8679-b8a03c50a862	Norwegian Institute for Nature Research	NO	46fec380-8e1d-11dd-8679-b8a03c50a862	Norwegian Institute for Nature Research	NO	4f829580-180d-46a9-9c87-ed8ec959b545	379a0de5-f377-4661-9a30-33dd844e7b9a		1122	
50dd450d-f7aa-42b8-b55f-9c9a4fc0c806	Ephemeroptera, Plecoptera, Trichoptera and Odonata (EPTO) genera of Zimbabwe	10.15468/6uymqt	CC_BY_NC_4_0	CHECKLIST		5f2df235-914f-4cc9-b247-08fb981e8b8a	Natural History Museum of Zimbabwe	ZW	5f2df235-914f-4cc9-b247-08fb981e8b8a	Natural History Museum of Zimbabwe	ZW	7f48e0c8-5c96-49ec-b972-30748e339115		BID-AF2015-0134-REG	0	336
b02bfe2c-9dfe-4d18-aa83-dacaf536a3aa	pflanzendiversitaet_2008_sch_alb_hai_aktualisiert	10.15468/zcb2rl	CC_BY_NC_4_0	OCCURRENCE		541c2668-9391-4479-b90f-fe90b365f33b	Biodiversity Exploratories	DE	541c2668-9391-4479-b90f-fe90b365f33b	Biodiversity Exploratories	DE	4f6826f2-4ff6-443d-b966-e6913bd24013			2353	
29faef28-cc0b-4b80-8ef8-83e530b3995e	Variation in a Darwin Wasp (Hymenoptera: Ichneumonidae) Community along an Elevation Gradient in a Tropical Biodiversity Hotspot: Implications for Ecology and Conservation	10.15468/dcte6f	CC0_1_0	CHECKLIST		7ce8aef0-9e92-11dc-8738-b8a03c50a862	Plazi.org taxonomic treatments database	CH	7ce8aef0-9e92-11dc-8738-b8a03c50a862	Plazi.org taxonomic treatments database	CH	ffb07bec-2d10-492d-9c37-361fe0b79427			8	6
b07dcf95-c88e-4639-bb6c-a3b0c7a56e7a	Rainforest adult leaf chewers from Madang Province, Papua New Guinea	10.15468/meu2wn	CC_BY_4_0	OCCURRENCE		cd3512e7-886c-4873-b629-740abe8ae74e	Secretariat of the Pacific Regional Environment Programme	ZZ	da74804c-5f33-4261-a877-a3b30d2ee383	New Guinea Binatang Research Centre	PG	7f48e0c8-5c96-49ec-b972-30748e339115		BID-PA2020-007-INS	24503	
b7e52722-ee9a-4a9c-9c01-455044e855c2	New Mexico Museum of Natural History and Science (NMMNH&S) Herbarium specimens (Arctos)	10.15468/hwtyn4	CC0_1_0	OCCURRENCE	SPECIMEN	2053a639-84c3-4be5-b8bc-96b6d88a976c	VertNet	US	ac1a4340-812c-11de-86fe-b8a03c50a862	New Mexico Museum of Natural History and Science	US	8618c64a-93e0-4300-b546-7249e5148ed2	1f2c0cbe-40df-43f6-ba07-e76133e78c31		3656	
8971dfba-f762-11e1-a439-00145eb45e9a	University of Alberta E. H. Strickland Entomological Museum (UASM)	10.18165/9enbmt	CC0_1_0	OCCURRENCE	SPECIMEN	03cb9700-6cee-11d8-922d-b8a03c50a862	University of Alberta Museums	CA	03cb9700-6cee-11d8-922d-b8a03c50a862	University of Alberta Museums	CA	8f83fc96-c966-4126-83f7-bf044dc49efa			342401	
f5eeb94b-21f8-42e2-932a-e638bde8d9aa	The Purdue Entomological Research Collection	10.15468/hyexfq	CC0_1_0	OCCURRENCE		c1bf22f5-6186-4d64-bfb2-2d76437dde82	SCAN	US	94ec6243-9b21-4c04-9cc6-cefa1cf627c0	Purdue Entomological Research Collection	US	8618c64a-93e0-4300-b546-7249e5148ed2	0479d6b2-a4f4-4307-8346-0b80e8c88c66;8e30b684-6a54-4aba-aa73-66201c2c736e		101461	
47576eae-c976-4c45-adc2-35d895bb1cbb	University of Hawaii Insect Museum	10.15468/twdp03	CC_BY_NC_4_0	OCCURRENCE		96710dc8-fecb-440d-ae3e-c34ae8a9616f	Symbiota Support Hub	US	58172c10-1dc5-11de-be11-b8a03c50a862	University of Hawaii	US	3b9510fc-5943-45d3-b08d-5b4e1e7c385e	0479d6b2-a4f4-4307-8346-0b80e8c88c66		129205	
8b568bb1-a9a2-4e89-9af1-cf6ecab68a5c	First record of the antlion Solter liber Navás, 1912 in Italy (Neuroptera, Myrmeleontidae)	10.3897/bdj.12.e132510	CC_BY_4_0	CHECKLIST		1f27e074-e2c0-4cf2-9b78-731e9f789f00	Pensoft Publishers	BG	750a8724-fa66-4c27-b645-bd58ac5ee010	Biodiversity Data Journal	BG	7f48e0c8-5c96-49ec-b972-30748e339115			2	7
e5e13b4c-e903-4507-9f00-47d764c2fe16	First detection of the adventive large rove beetle Ocypus nitens (Schrank) in Canada and an update of its Nearctic distribution using data generated by the public	10.3897/bdj.4.e11012	CC_BY_4_0	CHECKLIST		1f27e074-e2c0-4cf2-9b78-731e9f789f00	Pensoft Publishers	BG	750a8724-fa66-4c27-b645-bd58ac5ee010	Biodiversity Data Journal	BG	7f48e0c8-5c96-49ec-b972-30748e339115			27	7
a4899898-3fb7-4474-85bf-be8975e6ba12	The Davidson College Entomology Collection	10.15468/jvc7qn	CC0_1_0	OCCURRENCE		96710dc8-fecb-440d-ae3e-c34ae8a9616f	Symbiota Support Hub	US	e0ce1efd-0221-4edc-bf69-12699d4f238c	Davidson College	US	8618c64a-93e0-4300-b546-7249e5148ed2	0479d6b2-a4f4-4307-8346-0b80e8c88c66		11430	
74f77cb8-e890-47a2-b56f-165859ac6167	Hexapoda MZS	10.15468/r4h3g7	CC_BY_4_0	OCCURRENCE		5d5e5d82-076c-4e9a-b5b0-c88d1b691a6a	GBIF France	FR	609d49d0-78fe-11dd-b871-b8a03c50a862	Musée Zoologique de la Ville de Strasbourg	FR	da44cd31-5901-4687-a106-6d1c7734ee3a			1007	
0436c4f0-f90c-47ad-a836-4a1d1be70b8a	MCNH Museum of Cultural and Natural History Bird Collection	10.15468/gvucvs	CC0_1_0	OCCURRENCE		a86e9e36-12ec-49a4-a94c-c0c981fffb71	iDigBio	US	ec99079c-885f-4c3d-8f43-ba576e5c52f7	Museum of Cultural and Natural History - Central Michigan University	US	8618c64a-93e0-4300-b546-7249e5148ed2			5000	
ba80c94d-d764-4905-8faf-b2155259d998	Sap-sucking herbivores (Auchenorrhyncha: Hemiptera) reared from Papua New Guinean rainforest	10.15468/eqecuc	CC_BY_4_0	OCCURRENCE		cd3512e7-886c-4873-b629-740abe8ae74e	Secretariat of the Pacific Regional Environment Programme	ZZ	da74804c-5f33-4261-a877-a3b30d2ee383	New Guinea Binatang Research Centre	PG	7f48e0c8-5c96-49ec-b972-30748e339115		BID-PA2020-007-INS	1857	
e81a4718-c998-4bf3-83b9-128d293ce31e	Arthropod diversity in the tea ecosystem of North-Eastern Bangladesh	10.15468/a5v9hh	CC_BY_4_0	OCCURRENCE	SPECIMEN	fbca90e3-8aed-48b1-84e3-369afbd000ce	GBIF Secretariat	ZZ	e1eabdc9-2215-49ed-bfd1-9c8ddf819277	Sylhet Agricultural University	BD	7f48e0c8-5c96-49ec-b972-30748e339115		EV-ASIA2025DM 	71	
781747f1-ebab-4eb0-beaf-1f88b3cfd65d	The hoverfly collection (Diptera, Syrphidae) of the International Institute of Tropical Agriculture (IITA) at Calavi (Benin)	10.15468/v4vmuv	CC_BY_4_0	OCCURRENCE		37e82b90-1e21-11de-ab90-f72009d2669b	Belgian Biodiversity Platform	BE	575c52b0-a742-11db-a6ff-b8a03c50a862	Royal Museum for Central Africa, Belgium	BE	fb11cfe1-ebc3-45af-9159-17d9fddbcdac	17abcf75-2f1e-46dd-bf75-a5b21dd02655		2293	
d06b3c45-0d91-46e8-9732-a3ebecd659f7	Dataset of Plecoptera, Trichoptera and Coleoptera from Sierra Nevada	10.15470/wqbmkz	CC_BY_4_0	SAMPLING_EVENT		6c4a0bb0-2a4d-11d8-aa2d-b8a03c50a862	GBIF-Spain	ES	4b4b2111-ee51-45f5-bf5e-f535f4a1c9dc	Sierra Nevada Global-Change Observatory (UGR-JA)	ES	1f94b3ca-9345-4d65-afe2-4bace93aa0fe		1) OBSNEV 2) LIFEWATCH-2019-10-UGR-4	15347	
308f7f4b-279c-457f-b6e3-ecfccd1b598d	Insect species recorded in sugarcane fields of Khon Kaen Province, Thailand, over three seasons in 2012	10.15468/q1jp5l	CC_BY_NC_4_0	OCCURRENCE	OBSERVATION	c3367060-856b-11d9-8486-b8a03c50a862	National Institute of Genetics, ROIS	JP	c3367060-856b-11d9-8486-b8a03c50a862	National Institute of Genetics, ROIS	JP	db5705aa-6a6e-42f1-8942-d77b9f4896ea			98423	
e12cbcf7-b081-434f-9532-d93ef76cdb44	A national macroinvertebrate dataset collected for the biomonitoring of Ireland’s river network, 2007–2018 (EPA)	10.15468/c63xzc	CC_BY_4_0	OCCURRENCE		d2b97690-bfd6-11de-b279-d52977ace833	National Biodiversity Data Centre	IE	d2b97690-bfd6-11de-b279-d52977ace833	National Biodiversity Data Centre	IE	422b00b2-6c94-4bb6-976b-c359916efdb8			185886	
ddf21693-58cd-462a-9a12-ab4995dbfd49	Pademelon survey	10.15468/t75tfs	CC_BY_4_0	OCCURRENCE		3c5e4331-7f2f-4a8d-aa56-81ece7014fc8	Atlas of Living Australia	AU	a950c694-570a-4978-ba77-de14054d9637	Sunshine Coast Council	AU	4a6f1b71-969e-4fc5-a693-282b05e1220c			38	
4c3b15bd-c98f-448c-9556-810fd82e8e30	University of Georgia Collection of Arthropods	10.15468/rsljus	CC0_1_0	OCCURRENCE		96710dc8-fecb-440d-ae3e-c34ae8a9616f	Symbiota Support Hub	US	062447f7-40ec-42af-9622-ee9170752dc3	University of Georgia Collection of Arthropods	US	8618c64a-93e0-4300-b546-7249e5148ed2	0479d6b2-a4f4-4307-8346-0b80e8c88c66		32377	
c2ed8e3c-c20e-492c-9a91-c77c86aa5edc	ZMH Lepidoptera collection	10.15468/gfe9pz	CC_BY_4_0	OCCURRENCE		6e1cad80-bdf5-11d8-84ea-b8a03c50a862	Leibniz Institute for the Analysis of Biodiversity Change (LIB)	DE	6e1cad80-bdf5-11d8-84ea-b8a03c50a862	Leibniz Institute for the Analysis of Biodiversity Change (LIB)	DE	4f6826f2-4ff6-443d-b966-e6913bd24013			592	
9a7675ec-3607-4cb2-bd25-90afd97c5147	Shannon Index and species richness for plants	10.15468/g9s4nt	CC_BY_NC_4_0	OCCURRENCE		541c2668-9391-4479-b90f-fe90b365f33b	Biodiversity Exploratories	DE	541c2668-9391-4479-b90f-fe90b365f33b	Biodiversity Exploratories	DE	4f6826f2-4ff6-443d-b966-e6913bd24013			154	
577a17c0-b6fa-41cb-b14b-86180bab41f9	Archbold Biological Station Arthropod Collection	10.15468/mwyr3t	CC_BY_NC_4_0	OCCURRENCE		c1bf22f5-6186-4d64-bfb2-2d76437dde82	SCAN	US	02f2bde4-0f13-4e71-b359-c3cb11ea9751	Archbold Biological Station	US	8618c64a-93e0-4300-b546-7249e5148ed2	0479d6b2-a4f4-4307-8346-0b80e8c88c66		42904	
0901cecf-55f1-447e-8537-1f7b63a865a0	Vermont Butterfly Atlas 1.0 (2002-2007)	10.15468/y5df9j	CC_BY_4_0	SAMPLING_EVENT		b6d09100-919d-4026-b35b-22be3dae7156	Vermont Center for Ecostudies	US	b6d09100-919d-4026-b35b-22be3dae7156	Vermont Center for Ecostudies	US	8618c64a-93e0-4300-b546-7249e5148ed2		VAL	35996	
69fcbdcb-3b37-47a1-936d-d6e45f35f604	MUTPL Invertebrate Collection	10.15468/nxw3gu	CC_BY_NC_4_0	OCCURRENCE	SPECIMEN	c54097e6-0972-4acb-b849-eaeba29c917d	Ministerio del Ambiente, Agua y Transición Ecológica de Ecuador - MAATE	EC	9fff025a-f223-4b26-8ee1-2266b219934f	Museo de Zoología, Universidad Técnica Particular de Loja	EC	2dc472f1-c3d9-486d-b3c1-12ca7ba1ed22			5339	
576c0061-40a6-46fa-8f95-a425eef87893	Field Study Group of the Dutch Mammal Society (NL) - 2011 - Mammal Survey Biokovo Nature Park, Croatia	10.15468/4ewgj8	CC_BY_4_0	OCCURRENCE		cace8d10-2646-11d8-a2da-b8a03c50a862	Netherlands Biodiversity Information Facility (NLBIF)	NL	baa855b0-a010-4240-9adf-98c810a6ccf5	Field Study Group of the Dutch Mammal Society	NL	0909d601-bda2-42df-9e63-a6d51847ebce			424	
230fe79e-4ae4-4748-aeb4-d76339ca164a	The wild bees (Hymenoptera, Apoidea, Anthophila) of the urban nature reserves of Rome (Italy, Latium): a preliminary survey	10.3897/bdj.12.e139087	CC_BY_4_0	CHECKLIST		1f27e074-e2c0-4cf2-9b78-731e9f789f00	Pensoft Publishers	BG	750a8724-fa66-4c27-b645-bd58ac5ee010	Biodiversity Data Journal	BG	7f48e0c8-5c96-49ec-b972-30748e339115			1010	254
fb93fb10-f1ca-11dd-b2d4-b8a03c50a862	National Museum of Natural Science	10.15468/yegxmj	CC_BY_NC_4_0	OCCURRENCE		12b1df00-3f75-11d8-aa2d-b8a03c50a862	Taiwan Biodiversity Information Facility (TaiBIF)	TW	7050ce20-c75e-11dd-87ef-b8a03c50a862	TELDAP	TW	e1b85abc-61f9-430f-ba79-6813dec53a0f			41151	
38fdd8b7-4e48-452c-8c05-673e6f6829af	Coleoptera of Togo: data of the LEA Insect Collection of the University of Lome	10.15468/6nppyd	CC_BY_4_0	OCCURRENCE		d2583793-e5c1-41ae-83bd-86300d34e2cb	Université de Lomé	TG	d2583793-e5c1-41ae-83bd-86300d34e2cb	Université de Lomé	TG	c9659a3e-07e9-4fcb-83c6-de8b9009a02e		BID-AF2015-0004-NAC	1935	
674cbc1c-a07f-4620-ba29-bd2bc3ab8011	A new species of Rhopalopsole (Plecoptera, Leuctridae) from Hainan Province, China	10.3897/bdj.12.e122999	CC_BY_4_0	CHECKLIST		1f27e074-e2c0-4cf2-9b78-731e9f789f00	Pensoft Publishers	BG	750a8724-fa66-4c27-b645-bd58ac5ee010	Biodiversity Data Journal	BG	7f48e0c8-5c96-49ec-b972-30748e339115			3	6
733854db-11e2-472f-914f-461c06943090	Natural History Museum Maastricht (NL) - Entomological Collection	10.15468/w0qebf	CC0_1_0	OCCURRENCE		cace8d10-2646-11d8-a2da-b8a03c50a862	Netherlands Biodiversity Information Facility (NLBIF)	NL	01d38e13-944c-4f4b-96a2-25ecf1751140	Natural History Museum Maastricht	NL	0909d601-bda2-42df-9e63-a6d51847ebce			22852	
835bf26e-f762-11e1-a439-00145eb45e9a	Museo Nacional de Ciencias Naturales, Entomología	10.15468/pqfubx	CC_BY_4_0	OCCURRENCE		6c4a0bb0-2a4d-11d8-aa2d-b8a03c50a862	GBIF-Spain	ES	3059a14b-7b43-41ce-beef-873999911dfe	Museo Nacional de Ciencias Naturales (CSIC)	ES	1f94b3ca-9345-4d65-afe2-4bace93aa0fe	17abcf75-2f1e-46dd-bf75-a5b21dd02655		30346	
635b96b6-4684-42e4-97d9-c969419d1248	Macroinvertebrate and algae occurrence data collection of the Laboratorio de Ecología Acuática of the Universidad de Cuenca	10.60545/af4k6g	CC_BY_NC_4_0	OCCURRENCE		c54097e6-0972-4acb-b849-eaeba29c917d	Ministerio del Ambiente, Agua y Transición Ecológica de Ecuador - MAATE	EC	e4c09fa1-d012-4a8a-a8bf-623566d94ae3	Laboratorio de Ecología Acuática de la Universidad de Cuenca	EC	2dc472f1-c3d9-486d-b3c1-12ca7ba1ed22			747	
9cbcf2b3-448f-48ce-9510-39e25c6234a8	Field Study Group of the Dutch Mammal Society (NL) - 2003 - Mammal Survey Alvao Natural Park, Portugal	10.15468/eswvar	CC_BY_4_0	OCCURRENCE		cace8d10-2646-11d8-a2da-b8a03c50a862	Netherlands Biodiversity Information Facility (NLBIF)	NL	baa855b0-a010-4240-9adf-98c810a6ccf5	Field Study Group of the Dutch Mammal Society	NL	0909d601-bda2-42df-9e63-a6d51847ebce			1051	
5ba69a5d-a3f6-4e4e-bbf6-52ebf7dc47b3	Field Study Group of the Dutch Mammal Society (NL) - 2012 - Mammal Survey Galicia, Spain	10.15468/jcqnp1	CC_BY_4_0	OCCURRENCE		cace8d10-2646-11d8-a2da-b8a03c50a862	Netherlands Biodiversity Information Facility (NLBIF)	NL	baa855b0-a010-4240-9adf-98c810a6ccf5	Field Study Group of the Dutch Mammal Society	NL	0909d601-bda2-42df-9e63-a6d51847ebce			690	
bc94931c-4197-42bd-9cac-32c09e3959f3	Field Study Group of the Dutch Mammal Society (NL) - 2010 - Mammal Survey Patvinsuo National Park, northern Karelia, Finland	10.15468/wcnfvy	CC_BY_4_0	OCCURRENCE		cace8d10-2646-11d8-a2da-b8a03c50a862	Netherlands Biodiversity Information Facility (NLBIF)	NL	baa855b0-a010-4240-9adf-98c810a6ccf5	Field Study Group of the Dutch Mammal Society	NL	0909d601-bda2-42df-9e63-a6d51847ebce			319	
103fa8e2-5be7-402c-b147-708d0755d9b0	University of Guelph Insect Collection (DEBU)	10.5886/4pp2vt5a	CC0_1_0	OCCURRENCE		ff7bd5db-b724-4932-b496-10ea298851f9	Université de Montréal Biodiversity Centre	CA	296fe5cf-ae43-4212-8f77-293e807d0d5a	University of Guelph	CA	8f83fc96-c966-4126-83f7-bf044dc49efa			124062	
eeaf050f-23d0-4557-9084-ec545cd3d9a7	NSW DPI Biosecurity Collections	10.15468/7k7b25	CC_BY_4_0	OCCURRENCE		3c5e4331-7f2f-4a8d-aa56-81ece7014fc8	Atlas of Living Australia	AU	325c883e-46a7-4be3-9d77-7dde654fd1d3	NSW Department of Primary Industries	AU	4a6f1b71-969e-4fc5-a693-282b05e1220c			357012	
8670893a-08ad-4735-8c18-eb088443ccd6	Museu Darder de Banyoles	10.15470/wxaleu	CC_BY_NC_4_0	OCCURRENCE		6c4a0bb0-2a4d-11d8-aa2d-b8a03c50a862	GBIF-Spain	ES	114780c1-baf9-4a2d-b727-5f30c0cb3c32	Darder Natural History Museum of Banyoles	ES	1f94b3ca-9345-4d65-afe2-4bace93aa0fe			8215	
b2ee8537-2a6c-4b4b-965a-538b47788606	ARC-PPRI: Chalcidoidea Collection (1900-2010)	10.15468/xdbrse	CC_BY_4_0	OCCURRENCE		c5f7ef70-e233-11d9-a4d6-b8a03c50a862	South African National Biodiversity Institute	ZA	c5f7ef70-e233-11d9-a4d6-b8a03c50a862	South African National Biodiversity Institute	ZA	7190b835-4e86-4b6e-85c1-19cc6677c250			23505	
005eb8d8-ed94-41be-89cf-e3115a9058e4	Field Museum of Natural History (Zoology) Invertebrate Collection	10.15468/6q5vuc	CC0_1_0	OCCURRENCE	SPECIMEN	7b8aff00-a9f8-11d8-944b-b8a03c50a862	Field Museum	US	7b8aff00-a9f8-11d8-944b-b8a03c50a862	Field Museum	US	8618c64a-93e0-4300-b546-7249e5148ed2			281879	
30ac77b7-9434-4eec-84c3-52b507ee9b8b	Field Study Group of the Dutch Mammal Society (NL) - 2004 - Mammal Survey Rakitovec, Slovenia	10.15468/qptlr7	CC_BY_4_0	OCCURRENCE		cace8d10-2646-11d8-a2da-b8a03c50a862	Netherlands Biodiversity Information Facility (NLBIF)	NL	baa855b0-a010-4240-9adf-98c810a6ccf5	Field Study Group of the Dutch Mammal Society	NL	0909d601-bda2-42df-9e63-a6d51847ebce			857	
806df471-8b78-4166-a186-ba07c7c957ec	Field Study Group of the Dutch Mammal Society (NL) - 2006 - Mammal Survey Galicica National Park, Macedonia	10.15468/zhvspx	CC_BY_4_0	OCCURRENCE		cace8d10-2646-11d8-a2da-b8a03c50a862	Netherlands Biodiversity Information Facility (NLBIF)	NL	baa855b0-a010-4240-9adf-98c810a6ccf5	Field Study Group of the Dutch Mammal Society	NL	0909d601-bda2-42df-9e63-a6d51847ebce			318	
4eb871a4-6dc4-4db6-abf2-3ab553a41008	Field Study Group of the Dutch Mammal Society (NL) - 2005 - Mammal Survey Pol'ana Biosphere reserve, Slovakia	10.15468/yvdkh8	CC_BY_4_0	OCCURRENCE		cace8d10-2646-11d8-a2da-b8a03c50a862	Netherlands Biodiversity Information Facility (NLBIF)	NL	baa855b0-a010-4240-9adf-98c810a6ccf5	Field Study Group of the Dutch Mammal Society	NL	0909d601-bda2-42df-9e63-a6d51847ebce			1696	
f9a712f4-bbf6-4fa3-863e-39a7feb2b0ea	Moths of Jawhar	10.15468/db56yh	CC_BY_4_0	OCCURRENCE	OBSERVATION	fbca90e3-8aed-48b1-84e3-369afbd000ce	GBIF Secretariat	ZZ	b96f147b-9df3-4b42-80ac-f7535d0af1e0	BAIF	IN	7f48e0c8-5c96-49ec-b972-30748e339115		EV-ASIA2023DM	109	
96e0d5f7-50c7-4aeb-b587-f9fb998f6eaf	DNA metabarcoding data of arthropods captured with different traps in the southwestern German agricultural landscape	10.20363/ude_arth_dna_mb_2021_1.0	CC_BY_4_0	SAMPLING_EVENT		6e1cad80-bdf5-11d8-84ea-b8a03c50a862	Leibniz Institute for the Analysis of Biodiversity Change (LIB)	DE	6e1cad80-bdf5-11d8-84ea-b8a03c50a862	Leibniz Institute for the Analysis of Biodiversity Change (LIB)	DE	4f6826f2-4ff6-443d-b966-e6913bd24013		P142690-DNA-MB_2021	10626	
d2c51084-011a-455a-b7c0-ed27c593a7b2	New species and new records of exotic Scolytinae (Coleoptera, Curculionidae) in Europe	10.3897/bdj.10.e93995	CC_BY_4_0	CHECKLIST		1f27e074-e2c0-4cf2-9b78-731e9f789f00	Pensoft Publishers	BG	750a8724-fa66-4c27-b645-bd58ac5ee010	Biodiversity Data Journal	BG	7f48e0c8-5c96-49ec-b972-30748e339115			41	19
5e32e6f9-d549-4386-98a5-78aa5c31119a	Thirteen moth species (Lepidoptera, Erebidae, Noctuidae) newly recorded in South Africa, with comments on their distribution	10.3897/bdj.10.e89729	CC_BY_4_0	CHECKLIST		1f27e074-e2c0-4cf2-9b78-731e9f789f00	Pensoft Publishers	BG	750a8724-fa66-4c27-b645-bd58ac5ee010	Biodiversity Data Journal	BG	8dae0f8c-12bc-444d-b889-6b177550a8b2			304	23
96193ea2-f762-11e1-a439-00145eb45e9a	Texas A&M University Insect Collection	10.15468/caprqh	CC_BY_NC_4_0	OCCURRENCE		c1bf22f5-6186-4d64-bfb2-2d76437dde82	SCAN	US	352bdfe0-c57b-11dd-a8eb-b8a03c50a862	Texas A&M University Insect Collection	US	8618c64a-93e0-4300-b546-7249e5148ed2	0479d6b2-a4f4-4307-8346-0b80e8c88c66		999993	
e0971ffe-6108-4a29-9007-d68a8eaa5b26	Sphodromantis viridis (Forskal, 1775): New for Portugal and new records of the rare and small mantids Apteromantis aptera (Fuente, 1894) and Perlamantis allibertii Guérin-Méneville, 1843 in the country (Mantodea: Mantidae and Amorphoscelidae)	10.15468/bvowpy	CC_BY_4_0	CHECKLIST		1f27e074-e2c0-4cf2-9b78-731e9f789f00	Pensoft Publishers	BG	750a8724-fa66-4c27-b645-bd58ac5ee010	Biodiversity Data Journal	BG	7f48e0c8-5c96-49ec-b972-30748e339115			24	10
323b0e80-5e4b-4cc4-936a-d93fc8cae9bc	C.P. Gillette Museum of Arthropod Diversity	10.15468/k0aett	CC0_1_0	OCCURRENCE		96710dc8-fecb-440d-ae3e-c34ae8a9616f	Symbiota Support Hub	US	0d923068-1cec-44de-8b78-33a51fb0cacd	Colorado State University, C.P. Gillette Museum of Arthropod Diversity	US	8618c64a-93e0-4300-b546-7249e5148ed2	0479d6b2-a4f4-4307-8346-0b80e8c88c66		369501	
2dad7638-c3fd-4ffc-b634-7ec76441f75b	Bees (Apoidea: Anthophila) Found in Emerald Ash Borer Traps in Vermont, USA	10.15468/pr8j3j	CC0_1_0	OCCURRENCE	SPECIMEN	b6d09100-919d-4026-b35b-22be3dae7156	Vermont Center for Ecostudies	US	b6d09100-919d-4026-b35b-22be3dae7156	Vermont Center for Ecostudies	US	8618c64a-93e0-4300-b546-7249e5148ed2		VAL	33	
91b322c7-1007-448d-be03-6db86cf3d869	MCNH Museum of Cultural and Natural History Mammals Collection	10.15468/whh1aw	CC0_1_0	OCCURRENCE		a86e9e36-12ec-49a4-a94c-c0c981fffb71	iDigBio	US	ec99079c-885f-4c3d-8f43-ba576e5c52f7	Museum of Cultural and Natural History - Central Michigan University	US	8618c64a-93e0-4300-b546-7249e5148ed2			1335	
2526aea6-ccd0-4d83-a55d-46efcdb3f010	MCNH Museum of Cultural and Natural History Fish Collection	10.15468/8m49zc	CC0_1_0	OCCURRENCE		a86e9e36-12ec-49a4-a94c-c0c981fffb71	iDigBio	US	ec99079c-885f-4c3d-8f43-ba576e5c52f7	Museum of Cultural and Natural History - Central Michigan University	US	8618c64a-93e0-4300-b546-7249e5148ed2			1738	
69cfc2db-6fc5-4fdb-886c-5c393dc252eb	MCNH Museum of Cultural and Natural History Amphibian Collection	10.15468/38jks4	CC0_1_0	OCCURRENCE		a86e9e36-12ec-49a4-a94c-c0c981fffb71	iDigBio	US	ec99079c-885f-4c3d-8f43-ba576e5c52f7	Museum of Cultural and Natural History - Central Michigan University	US	8618c64a-93e0-4300-b546-7249e5148ed2			2086	
2adbe7bd-e13b-4b67-92c7-cfc0ee970f1f	Galls on Beech Trees in Hainich, 2008	10.15468/wc93cz	CC_BY_NC_4_0	OCCURRENCE		541c2668-9391-4479-b90f-fe90b365f33b	Biodiversity Exploratories	DE	541c2668-9391-4479-b90f-fe90b365f33b	Biodiversity Exploratories	DE	4f6826f2-4ff6-443d-b966-e6913bd24013			110	
1ebf1564-949e-49ca-9f8b-e11ef68238db	Perot Museum of Nature and Science	10.15468/yfjsdn	CC0_1_0	OCCURRENCE		2053a639-84c3-4be5-b8bc-96b6d88a976c	VertNet	US	410d186f-903a-44fd-b84f-61c47c88bcaf	Perot Museum of Nature and Science	US	8618c64a-93e0-4300-b546-7249e5148ed2	99d66b6c-9087-452f-a9d4-f15f2c2d0e7e		7509	
eec457cc-5da6-448c-a6d4-c402f9909c08	"Moths observed during the ""Objective 1000"" inventory project at the Botanical Garden Jean Massart (Auderghem, Brussels Capital Region)"	10.15468/9ba72r	CC_BY_NC_4_0	CHECKLIST	INVENTORY_THEMATIC	37e82b90-1e21-11de-ab90-f72009d2669b	Belgian Biodiversity Platform	BE	e88c96a3-5884-4e51-a580-e417ca4c9eed	Royal Belgian Institute of Natural Sciences	BE	fb11cfe1-ebc3-45af-9159-17d9fddbcdac			2308	871
c5fe763f-6851-4610-bdc3-67143540be67	Effects of vegetation clearing and dead wood on beetles in power line clearings southeast Norway	10.15468/rnxive	CC_BY_NC_4_0	SAMPLING_EVENT		64795dcb-ad74-41b3-95e5-cc52ba754776	GBIF Norway	NO	8256e897-3a17-4a2d-8bf8-54cf22b624bd	Norwegian University of Life Sciences	NO	4f829580-180d-46a9-9c87-ed8ec959b545	379a0de5-f377-4661-9a30-33dd844e7b9a		41201	
292005e8-3ace-44fa-886d-ff382cec56ba	Rainforest and cloud forest Scolytodes (Curculionidae, Scolytinae, Hexacolini) from the Arthropods of La Selva inventory in Costa Rica: new species, new synonymy, new records	10.5281/zenodo.3980846	CC_BY_4_0	SAMPLING_EVENT		64795dcb-ad74-41b3-95e5-cc52ba754776	GBIF Norway	NO	3f3967bf-ecc7-4455-ba89-4e0ab6d6fd3c	University of Bergen	NO	4f829580-180d-46a9-9c87-ed8ec959b545			105	
7c2d6468-1baf-4a23-8c89-09819291290b	Axel W. Erikssons African Bird Collection at Vänersborg Museum	10.15468/z5l3wx	CC_BY_4_0	OCCURRENCE		4c415e40-1e21-11de-9e40-a0d6ecebb8bf	GBIF-Sweden	SE	6781fa6f-5ab7-4cda-aa2e-c8d1e96f85b5	Vänersborgs Museum	SE	a0b3be64-6525-4387-ac67-a499950f92e1			1719	
83b06552-5fb7-46b5-9b9c-aaa724e3ae71	Database on Forest Disturbances in Europe	10.15468/b7s6oy	CC_BY_4_0	OCCURRENCE	OBSERVATION	04fd2e13-6881-4e5c-9dd1-8fdd9ab993c1	Finnish Biodiversity Information Facility	FI	634deee3-2c0b-4698-b634-23096802abe6	European Forest Institute	FI	dd514216-5c7c-45f3-910d-797424cb5be6			6628	
ec5f88f7-7b04-4c4a-84a0-7898759a224f	NZCS Upper Tapanahony Expedition 1991	10.15468/d0qjlm	CC_BY_NC_4_0	OCCURRENCE		fbca90e3-8aed-48b1-84e3-369afbd000ce	GBIF Secretariat	ZZ	6e5e2c90-092d-4d38-95de-23a5d293e3e7	National Zoological Collection of Suriname (NZCS)	SR	7f48e0c8-5c96-49ec-b972-30748e339115		BID-CA2016-0006-REG	281	
c36b11e3-8fd3-435d-84aa-bdd3a780bcac	The InBIO Barcoding Initiative Database: Lacewings (Neuroptera) 02	10.15468/9688ju	CC_BY_4_0	OCCURRENCE		cdcc4ce1-7f6e-4ed2-b47c-eb451925b038	Instituto Superior de Agronomia / Universidade de Lisboa	PT	37560003-ae75-43c3-95aa-48c98797aa2a	CIBIO (Research Center in Biodiversity and Genetic Resources) Portugal	PT	673f7038-4262-4149-b753-5658a4e912f6		InBIO Barcoding Initiative	349	
a6faf063-6abd-40e3-859c-90942ef3bc37	Koltur species checklist	10.15468/kufpj7	CC_BY_4_0	CHECKLIST	INVENTORY_REGIONAL	299958e0-4c06-11d8-b290-b8a03c50a862	Danish Biodiversity Information Facility	DK	a8a6a199-031f-4d9e-b912-6c5e25b054b8	Faroe Islands National Museum	FO	4ddd294f-02b7-4359-ac33-0806a9ca9c6b			0	609
fd1a7c99-f7b8-4887-b36c-5bdbd13eae3b	Field Study Group of the Dutch Mammal Society (NL) - 2007 - Mammal Survey Estonia	10.15468/pp1xia	CC_BY_4_0	OCCURRENCE		cace8d10-2646-11d8-a2da-b8a03c50a862	Netherlands Biodiversity Information Facility (NLBIF)	NL	baa855b0-a010-4240-9adf-98c810a6ccf5	Field Study Group of the Dutch Mammal Society	NL	0909d601-bda2-42df-9e63-a6d51847ebce			1120	
abe98580-1963-4b75-bf35-2ca50659c61f	Field Study Group of the Dutch Mammal Society (NL) - 2009 - Mammal Survey Serra da Estrela, Portugal	10.15468/ff05ok	CC_BY_4_0	OCCURRENCE		cace8d10-2646-11d8-a2da-b8a03c50a862	Netherlands Biodiversity Information Facility (NLBIF)	NL	baa855b0-a010-4240-9adf-98c810a6ccf5	Field Study Group of the Dutch Mammal Society	NL	0909d601-bda2-42df-9e63-a6d51847ebce			1092	
da4214de-9415-4ccd-8da5-1b456c73a144	Siewierz Forest District Lepidoptera Collection	10.15468/hrddsv	CC_BY_NC_4_0	OCCURRENCE		17fba53b-3c1b-4689-82e1-4d66ad4f445c	GBIF Poland	PL	cdf03d52-7a65-40c1-b8c3-ace7e180706e	Państwowe Gospodarstwo Leśne  Lasy Państwowe  Nadleśnictwo Siewierz	PL	2618bfdf-e194-4911-a241-80db3107bc51			13652	
d40faf75-a525-4ec0-92d4-6a879050b807	Snowgum dieback	10.15468/24x9c5	CC_BY_4_0	OCCURRENCE		3c5e4331-7f2f-4a8d-aa56-81ece7014fc8	Atlas of Living Australia	AU	ad557382-e8b4-4c2a-ba87-46315ea61620	Fenner School of Environment & Society (ANU)	AU	4a6f1b71-969e-4fc5-a693-282b05e1220c			14	
649a14f9-00b9-4af0-afbe-56452dafdb72	Snowgum dieback	10.15468/zxuyvh	CC_BY_4_0	OCCURRENCE		3c5e4331-7f2f-4a8d-aa56-81ece7014fc8	Atlas of Living Australia	AU	ad557382-e8b4-4c2a-ba87-46315ea61620	Fenner School of Environment & Society (ANU)	AU	4a6f1b71-969e-4fc5-a693-282b05e1220c			20	
d6097f75-f99e-4c2a-b8a5-b0fc213ecbd0	University of California Santa Barbara Invertebrate Zoology Collection	10.15468/w6hvhv	CC0_1_0	OCCURRENCE		96710dc8-fecb-440d-ae3e-c34ae8a9616f	Symbiota Support Hub	US	cae7b6c7-669a-4261-9a34-6e8cdc16a125	Cheadle Center for Biodiversity and Ecological Restoration	US	8618c64a-93e0-4300-b546-7249e5148ed2	0479d6b2-a4f4-4307-8346-0b80e8c88c66		42141	
3fab912e-e927-4f1c-a97c-eb446cd609e0	ClimateWatch	10.15468/xlx9o4	CC_BY_4_0	OCCURRENCE		3c5e4331-7f2f-4a8d-aa56-81ece7014fc8	Atlas of Living Australia	AU	b647ad55-47e3-4ce0-9bd8-bcf363754c2f	ClimateWatch	AU	4a6f1b71-969e-4fc5-a693-282b05e1220c			93603	
e05f6e7d-418e-4407-8e0f-7b8ccf21109e	R. M. Bohart Museum of Entomology	10.15468/bvzxln	CC_BY_NC_4_0	OCCURRENCE		96710dc8-fecb-440d-ae3e-c34ae8a9616f	Symbiota Support Hub	US	f0b6a090-a4c6-11d8-9534-b8a03c50a862	University of California, Davis	US	8618c64a-93e0-4300-b546-7249e5148ed2	0479d6b2-a4f4-4307-8346-0b80e8c88c66		120647	
d98c3efe-983e-455f-8fdb-ccc76c7959c3	Scorpiones, Solifugae and Araneae of the Matobo World Heritage Site, Zimbabwe	10.15468/pmjeyb	CC_BY_4_0	OCCURRENCE		5f2df235-914f-4cc9-b247-08fb981e8b8a	Natural History Museum of Zimbabwe	ZW	5f2df235-914f-4cc9-b247-08fb981e8b8a	Natural History Museum of Zimbabwe	ZW	7f48e0c8-5c96-49ec-b972-30748e339115		BID-AF2017-0050-SMA	4333	
a27f4565-5040-49c3-b5c5-10a05ad98c9d	Faunistic and floristic records in the Kharkiv and some other regions in 2022-2024 period and some earlier years	10.15468/pravhb	CC_BY_4_0	OCCURRENCE	OBSERVATION	64795dcb-ad74-41b3-95e5-cc52ba754776	GBIF Norway	NO	ca2fd897-6108-4361-91f8-b39dc8d12d13	Ukrainian Nature Conservation Group (NGO)	UA	7f48e0c8-5c96-49ec-b972-30748e339115			8941	
ff273c1a-9abe-4353-af0f-2fed1031e4f0	Diversity of beetles associated with watermelon crops Citrullus lanatus (Thunb.) Mats. in the region of Ouargla (southern Algeria)	10.15470/sfhxty	CC_BY_4_0	OCCURRENCE		6c4a0bb0-2a4d-11d8-aa2d-b8a03c50a862	GBIF-Spain	ES	e8eada63-4a33-44aa-b2fd-4f71efb222a0	Museu de Ciències Naturals de Barcelona	ES	1f94b3ca-9345-4d65-afe2-4bace93aa0fe			51	
38f97143-922d-4ec0-a6e5-75e51a77890a	Field Study Group of the Dutch Mammal Society (NL) - 2008 - Mammal Survey Muntii Padurea Craiului - Apuseni mountains, Romania	10.15468/sxiya3	CC_BY_4_0	OCCURRENCE		cace8d10-2646-11d8-a2da-b8a03c50a862	Netherlands Biodiversity Information Facility (NLBIF)	NL	baa855b0-a010-4240-9adf-98c810a6ccf5	Field Study Group of the Dutch Mammal Society	NL	0909d601-bda2-42df-9e63-a6d51847ebce			948	
629e9775-3c24-4720-94cc-4d2df6ad5c5a	The InBIO Barcoding Initiative Database: Ypsolopha milfontensis, a new species from the Portuguese coast (Lepidoptera: Ypsolophidae)	10.15468/92cdan	CC_BY_4_0	OCCURRENCE		cdcc4ce1-7f6e-4ed2-b47c-eb451925b038	Instituto Superior de Agronomia / Universidade de Lisboa	PT	37560003-ae75-43c3-95aa-48c98797aa2a	CIBIO (Research Center in Biodiversity and Genetic Resources) Portugal	PT	673f7038-4262-4149-b753-5658a4e912f6		InBIO Barcoding Initiative	8	
83cbdde7-998f-4354-95de-72d885cc5863	Investigation Current Status of River in Taiwan between 2002 to 2022	10.15468/ynvqag	CC_BY_4_0	OCCURRENCE		12b1df00-3f75-11d8-aa2d-b8a03c50a862	Taiwan Biodiversity Information Facility (TaiBIF)	TW	b6b89e2d-e881-41f3-bc57-213815cb9742	Water Resources Agency,Ministry of Economic Affairs	TW	e1b85abc-61f9-430f-ba79-6813dec53a0f			222728	
88e5c79f-ec5b-4348-ad89-2222cfdc7cc1	Ophiocordyceps aphrophoridarum sp. nov., a new entomopathogenic species from Guizhou, China	10.3897/bdj.9.e66115	CC_BY_4_0	CHECKLIST		1f27e074-e2c0-4cf2-9b78-731e9f789f00	Pensoft Publishers	BG	750a8724-fa66-4c27-b645-bd58ac5ee010	Biodiversity Data Journal	BG	7f48e0c8-5c96-49ec-b972-30748e339115			2	3
86760641-4425-4130-9d20-4dd1eaa5c4a4	Florida State Collection of Arthropods	10.15468/25xdz4	CC0_1_0	OCCURRENCE		96710dc8-fecb-440d-ae3e-c34ae8a9616f	Symbiota Support Hub	US	95c9386f-cc7b-4ea7-9b74-cb7b1a8f0750	Florida State Collection of Arthropods	US	612b5a0b-908b-4b4e-b9bf-ca15dfdc94fa	0479d6b2-a4f4-4307-8346-0b80e8c88c66		44620	
944ac578-e021-4b2f-a98a-dd14913a9ea7	Northern Arizona University - Agua Fria National Monument Collection	10.15468/d2pq4w	CC0_1_0	OCCURRENCE		96710dc8-fecb-440d-ae3e-c34ae8a9616f	Symbiota Support Hub	US	218f5cbc-bc3e-4a8e-84ee-9281a54cd9e3	Northern Arizona University	US	8618c64a-93e0-4300-b546-7249e5148ed2	0479d6b2-a4f4-4307-8346-0b80e8c88c66		2135	
d883d764-4522-4928-bdf7-4d6f0aae2ebd	Santa Barbara Museum of Natural History Entomology Collection	10.15468/74wfv6	CC0_1_0	OCCURRENCE		96710dc8-fecb-440d-ae3e-c34ae8a9616f	Symbiota Support Hub	US	78678140-1815-11da-9544-b8a03c50a862	Santa Barbara Museum of Natural History	US	8618c64a-93e0-4300-b546-7249e5148ed2	0479d6b2-a4f4-4307-8346-0b80e8c88c66;8e30b684-6a54-4aba-aa73-66201c2c736e		140985	
ce697b4c-7803-47d8-81bd-5a172f4960b5	Invertebrate collections, UiB	10.15468/f2y3bf	CC_BY_4_0	OCCURRENCE	SPECIMEN	64795dcb-ad74-41b3-95e5-cc52ba754776	GBIF Norway	NO	3f3967bf-ecc7-4455-ba89-4e0ab6d6fd3c	University of Bergen	NO	4f829580-180d-46a9-9c87-ed8ec959b545			23819	
4ec02cdc-1266-473e-8609-dc280706ca7b	MCNH Museum of Cultural and Natural History Reptile Collection	10.15468/gnifer	CC0_1_0	OCCURRENCE		a86e9e36-12ec-49a4-a94c-c0c981fffb71	iDigBio	US	ec99079c-885f-4c3d-8f43-ba576e5c52f7	Museum of Cultural and Natural History - Central Michigan University	US	8618c64a-93e0-4300-b546-7249e5148ed2			1785	
3b8c5ed8-b6c2-4264-ac52-a9d772d69e9f	BIOWIDE eDNA Fungi dataset	10.15468/nesbvx	CC_BY_NC_4_0	OCCURRENCE		299958e0-4c06-11d8-b290-b8a03c50a862	Danish Biodiversity Information Facility	DK	299958e0-4c06-11d8-b290-b8a03c50a862	Danish Biodiversity Information Facility	DK	4ddd294f-02b7-4359-ac33-0806a9ca9c6b			37491	
7ead7d79-2a5b-489f-80db-d4826a725edd	The InBIO Barcoding Initiative Database: Portuguese Mantises (Mantodea)	10.15468/ux2yhn	CC_BY_4_0	OCCURRENCE		cdcc4ce1-7f6e-4ed2-b47c-eb451925b038	Instituto Superior de Agronomia / Universidade de Lisboa	PT	37560003-ae75-43c3-95aa-48c98797aa2a	CIBIO (Research Center in Biodiversity and Genetic Resources) Portugal	PT	673f7038-4262-4149-b753-5658a4e912f6		InBIO Barcoding Initiative	144	
b63b377f-b7c9-450d-bee8-34056169ff25	The InBIO Barcoding Initiative Database: Lacewings (Neuroptera) 01	10.15468/6cyrxd	CC_BY_4_0	OCCURRENCE		cdcc4ce1-7f6e-4ed2-b47c-eb451925b038	Instituto Superior de Agronomia / Universidade de Lisboa	PT	37560003-ae75-43c3-95aa-48c98797aa2a	CIBIO (Research Center in Biodiversity and Genetic Resources) Portugal	PT	673f7038-4262-4149-b753-5658a4e912f6		InBIO Barcoding Initiative	234	
9c45867f-f77d-42f3-9751-ae16bb7c9bc8	University of British Columbia - Spencer Entomological Collection (UBCZ)	10.5886/r5d29ft9	CC0_1_0	OCCURRENCE	SPECIMEN	ff7bd5db-b724-4932-b496-10ea298851f9	Université de Montréal Biodiversity Centre	CA	b542788f-0dc2-4a2b-b652-fceced449591	University of British Columbia	CA	8f83fc96-c966-4126-83f7-bf044dc49efa	8e30b684-6a54-4aba-aa73-66201c2c736e		74473	
a5f69bb0-d405-451b-a249-178482c01fa6	Phenological observations of biota on the territory of Prioksko-Terrasnyi biosphere reserve	10.15468/2txjmp	CC_BY_4_0	OCCURRENCE	OBSERVATION	fcb15579-e732-4e2d-aa74-796787ef8c27	Institute of Mathematical Problems of Biology RAS – the Branch of Keldysh Institute of Applied Mathematics of Russian Academy of Sciences	RU	bb668662-8fd3-4740-9fac-9bac2d050755	Prioksko-Terrasnyi Biosphere Reserve	RU	7f48e0c8-5c96-49ec-b972-30748e339115			28189	
19fe96b0-0cf3-4a2e-90a5-7c1c19ac94ee	National insect monitoring in Norway	10.15468/2jwnc6	CC_BY_4_0	SAMPLING_EVENT		46fec380-8e1d-11dd-8679-b8a03c50a862	Norwegian Institute for Nature Research	NO	46fec380-8e1d-11dd-8679-b8a03c50a862	Norwegian Institute for Nature Research	NO	4f829580-180d-46a9-9c87-ed8ec959b545	379a0de5-f377-4661-9a30-33dd844e7b9a		1016626	
d977d7e3-9831-4d18-b27c-01250561ec70	Checklist of the suborder Terebrantia (Thysanoptera): generic diversity and species composition in Xishuangbanna, Yunnan Province, China	10.3897/bdj.9.e72670	CC_BY_4_0	CHECKLIST		1f27e074-e2c0-4cf2-9b78-731e9f789f00	Pensoft Publishers	BG	750a8724-fa66-4c27-b645-bd58ac5ee010	Biodiversity Data Journal	BG	7f48e0c8-5c96-49ec-b972-30748e339115			116	182
9a0d3eb0-32a5-4114-abb4-2044d5a8407e	New records of stoneflies (Insecta, Plecoptera) from the Greater Khingan Mountains, China	10.3897/bdj.13.e151489	CC_BY_4_0	CHECKLIST		1f27e074-e2c0-4cf2-9b78-731e9f789f00	Pensoft Publishers	BG	750a8724-fa66-4c27-b645-bd58ac5ee010	Biodiversity Data Journal	BG	7f48e0c8-5c96-49ec-b972-30748e339115			0	0
d4aea86c-bd2c-4526-ab57-c6a98dc057e5	William F. Barr Entomological Museum	10.15468/j9epez	CC0_1_0	OCCURRENCE		96710dc8-fecb-440d-ae3e-c34ae8a9616f	Symbiota Support Hub	US	4e595938-859e-4e3f-a960-91d5d6fd640a	University of Idaho William F Barr Entomological Museum	US	8618c64a-93e0-4300-b546-7249e5148ed2	0479d6b2-a4f4-4307-8346-0b80e8c88c66		63471	
db47a906-257f-40a8-8638-4cb1bf092c2b	Kenneth S. Norris Center for Natural History, University of California Santa Cruz, Insect Collection	10.15468/hzkqkp	CC_BY_NC_4_0	OCCURRENCE		96710dc8-fecb-440d-ae3e-c34ae8a9616f	Symbiota Support Hub	US	f753171f-d38a-44fd-af85-40818746b336	Kenneth S. Norris Center for Natural History	US	8618c64a-93e0-4300-b546-7249e5148ed2	0479d6b2-a4f4-4307-8346-0b80e8c88c66		72931	
10e44c48-0839-4a20-86d5-f0e23ae2e366	Bee Biology and Systematics Laboratory	10.15468/anyror	CC_BY_4_0	OCCURRENCE		c3ad790a-d426-4ac1-8e32-da61f81f0117	United States Geological Survey	US	1e26a630-7203-11dc-a0d8-b8a03c50a862	USDA-ARS Pollinating Insect-Biology, Management, Systematics Research	US	8618c64a-93e0-4300-b546-7249e5148ed2			561820	
f79fd685-ec54-420c-a9d8-4a3ecea1f490	Diversity and abundance of macroinvertebrates in the Bosque Protector Cerro Blanco	10.60545/u8yge4	CC_BY_NC_4_0	OCCURRENCE	OBSERVATION	c54097e6-0972-4acb-b849-eaeba29c917d	Ministerio del Ambiente, Agua y Transición Ecológica de Ecuador - MAATE	EC	a3a2b5eb-9b4c-485f-b4ce-19cfb7de6772	Fundación para la Conservación e Investigación JaPu	EC	2dc472f1-c3d9-486d-b3c1-12ca7ba1ed22	d1627240-04ab-4162-aee9-b16df6bc8308		198	
504f1f75-355f-417d-9f99-60409230b264	Distribution of wild boar in Karelia	10.15468/c6462a	CC_BY_NC_4_0	OCCURRENCE		b87dc34e-ff76-458a-b163-f37e5634d0fb	Karelian Research Centre of the Russian Academy of Sciences	RU	b87dc34e-ff76-458a-b163-f37e5634d0fb	Karelian Research Centre of the Russian Academy of Sciences	RU	7f48e0c8-5c96-49ec-b972-30748e339115		Project identification number: KA5046	310	
f90de717-7b3f-483f-aca2-46c300fe36a8	The InBIO Barcoding Initiative Database: Depressaria infernella Corley & Buchner, a new Iberian species of the Depressaria douglasella group	10.15468/gcg7ny	CC_BY_4_0	OCCURRENCE		cdcc4ce1-7f6e-4ed2-b47c-eb451925b038	Instituto Superior de Agronomia / Universidade de Lisboa	PT	37560003-ae75-43c3-95aa-48c98797aa2a	CIBIO (Research Center in Biodiversity and Genetic Resources) Portugal	PT	673f7038-4262-4149-b753-5658a4e912f6		InBIO Barcoding Initiative	2	
3fc98fe4-d3d6-4185-95b3-4f86c859c8b7	Orthoptera and Mantodea in the Continental biogeographical region and adjacent areas of European Russia	10.15468/xtpy3y	CC_BY_4_0	OCCURRENCE	OBSERVATION	fcb15579-e732-4e2d-aa74-796787ef8c27	Institute of Mathematical Problems of Biology RAS – the Branch of Keldysh Institute of Applied Mathematics of Russian Academy of Sciences	RU	ab1c1790-d067-4363-a573-d3e7f43892b0	"Joint Directorate of the Mordovia State Nature Reserve and National Park ""Smolny"""	RU	7f48e0c8-5c96-49ec-b972-30748e339115			7095	
cd11c12e-1f1c-4ec6-8b28-c57425956915	The InBIO Barcoding Initiative Database: DNA Barcoding reveals sexual dimorphism in Isotrias penedana Trematerra, 2013 (Lepidoptera: Tortricidae, Chlidanotinae)	10.15468/9z8bpm	CC_BY_4_0	OCCURRENCE		cdcc4ce1-7f6e-4ed2-b47c-eb451925b038	Instituto Superior de Agronomia / Universidade de Lisboa	PT	37560003-ae75-43c3-95aa-48c98797aa2a	CIBIO (Research Center in Biodiversity and Genetic Resources) Portugal	PT	673f7038-4262-4149-b753-5658a4e912f6		InBIO Barcoding Initiative	5	
d5c0a2dc-a87c-4bcd-8b07-2c1d60f40167	KZNM-PINDIP-DIPTATEACH	10.15468/fajkyc	CC_BY_4_0	OCCURRENCE		0c163d39-b67e-4bd9-a2f4-6344b67247f9	KwaZulu-Natal Museum	ZA	0c163d39-b67e-4bd9-a2f4-6344b67247f9	KwaZulu-Natal Museum	ZA	7190b835-4e86-4b6e-85c1-19cc6677c250		Pollinator Information Network	57210	
8306a85e-f762-11e1-a439-00145eb45e9a	Korean Insect Database	10.15468/8pnygx	CC_BY_4_0	OCCURRENCE		657b7bf0-766b-11d9-9f77-b8a03c50a862	Korea Institute of Science and Technology Information	KR	657b7bf0-766b-11d9-9f77-b8a03c50a862	Korea Institute of Science and Technology Information	KR	e0a1e772-0177-4800-94b4-2d023fe6cdf4			2495	
25f28184-995a-499f-8594-de3b757d8047	Odoanta of Akwa Ibom State University, Nigeria	10.15468/s1circ	CC0_1_0	OCCURRENCE		3dc9105b-6792-4d2f-8872-c60dded8ae20	Forestry Research Institute of Nigeria	NG	31a385af-e214-435d-8884-460f1cd060d4	Akwa Ibom State University	NG	6529bcb5-a542-4fda-be87-54a624515335		BID-AF2017-0311-SMA	836	
70a040ec-90e9-4596-9b1b-41778fba6549	Macroinvertebrates in 57 ponds in the Faroe Islands in 2002	10.15468/6v9yct	CC_BY_4_0	SAMPLING_EVENT	OBSERVATION	299958e0-4c06-11d8-b290-b8a03c50a862	Danish Biodiversity Information Facility	DK	a8a6a199-031f-4d9e-b912-6c5e25b054b8	Faroe Islands National Museum	FO	4ddd294f-02b7-4359-ac33-0806a9ca9c6b		10.3390/insects13100923	456	
dffb5e6b-d847-46ac-a851-70e2cf0bddd0	Animal Collections Of The Department of Zoology- Nasarawa State University Keffi	10.15468/agdzck	CC_BY_NC_4_0	OCCURRENCE		3dc9105b-6792-4d2f-8872-c60dded8ae20	Forestry Research Institute of Nigeria	NG	3dc9105b-6792-4d2f-8872-c60dded8ae20	Forestry Research Institute of Nigeria	NG	6529bcb5-a542-4fda-be87-54a624515335		BID-AF2017-0210-NAC	54	
9b619ff5-188c-435e-9328-8d819236ac51	The list of short-horned flies (Diptera, Brachycera) of the Zhiguli Reserve	10.15468/skqldm	CC_BY_4_0	CHECKLIST		fcb15579-e732-4e2d-aa74-796787ef8c27	Institute of Mathematical Problems of Biology RAS – the Branch of Keldysh Institute of Applied Mathematics of Russian Academy of Sciences	RU	36a57305-7751-49d3-9752-d2225120f32d	I.I. Sprygin Zhiguli State Nature Biosphere Reserve	RU	7f48e0c8-5c96-49ec-b972-30748e339115		Russia2019_03	0	654
ec3805da-46a8-433b-bebc-20fed11f9e1e	Academy of Natural Sciences of Philadelphia Invertebrate Paleontology Collection	10.15468/2sau34	CC_BY_NC_4_0	OCCURRENCE	SPECIMEN	f9b67ad0-9c9b-11d9-b9db-b8a03c50a862	Academy of Natural Sciences	US	f9b67ad0-9c9b-11d9-b9db-b8a03c50a862	Academy of Natural Sciences	US	8618c64a-93e0-4300-b546-7249e5148ed2			3818	
91446197-ebeb-4399-ade7-9fe733a717eb	Jewel Bulk Samples Collection	10.25919/5zgp-r386	CC_BY_4_0	OCCURRENCE		3c5e4331-7f2f-4a8d-aa56-81ece7014fc8	Atlas of Living Australia	AU	64bd66c1-e7d3-48d0-9462-488729aed122	Commonwealth Scientific and Industrial Research Organisation	AU	4a6f1b71-969e-4fc5-a693-282b05e1220c			2423	
9b12d595-11ea-4128-88ea-ed378eb9ea9a	Mississippi Entomological Museum	10.15468/iuhxpw	CC0_1_0	OCCURRENCE		96710dc8-fecb-440d-ae3e-c34ae8a9616f	Symbiota Support Hub	US	c2ecae57-6701-485e-9ebd-5f87b2945cb2	Mississippi Entomological Museum	US	8618c64a-93e0-4300-b546-7249e5148ed2	0479d6b2-a4f4-4307-8346-0b80e8c88c66		416273	
9040d60a-2486-4f5e-a508-07401ce98f15	Arkansas Plecoptera V1 data set	10.15468/yx25ze	CC_BY_4_0	OCCURRENCE	SPECIMEN	bb922300-7ddb-11de-a300-90ac77aa923f	ZooKeys	BG	750a8724-fa66-4c27-b645-bd58ac5ee010	Biodiversity Data Journal	BG	7f48e0c8-5c96-49ec-b972-30748e339115			3561	
ec4e6fa9-9bae-4e5b-af77-17cf0a1a6725	Chilean flower visitors	10.15468/wwjm5s	CC_BY_NC_4_0	OCCURRENCE	SPECIMEN	bf0d80b3-46da-4e60-b1cf-39f2320acb43	Ministerio del Medio Ambiente de Chile	CL	025d493f-c50c-4d6e-948b-62e86c86a49f	Pontificia Universidad Católica de Valparaíso	CL	a8b16421-d80b-4ef3-8f22-098b01a89255		NE/S011870/1	12001	
c081d6d4-cb80-45b3-b9cd-dab5568b8c5e	MPM Milwaukee Public Museum Invertebrate Zoology Collection	10.15468/d1zyd0	CC0_1_0	OCCURRENCE		a86e9e36-12ec-49a4-a94c-c0c981fffb71	iDigBio	US	845f3630-812c-11de-86fe-b8a03c50a862	Milwaukee Public Museum	US	8618c64a-93e0-4300-b546-7249e5148ed2			48397	
9813ea12-db95-4695-8c7a-b001e2ac5a2c	The InBIO Barcoding Initiative Database: Ypsolopha rhinolophi sp. nov. (Lepidoptera: Ypsolophidae), a new species from Portugal and France unveiled by bats	10.15468/zbu2w8	CC_BY_4_0	OCCURRENCE		cdcc4ce1-7f6e-4ed2-b47c-eb451925b038	Instituto Superior de Agronomia / Universidade de Lisboa	PT	37560003-ae75-43c3-95aa-48c98797aa2a	CIBIO (Research Center in Biodiversity and Genetic Resources) Portugal	PT	673f7038-4262-4149-b753-5658a4e912f6		InBIO Barcoding Initiative	8	
2c5df391-3d22-4c92-b039-bed10c1f62c0	The InBIO Barcoding Initiative Database: Mondeguina, a new genus for Apatetris mediterranella Nel & Varenne, 2012, with description of a new species from Portugal (Lepidoptera, Gelechiidae)	10.15468/au3pbu	CC_BY_4_0	OCCURRENCE		cdcc4ce1-7f6e-4ed2-b47c-eb451925b038	Instituto Superior de Agronomia / Universidade de Lisboa	PT	37560003-ae75-43c3-95aa-48c98797aa2a	CIBIO (Research Center in Biodiversity and Genetic Resources) Portugal	PT	673f7038-4262-4149-b753-5658a4e912f6		InBIO Barcoding Initiative	3	
12f0a851-62f6-464d-8da9-7c92e1ed4ec7	十八羅漢山自然保護區昆蟲相調查研究計畫	10.15468/htaztq	CC_BY_NC_4_0	OCCURRENCE		12b1df00-3f75-11d8-aa2d-b8a03c50a862	Taiwan Biodiversity Information Facility (TaiBIF)	TW	6ddd1cf5-0655-44ac-a572-cb581a054992	Forestry and Nature Conservation Agency (FANCA)	TW	e1b85abc-61f9-430f-ba79-6813dec53a0f			331	
314ffb47-7e25-4f72-bf98-5f8cc7195f76	Saproxylic beetles of the Po plain woodlands, Italy	10.15468/mwxxd3	CC_BY_4_0	CHECKLIST		1f27e074-e2c0-4cf2-9b78-731e9f789f00	Pensoft Publishers	BG	750a8724-fa66-4c27-b645-bd58ac5ee010	Biodiversity Data Journal	BG	7f48e0c8-5c96-49ec-b972-30748e339115			264	181
68bcf659-9aa6-43a3-aed3-4e1140faa1b5	University of Vermont Zadock Thompson Zoological Collection-Invertebrates	10.15468/jsidn7	CC_BY_NC_4_0	OCCURRENCE		96710dc8-fecb-440d-ae3e-c34ae8a9616f	Symbiota Support Hub	US	8001a8ce-49cc-425c-8ffe-c7f6012398c2	University of Vermont Zadock Thompson Zoological Collection	US	8618c64a-93e0-4300-b546-7249e5148ed2	0479d6b2-a4f4-4307-8346-0b80e8c88c66		10561	
e6137ccd-15b7-47ca-bb81-91dc3003a9b0	K-State Museum of Entomological and Prairie Arthropod Research	10.15468/fbhsf8	CC0_1_0	OCCURRENCE		c1bf22f5-6186-4d64-bfb2-2d76437dde82	SCAN	US	73fb29e5-c684-4edf-b2ee-41b13a4f329f	Kansas State University Museum of Entomological and Prairie Arthropod Research	US	8618c64a-93e0-4300-b546-7249e5148ed2	0479d6b2-a4f4-4307-8346-0b80e8c88c66		29144	
1db5a148-434c-412d-a812-f27a815b7143	5th SpiderIndia Meet 2021	10.15468/s9nqqf	CC0_1_0	OCCURRENCE	OBSERVATION	fbca90e3-8aed-48b1-84e3-369afbd000ce	GBIF Secretariat	ZZ	ba5d0858-075a-430b-b314-ff1debdfb6ec	Nature Mates-Nature Club	IN	7f48e0c8-5c96-49ec-b972-30748e339115			114	
70f36828-f03f-486a-bb62-b4be3cb59d06	Possible vectors associated to Oropouche virus transmission in Cuba, 2024	10.15468/cndehf	CC0_1_0	SAMPLING_EVENT		fbca90e3-8aed-48b1-84e3-369afbd000ce	GBIF Secretariat	ZZ	6b3f7fb9-f6b1-4f7e-9cb3-892b5333892a	Institute of Tropical Medicine Pedro Kourí	CU	7f48e0c8-5c96-49ec-b972-30748e339115			205	
2ea6a803-fcf8-4733-9171-23e3edc59624	UNM Earth Sciences Collection (Arctos)	10.15468/s7se8x	CC0_1_0	OCCURRENCE	SPECIMEN	2053a639-84c3-4be5-b8bc-96b6d88a976c	VertNet	US	e6e2dcf4-60c4-4b16-abea-557a3f89f2aa	University of New Mexico Paleontology Collections (UNMP)	US	8618c64a-93e0-4300-b546-7249e5148ed2	99d66b6c-9087-452f-a9d4-f15f2c2d0e7e;1f2c0cbe-40df-43f6-ba07-e76133e78c31		1560	
6fae4f00-aa74-4942-a972-d7e0adaa15fb	A checklist of Wild Mushrooms of the Atewa Range Forest Reserve, Eastern Region, Ghana.	10.15468/4hcd6v	CC_BY_NC_4_0	CHECKLIST		c2465426-2110-46d2-a06f-8accaedca40d	Department of Marine and Fisheries Sciences, University of Ghana	GH	83cc80f4-f95f-4404-a10a-fc02aa9fee4d	A Rocha Ghana	GH	b5633b75-6a86-4fdf-9cfc-506047fb9dc7		BID-AF2020-140-REG	0	73
41f8f918-1a6b-4e69-89d3-0f570c38a9cb	Specimens from India at the University Museum at the University of Bergen	10.15468/ucqxlm	CC_BY_4_0	OCCURRENCE	SPECIMEN	64795dcb-ad74-41b3-95e5-cc52ba754776	GBIF Norway	NO	3f3967bf-ecc7-4455-ba89-4e0ab6d6fd3c	University of Bergen	NO	4f829580-180d-46a9-9c87-ed8ec959b545			30	
a6cc334b-036a-43d0-ae68-3f84a08e8d97	Gillnet test fishing and radiocaesium (Cs-137) of brown trout (Salmo trutta) and Arctic char (Salvelinus aplinus) 2008 and 2009 from 20 Central Scandinavian lakes: Events	10.15468/qsmqlf	CC_BY_4_0	SAMPLING_EVENT		a8144f37-5ff7-4137-9400-94b5b2ea4ec4	Norwegian University of Science and Technology	NO	a8144f37-5ff7-4137-9400-94b5b2ea4ec4	Norwegian University of Science and Technology	NO	4f829580-180d-46a9-9c87-ed8ec959b545	379a0de5-f377-4661-9a30-33dd844e7b9a		0	
28c6444b-d35e-4863-a342-820a82ba63b7	Gillnet test fishing and radiocaesium (Cs-137) of brown trout (Salmo trutta) and Arctic char (Salvelinus aplinus) 2008 and 2009 from 20 Central Scandinavian lakes: Occurrences	10.15468/fjdaee	CC_BY_4_0	OCCURRENCE		a8144f37-5ff7-4137-9400-94b5b2ea4ec4	Norwegian University of Science and Technology	NO	a8144f37-5ff7-4137-9400-94b5b2ea4ec4	Norwegian University of Science and Technology	NO	4f829580-180d-46a9-9c87-ed8ec959b545	379a0de5-f377-4661-9a30-33dd844e7b9a		5701	
68513375-3aa5-4f6f-9975-d97d56c21d61	Illinois Natural History Survey Insect Collection	10.15468/eol0pe	CC_BY_4_0	OCCURRENCE		fd0038d0-3e7b-11d9-8439-b8a03c50a862	Illinois Natural History Survey	US	fd0038d0-3e7b-11d9-8439-b8a03c50a862	Illinois Natural History Survey	US	8618c64a-93e0-4300-b546-7249e5148ed2			1137776	
b11101b7-a597-438d-b0dd-a681fb8cb5ba	Assessing the impact of pest monitoring traps on Bombus griseocollis (Hymenoptera: Apidae) colony growth and development	10.15468/cg7epd	CC_BY_NC_4_0	OCCURRENCE		c3ad790a-d426-4ac1-8e32-da61f81f0117	United States Geological Survey	US	1e26a630-7203-11dc-a0d8-b8a03c50a862	USDA-ARS Pollinating Insect-Biology, Management, Systematics Research	US	8618c64a-93e0-4300-b546-7249e5148ed2			137	
f8adda58-4001-4acd-b04c-a416b0c0c4b0	NZCS Coeroeni/Sipaliwini River Expeditions 1988/1989	10.15468/njfkl2	CC_BY_NC_4_0	OCCURRENCE		fbca90e3-8aed-48b1-84e3-369afbd000ce	GBIF Secretariat	ZZ	6e5e2c90-092d-4d38-95de-23a5d293e3e7	National Zoological Collection of Suriname (NZCS)	SR	7f48e0c8-5c96-49ec-b972-30748e339115		BID-CA2016-0006-REG	299	
ca2e422f-be48-42a5-bca5-a37cada435c8	FNJV - Fonoteca Neotropical Jacques Vielliard	10.15468/fr6q2k	CC_BY_NC_4_0	OCCURRENCE	SPECIMEN	8595cd50-87c0-11dc-bb35-b8a03c50a862	Centro de Referência em Informação Ambiental	BR	d073b448-6b80-4364-8c38-18d08b88797f	Universidade Estadual de Campinas - Instituto de Biologia	BR	cdc9736d-5ff7-4ece-9959-3c744360cdb3	99d66b6c-9087-452f-a9d4-f15f2c2d0e7e		103162	
61e92984-382b-4158-be6b-e391c7ed5a64	Diversity and abundance of soil macroinvertebrates along a contamination gradient in the Central Urals, Russia	10.15468/7unb96	CC_BY_4_0	SAMPLING_EVENT		23d95083-5f92-48f2-9556-27a5b0f2400d	Institute of Plant and Animal Ecology (IPAE)	RU	23d95083-5f92-48f2-9556-27a5b0f2400d	Institute of Plant and Animal Ecology (IPAE)	RU	7f48e0c8-5c96-49ec-b972-30748e339115		N-Eurasia-Russia2021	64658	
7e2989f0-f762-11e1-a439-00145eb45e9a	Naturhistorisches Museum Mainz, Zoological Collection	10.15468/aaknqu	CC_BY_4_0	OCCURRENCE		57254bd0-8256-11d8-b7ed-b8a03c50a862	Botanic Garden and Botanical Museum Berlin	DE	33aecde5-7e13-4272-9cb7-f4f3b0eb820c	Naturhistorisches Museum Mainz	DE	4f6826f2-4ff6-443d-b966-e6913bd24013			15714	
82fd496c-f762-11e1-a439-00145eb45e9a	Interactive Database of Biodiversity Studies on Terrestrial Arthropod Animals of Korea	10.15468/1t4f4y	CC_BY_4_0	OCCURRENCE		657b7bf0-766b-11d9-9f77-b8a03c50a862	Korea Institute of Science and Technology Information	KR	657b7bf0-766b-11d9-9f77-b8a03c50a862	Korea Institute of Science and Technology Information	KR	e0a1e772-0177-4800-94b4-2d023fe6cdf4			4988	
52a6b422-f894-4c16-91d9-d25388ed4a7e	Diversity of Lepidoptera recorded in a forest nursery of Nordeste county on São Miguel Island (Azores)	10.15468/965r3p	CC_BY_4_0	SAMPLING_EVENT		cdcc4ce1-7f6e-4ed2-b47c-eb451925b038	Instituto Superior de Agronomia / Universidade de Lisboa	PT	0a80feca-b411-428a-a34e-c5c2fa07cdba	Universidade dos Açores	PT	673f7038-4262-4149-b753-5658a4e912f6		Lepidoptera - AZORESBIOPORTAL	33	
3e8022de-bd6e-4368-8b9b-cb21a863a8f2	A revision of European species of the genus Tetrastichus Haliday (Hymenoptera: Eulophidae) using integrative taxonomy	10.3897/bdj.8.e59177	CC_BY_4_0	CHECKLIST		1f27e074-e2c0-4cf2-9b78-731e9f789f00	Pensoft Publishers	BG	750a8724-fa66-4c27-b645-bd58ac5ee010	Biodiversity Data Journal	BG	7f48e0c8-5c96-49ec-b972-30748e339115			293	103
1fb89c2a-2c5c-4084-ae73-28cc753fe206	Distribution and habitat of the Laotian Rock Rat Laonastes aenigmamus Jenkins, Kilpatrick, Robinson & Timmins, 2005 (Rodentia: Diatomyidae) in Vietnam	10.15468/i5e7yj	CC_BY_4_0	CHECKLIST		1f27e074-e2c0-4cf2-9b78-731e9f789f00	Pensoft Publishers	BG	750a8724-fa66-4c27-b645-bd58ac5ee010	Biodiversity Data Journal	BG	7f48e0c8-5c96-49ec-b972-30748e339115			10	3
e919e7e9-b0d2-4b77-92b4-ba3510096417	Price Institute of Parasite Research, School of Biological Sciences, University of Utah	10.15468/s68bn8	CC_BY_NC_4_0	OCCURRENCE		c1bf22f5-6186-4d64-bfb2-2d76437dde82	SCAN	US	ee6ec6e6-cbcc-455c-8ed7-5927c7834fa9	Price Institute of Parasite Research, School of Biological Sciences, University of Utah	US	8618c64a-93e0-4300-b546-7249e5148ed2	0479d6b2-a4f4-4307-8346-0b80e8c88c66		39480	
9cc6fab1-4652-47ec-b89b-db2950629372	Long-lasting effects of logging on beetles in hollow oaks	10.15468/32kgkj	CC_BY_4_0	SAMPLING_EVENT		64795dcb-ad74-41b3-95e5-cc52ba754776	GBIF Norway	NO	8256e897-3a17-4a2d-8bf8-54cf22b624bd	Norwegian University of Life Sciences	NO	4f829580-180d-46a9-9c87-ed8ec959b545			1460	
34fbcf59-d9bb-47e7-9672-99e13ea8c736	Royal BC Museum - Invertebrates Collection	10.5886/zh7n1e	CC_BY_4_0	OCCURRENCE	SPECIMEN	ff7bd5db-b724-4932-b496-10ea298851f9	Université de Montréal Biodiversity Centre	CA	cc6110c7-f75c-47c8-8931-f7dd3f324777	Royal British Columbia Museum	CA	4db9cfd2-1191-4b9d-b579-0b68ceabd968			113552	
861c1ecb-764b-4d89-864b-b913a58fae0a	Odonata of a heath (kerangas) dominated mosaic forest in Central Kalimantan, Indonesia	10.15468/r4yhhr	CC_BY_4_0	OCCURRENCE		2053a639-84c3-4be5-b8bc-96b6d88a976c	VertNet	US	3c79e95c-816d-4585-92c1-b0fa233d2e86	Borneo Nature Foundation	ID	2ebd91f6-f14f-4375-b525-c011a3774f03		BIFA5_017	305	
e9706a52-ee3c-46c3-b14a-c71e3071de6d	Online citizen sciences reveal natural enemies and new occurrence data of Meteorus stellatus Fujie, Shimizu & Maeto, 2021 (Hymenoptera, Braconidae, Euphorinae)	10.3897/bdj.11.e103436	CC_BY_4_0	CHECKLIST		1f27e074-e2c0-4cf2-9b78-731e9f789f00	Pensoft Publishers	BG	750a8724-fa66-4c27-b645-bd58ac5ee010	Biodiversity Data Journal	BG	7f48e0c8-5c96-49ec-b972-30748e339115			36	22
82fad3d0-f762-11e1-a439-00145eb45e9a	Korean Insect Database (Hymenoptera: Ichneumonidae)	10.15468/3a6noo	CC_BY_4_0	OCCURRENCE		657b7bf0-766b-11d9-9f77-b8a03c50a862	Korea Institute of Science and Technology Information	KR	657b7bf0-766b-11d9-9f77-b8a03c50a862	Korea Institute of Science and Technology Information	KR	e0a1e772-0177-4800-94b4-2d023fe6cdf4			299	
b276cb50-d3ea-11dc-ab69-b8a03c50a862	Royal Museum of Central Africa - True Fruit Flies (Diptera, Tephritidae) of the Afrotropical Region (ENBI wp13)	10.15468/rtycar	CC_BY_NC_4_0	OCCURRENCE		37e82b90-1e21-11de-ab90-f72009d2669b	Belgian Biodiversity Platform	BE	37e82b90-1e21-11de-ab90-f72009d2669b	Belgian Biodiversity Platform	BE	fb11cfe1-ebc3-45af-9159-17d9fddbcdac			26133	
0c0ab16f-7565-4b64-9e6d-939d82f4d144	Distribution of flies of medical importance in Thailand	10.15468/efyf5n	CC0_1_0	OCCURRENCE		fbca90e3-8aed-48b1-84e3-369afbd000ce	GBIF Secretariat	ZZ	e29a1806-c1cf-424d-bf0e-4c9557a3b35f	Kasetsart University	TH	7f48e0c8-5c96-49ec-b972-30748e339115			3492	
89be14eb-550c-4b11-816e-4c979c8b0321	Gymnadenia conopsea (L.) R. Br. (Orchidaceae) in the Komi Republic	10.15468/h5wqjn	CC_BY_4_0	OCCURRENCE		cb55694d-f3b8-451c-999e-d9286d7dfc86	Institute of Biology of Komi Scientific Centre of the Ural Branch of the Russian Academy of Sciences	RU	cb55694d-f3b8-451c-999e-d9286d7dfc86	Institute of Biology of Komi Scientific Centre of the Ural Branch of the Russian Academy of Sciences	RU	7f48e0c8-5c96-49ec-b972-30748e339115			311	
cf3abcba-9d1f-40d3-b082-14d9d02758cd	Rapid Documentation Of Avifaunal Diversity of Neora Valley National park, Kalimpong,West Bengal, India	10.15468/e5yfuh	CC0_1_0	SAMPLING_EVENT	OBSERVATION	fbca90e3-8aed-48b1-84e3-369afbd000ce	GBIF Secretariat	ZZ	ba5d0858-075a-430b-b314-ff1debdfb6ec	Nature Mates-Nature Club	IN	7f48e0c8-5c96-49ec-b972-30748e339115			89	
c41029b7-b950-48f3-be69-60267043e020	Taxonomic Checklist of the Dung beetles (Coleoptera: Scarabaeidae: Scarabaeinae) of Sabah, Malaysia Borneo	10.15468/r8s697	CC_BY_NC_4_0	CHECKLIST	DERIVED_FROM_OCCURRENCE	fbca90e3-8aed-48b1-84e3-369afbd000ce	GBIF Secretariat	ZZ	bcca26a2-c260-4784-96f7-fda23a2761fd	Asian School of the Environment	SG	7f48e0c8-5c96-49ec-b972-30748e339115		BIFA6_032	0	251
09bbc830-d80e-4c85-91d9-bd9613505235	Ants (Insecta, Hymenoptera, Formicidae) from the Floresta da Tijuca sector, Parque Nacional da Tijuca, Rio de Janeiro, Brazil	10.3897/bdj.12.e132248	CC_BY_4_0	CHECKLIST		1f27e074-e2c0-4cf2-9b78-731e9f789f00	Pensoft Publishers	BG	750a8724-fa66-4c27-b645-bd58ac5ee010	Biodiversity Data Journal	BG	7f48e0c8-5c96-49ec-b972-30748e339115			166	136
ae8d236f-58e8-485e-a2c7-e1e8ac1d500d	Freshwater species of the Seychelles	10.15468/hr263v	CC_BY_4_0	CHECKLIST		fbca90e3-8aed-48b1-84e3-369afbd000ce	GBIF Secretariat	ZZ	a6d3e394-732f-4232-8d48-0c75194eb4f7	Gaea Seychelles	SC	7f48e0c8-5c96-49ec-b972-30748e339115		https://jrsbiodiversity.org/grants/gaea_seychelles/	0	476
044f96bc-3bf2-4a38-9f7c-8808ab48dbf1	Catches of numerous insect species in Rothamsted 160W light trap at Devonport, Tasmania, 1992-2019	10.5281/zenodo.6820319	CC_BY_4_0	SAMPLING_EVENT		3c5e4331-7f2f-4a8d-aa56-81ece7014fc8	Atlas of Living Australia	AU	3c5e4331-7f2f-4a8d-aa56-81ece7014fc8	Atlas of Living Australia	AU	4a6f1b71-969e-4fc5-a693-282b05e1220c			978104	
38c1351d-9cfe-42c0-97da-02d2c8be141c	Swedish Malaise Trap Project (SMTP) Collection Inventory	10.15468/5becml	CC0_1_0	OCCURRENCE	SPECIMEN	4c415e40-1e21-11de-9e40-a0d6ecebb8bf	GBIF-Sweden	SE	6ba9a8cc-513a-4a51-bf93-6f5de8040a96	Swedish Museum of Natural History	SE	a0b3be64-6525-4387-ac67-a499950f92e1	17abcf75-2f1e-46dd-bf75-a5b21dd02655		149811	
78ab5416-bf56-4714-a2bf-096b16f0e1d8	Effects of vegetation clearing on vascular plants in power line clearings southeast Norway	10.15468/wajmcg	CC_BY_4_0	SAMPLING_EVENT		64795dcb-ad74-41b3-95e5-cc52ba754776	GBIF Norway	NO	8256e897-3a17-4a2d-8bf8-54cf22b624bd	Norwegian University of Life Sciences	NO	4f829580-180d-46a9-9c87-ed8ec959b545	379a0de5-f377-4661-9a30-33dd844e7b9a		13790	
143fd714-b939-4cf7-a078-acdde353a914	MBML Herbarium - Museu de Biologia Mello Leitão - Herbário Virtual REFLORA	10.15468/dmkg7b	CC_BY_4_0	OCCURRENCE	SPECIMEN	838537fc-4aeb-4980-8b58-97fbdcd1d91a	Instituto de Pesquisas Jardim Botanico do Rio de Janeiro	BR	838537fc-4aeb-4980-8b58-97fbdcd1d91a	Instituto de Pesquisas Jardim Botanico do Rio de Janeiro	BR	cdc9736d-5ff7-4ece-9959-3c744360cdb3	4b0d8edb-7504-42c4-9349-63e86c01bf97		26180	
491177c8-d074-46c0-9da3-0e9d1794936f	Wild bees of Grand Staircase-Escalante National Monument	10.7717/peerj.5867	CC_BY_NC_4_0	OCCURRENCE		c3ad790a-d426-4ac1-8e32-da61f81f0117	United States Geological Survey	US	1e26a630-7203-11dc-a0d8-b8a03c50a862	USDA-ARS Pollinating Insect-Biology, Management, Systematics Research	US	8618c64a-93e0-4300-b546-7249e5148ed2			98720	
09481069-bcc4-4740-9882-077d120e16cc	Wild bee species of the avocado mosaic of Michoacan, Mexico: Taxonomic and ecomorphological traits	10.15468/w9667b	CC_BY_4_0	CHECKLIST	INVENTORY_REGIONAL	f6faa566-47f0-41c9-8056-5d715cae7c23	Instituto de Ecología A.C. Centro Regional del Bajío	MX	f6faa566-47f0-41c9-8056-5d715cae7c23	Instituto de Ecología A.C. Centro Regional del Bajío	MX	b324e8e9-9a4c-44fa-8f1a-7f39ea7ab576			0	346
b10cb067-2172-494c-986b-ab7432b7160d	Mammals of Oman	10.15468/94quqa	CC0_1_0	CHECKLIST		fbca90e3-8aed-48b1-84e3-369afbd000ce	GBIF Secretariat	ZZ	d655e99f-5500-42ef-8137-518b4b0a7235	Environment Authority	OM	7f48e0c8-5c96-49ec-b972-30748e339115			0	0
822991fc-0532-46b0-8dda-d17dd6cdb8df	Sampling Event and Occurrence Records of Dung Beetles (Coleoptera: Scarabaeidae: Scarabaeinae) from Sabah, Malaysia Borneo	10.15468/kdt8vd	CC_BY_NC_4_0	SAMPLING_EVENT		fbca90e3-8aed-48b1-84e3-369afbd000ce	GBIF Secretariat	ZZ	bcca26a2-c260-4784-96f7-fda23a2761fd	Asian School of the Environment	SG	7f48e0c8-5c96-49ec-b972-30748e339115		BIFA6_032	47905	
01c5963f-25c7-4361-8ee8-30f6a6ff98e4	Especies de Anacroneuria (Insecta: Plecoptera: Perlidae) de Colombia, depositadas en el Museo de Entomología de la Universidad del Valle (Cali, Colombia)	10.15472/rfvga5	CC_BY_4_0	OCCURRENCE		c4f66525-4d36-4c18-82ac-98e088f54db4	Sistema de Información sobre Biodiversidad de Colombia - SiB	CO	85be57ed-f187-49c9-b7ff-eaa622e06217	Universidad del Valle	CO	7e865cba-7c46-417b-ade5-97f2cf5b7be0			579	
c28743cc-fcaa-4e80-8c42-ece6a20dea70	NZCS Tafelberg Expeditions 2003/2005/2013	10.15468/txoxeu	CC_BY_NC_4_0	OCCURRENCE		fbca90e3-8aed-48b1-84e3-369afbd000ce	GBIF Secretariat	ZZ	6e5e2c90-092d-4d38-95de-23a5d293e3e7	National Zoological Collection of Suriname (NZCS)	SR	7f48e0c8-5c96-49ec-b972-30748e339115		BID-CA2016-0006-REG	278	
5f8c1349-e996-47c7-9381-7ec22a1f2a9e	Biodiversity through students' eyes - Marcoussis, 2023 - ENGIE Renewables	10.15468/azah24	CC_BY_NC_4_0	OCCURRENCE		5d5e5d82-076c-4e9a-b5b0-c88d1b691a6a	GBIF France	FR	76c3443b-bf10-4fb6-a6e7-aeaa65be383c	ENGIE	FR	da44cd31-5901-4687-a106-6d1c7734ee3a			3002	
d946f5cd-70a9-4a0d-84a1-15bab6b2f552	Monitoring populations of Popillia japonica (Newman, 1838) over 16 years in the Azorean Islands	10.15468/gk6p48	CC_BY_4_0	OCCURRENCE	OBSERVATION	cdcc4ce1-7f6e-4ed2-b47c-eb451925b038	Instituto Superior de Agronomia / Universidade de Lisboa	PT	0a80feca-b411-428a-a34e-c5c2fa07cdba	Universidade dos Açores	PT	673f7038-4262-4149-b753-5658a4e912f6		POPILLIA -AZORES	95176	
76cc7230-76b6-4763-9caf-22626b29c0a6	Saltabel - Orthoptera in Belgium	10.15468/1rcpsq	CC0_1_0	OCCURRENCE		1cd669d0-80ea-11de-a9d0-f1765f95f18b	Research Institute for Nature and Forest (INBO)	BE	1cd669d0-80ea-11de-a9d0-f1765f95f18b	Research Institute for Nature and Forest (INBO)	BE	fb11cfe1-ebc3-45af-9159-17d9fddbcdac	17abcf75-2f1e-46dd-bf75-a5b21dd02655		46830	
39c2d84a-4a44-4b19-afda-34124377957d	Obtención de los códigos de barras genéticos de ADN de especies de arácnidos en los ecosistemas forestales de montaña del Ecuador organizados en una plataforma digital a través de una aplicación web para estudios de biodiversidad.	10.60545/sbpk0b	CC_BY_NC_4_0	OCCURRENCE		c54097e6-0972-4acb-b849-eaeba29c917d	Ministerio del Ambiente, Agua y Transición Ecológica de Ecuador - MAATE	EC	e62f0c10-13a1-4306-bdad-1e0a4c27d0d0	Pontificia Universidad Católica del Ecuador	EC	2dc472f1-c3d9-486d-b3c1-12ca7ba1ed22		MAE-DNB-CM-2020-0130	168	
c3ef6404-277e-4b8b-93a0-588e9eab643a	Alterra (NL) - Microarthropods inventory in Dune vegetation	10.15468/zv3lch	CC_BY_NC_4_0	OCCURRENCE		cace8d10-2646-11d8-a2da-b8a03c50a862	Netherlands Biodiversity Information Facility (NLBIF)	NL	2498d55c-dcd2-4caf-abb7-14f2ffe05c37	Wageningen Environmental Research	NL	0909d601-bda2-42df-9e63-a6d51847ebce			936	
ce416850-8934-11dc-9962-b8a03c50a862	Ghent  University - Zoology Museum - Insect collection	10.15468/6fcelj	CC_BY_4_0	OCCURRENCE		37e82b90-1e21-11de-ab90-f72009d2669b	Belgian Biodiversity Platform	BE	05c249d0-dfa0-11d8-b22e-b8a03c50a862	Ghent University	BE	fb11cfe1-ebc3-45af-9159-17d9fddbcdac			16704	
1ec61203-14fa-4fbd-8ee5-a4a80257b45a	The National Checklist of Taiwan (Catalogue of Life in Taiwan, TaiCOL)	10.15468/auw1kd	CC_BY_4_0	CHECKLIST		12b1df00-3f75-11d8-aa2d-b8a03c50a862	Taiwan Biodiversity Information Facility (TaiBIF)	TW	12b1df00-3f75-11d8-aa2d-b8a03c50a862	Taiwan Biodiversity Information Facility (TaiBIF)	TW	e1b85abc-61f9-430f-ba79-6813dec53a0f			0	137426
2356f899-6244-4bbb-aa33-50e29132e86a	Lund University Biological Museum - Insect collections Inventory	10.15468/dahk2a	CC_BY_NC_4_0	OCCURRENCE	SPECIMEN	4c415e40-1e21-11de-9e40-a0d6ecebb8bf	GBIF-Sweden	SE	c0758a16-296b-4ec3-97fd-8a057d9060f3	Lund University Biological Museum	SE	a0b3be64-6525-4387-ac67-a499950f92e1	17abcf75-2f1e-46dd-bf75-a5b21dd02655		182099	
fdcd944c-20b1-4d9e-b771-8df5bc27284b	Alterra (NL) - Microarthropods inventory in drift sands	10.15468/if4hsc	CC_BY_NC_4_0	OCCURRENCE		cace8d10-2646-11d8-a2da-b8a03c50a862	Netherlands Biodiversity Information Facility (NLBIF)	NL	2498d55c-dcd2-4caf-abb7-14f2ffe05c37	Wageningen Environmental Research	NL	0909d601-bda2-42df-9e63-a6d51847ebce			1065	
6e1af587-c4f3-4526-bedf-9ee5130755ee	Alterra (NL) - Microarthropods inventory in Cranendonck area	10.15468/cgnprl	CC_BY_NC_4_0	OCCURRENCE		cace8d10-2646-11d8-a2da-b8a03c50a862	Netherlands Biodiversity Information Facility (NLBIF)	NL	2498d55c-dcd2-4caf-abb7-14f2ffe05c37	Wageningen Environmental Research	NL	0909d601-bda2-42df-9e63-a6d51847ebce			192	
6baf2807-2cb4-48cd-aede-da0503b13003	Alterra (NL) - Microarthropods inventory in a range of forests	10.15468/iegr77	CC_BY_NC_4_0	OCCURRENCE		cace8d10-2646-11d8-a2da-b8a03c50a862	Netherlands Biodiversity Information Facility (NLBIF)	NL	2498d55c-dcd2-4caf-abb7-14f2ffe05c37	Wageningen Environmental Research	NL	0909d601-bda2-42df-9e63-a6d51847ebce			510	
e0e99707-eb75-416d-9f1f-1fa369fa2a3b	Alterra (NL) - Microarthropods inventory in European countries	10.15468/zkqto2	CC_BY_NC_4_0	OCCURRENCE		cace8d10-2646-11d8-a2da-b8a03c50a862	Netherlands Biodiversity Information Facility (NLBIF)	NL	2498d55c-dcd2-4caf-abb7-14f2ffe05c37	Wageningen Environmental Research	NL	0909d601-bda2-42df-9e63-a6d51847ebce			1134	
0b86ff4c-ea2e-4927-850c-5be5bd60cd20	Alterra (NL) - Entomofauna inventory in peat swamps	10.15468/ibom6z	CC_BY_NC_4_0	OCCURRENCE		cace8d10-2646-11d8-a2da-b8a03c50a862	Netherlands Biodiversity Information Facility (NLBIF)	NL	2498d55c-dcd2-4caf-abb7-14f2ffe05c37	Wageningen Environmental Research	NL	0909d601-bda2-42df-9e63-a6d51847ebce			44051	
95634901-8e40-4fb1-8af8-02eb0aa9b127	Occurrence data of caddisflies in Kenya available at the National Museums of Kenya, Natural History Collections, Invertebrates Zoology Section	10.15468/i1y6ni	CC_BY_NC_4_0	OCCURRENCE		fd515d3a-b237-42de-bba6-760008580da5	National Museums of Kenya	KE	fd515d3a-b237-42de-bba6-760008580da5	National Museums of Kenya	KE	2a44d626-9f7a-4120-8a7a-4ab5ac15ff2a		BID-AF2015-0134-REG	600	
9f67b8e1-25dc-4316-83c1-e0795e1b29d9	Alterra (NL) - Microarthropods inventory in Heathland	10.15468/z8etgr	CC_BY_NC_4_0	OCCURRENCE		cace8d10-2646-11d8-a2da-b8a03c50a862	Netherlands Biodiversity Information Facility (NLBIF)	NL	2498d55c-dcd2-4caf-abb7-14f2ffe05c37	Wageningen Environmental Research	NL	0909d601-bda2-42df-9e63-a6d51847ebce			324	
d2e91e98-c145-4d02-83db-456a43ed04a8	Alterra (NL) - Entomofauna inventory in dead wood	10.15468/2pz1c0	CC_BY_NC_4_0	OCCURRENCE		cace8d10-2646-11d8-a2da-b8a03c50a862	Netherlands Biodiversity Information Facility (NLBIF)	NL	2498d55c-dcd2-4caf-abb7-14f2ffe05c37	Wageningen Environmental Research	NL	0909d601-bda2-42df-9e63-a6d51847ebce			1801	
0a180756-7f7e-44c6-ba27-09d22f37e873	Alterra (NL) - Entomofauna inventory in cattle grazed dune grassland	10.15468/zp5oif	CC_BY_NC_4_0	OCCURRENCE		cace8d10-2646-11d8-a2da-b8a03c50a862	Netherlands Biodiversity Information Facility (NLBIF)	NL	2498d55c-dcd2-4caf-abb7-14f2ffe05c37	Wageningen Environmental Research	NL	0909d601-bda2-42df-9e63-a6d51847ebce			5729	
d89cb35d-83db-47fa-8110-6649c269b380	Alterra (NL) - Entomofauna inventory in riverside grasslands	10.15468/hlhr1r	CC_BY_NC_4_0	OCCURRENCE		cace8d10-2646-11d8-a2da-b8a03c50a862	Netherlands Biodiversity Information Facility (NLBIF)	NL	2498d55c-dcd2-4caf-abb7-14f2ffe05c37	Wageningen Environmental Research	NL	0909d601-bda2-42df-9e63-a6d51847ebce			20187	
647490ab-72e9-4dd6-ac83-8f771494df36	Colección Entomológica Universidad de Antioquia	10.15472/tyebaw	CC_BY_4_0	OCCURRENCE		c4f66525-4d36-4c18-82ac-98e088f54db4	Sistema de Información sobre Biodiversidad de Colombia - SiB	CO	cccff716-2694-4209-9f9e-2f7a484465a0	Universidad de Antioquia	CO	7e865cba-7c46-417b-ade5-97f2cf5b7be0			103127	
f4ac246f-8185-4b57-90e3-307d8962103c	Alterra (NL) - Microarthropods inventory in militairy zone Leusderheide	10.15468/vkvn5n	CC_BY_NC_4_0	OCCURRENCE		cace8d10-2646-11d8-a2da-b8a03c50a862	Netherlands Biodiversity Information Facility (NLBIF)	NL	2498d55c-dcd2-4caf-abb7-14f2ffe05c37	Wageningen Environmental Research	NL	0909d601-bda2-42df-9e63-a6d51847ebce			717	
19bc01d7-8a5f-4048-9699-8bf7385d8804	Alterra (NL) - Microarthropods inventory in grassland and arable land	10.15468/fwvi7m	CC_BY_NC_4_0	OCCURRENCE		cace8d10-2646-11d8-a2da-b8a03c50a862	Netherlands Biodiversity Information Facility (NLBIF)	NL	2498d55c-dcd2-4caf-abb7-14f2ffe05c37	Wageningen Environmental Research	NL	0909d601-bda2-42df-9e63-a6d51847ebce			662	
b581fcfa-9f31-431a-8431-1800ef8a554b	Insect collection, UiT, University Museum (TSZ). Insect labeling project and PhD-duty-work	10.15468/sccng6	CC_BY_4_0	OCCURRENCE		64795dcb-ad74-41b3-95e5-cc52ba754776	GBIF Norway	NO	689b40c4-ff31-4cd0-83a5-a7a828f1cd92	UiT The Arctic University of Norway	NO	4f829580-180d-46a9-9c87-ed8ec959b545	17abcf75-2f1e-46dd-bf75-a5b21dd02655		2168	
6f709fbf-67c5-4ae0-afe9-e8bc3ad6e2dc	Alterra (NL) - Microarthropods inventory in grasslands in the province of Friesland	10.15468/ruhgme	CC_BY_NC_4_0	OCCURRENCE		cace8d10-2646-11d8-a2da-b8a03c50a862	Netherlands Biodiversity Information Facility (NLBIF)	NL	2498d55c-dcd2-4caf-abb7-14f2ffe05c37	Wageningen Environmental Research	NL	0909d601-bda2-42df-9e63-a6d51847ebce			1395	
7e1d9b3b-a73c-465a-aa55-a70bfa3138f3	Alterra (NL) - Entomofauna inventory in Speulder forest	10.15468/bzy3j3	CC_BY_NC_4_0	OCCURRENCE		cace8d10-2646-11d8-a2da-b8a03c50a862	Netherlands Biodiversity Information Facility (NLBIF)	NL	2498d55c-dcd2-4caf-abb7-14f2ffe05c37	Wageningen Environmental Research	NL	0909d601-bda2-42df-9e63-a6d51847ebce			1547	
f02240a8-f206-467b-a379-fdce36beb808	Alterra (NL) - Microarthropods inventories by Henk Siepel on various locations	10.15468/yhakfm	CC_BY_NC_4_0	OCCURRENCE		cace8d10-2646-11d8-a2da-b8a03c50a862	Netherlands Biodiversity Information Facility (NLBIF)	NL	2498d55c-dcd2-4caf-abb7-14f2ffe05c37	Wageningen Environmental Research	NL	0909d601-bda2-42df-9e63-a6d51847ebce			5920	
63add3c5-6d15-42b2-9e67-f81979c6ef65	Alterra (NL) - Comparison entomofauna in cities en countrysides	10.15468/guxqfv	CC_BY_NC_4_0	OCCURRENCE		cace8d10-2646-11d8-a2da-b8a03c50a862	Netherlands Biodiversity Information Facility (NLBIF)	NL	2498d55c-dcd2-4caf-abb7-14f2ffe05c37	Wageningen Environmental Research	NL	0909d601-bda2-42df-9e63-a6d51847ebce			15339	
c5fedebf-acd1-4dec-8d04-e24f7564bce6	Alterra (NL) - Entomofauna inventory in arable fields Hoeksche Waard	10.15468/75nlbn	CC_BY_NC_4_0	OCCURRENCE		cace8d10-2646-11d8-a2da-b8a03c50a862	Netherlands Biodiversity Information Facility (NLBIF)	NL	2498d55c-dcd2-4caf-abb7-14f2ffe05c37	Wageningen Environmental Research	NL	0909d601-bda2-42df-9e63-a6d51847ebce			845	
b7b50ad1-8ef9-40cb-8c8b-a2f81b9d9af5	Alterra (NL) - Microarthropods  inventory in calcareous grasslands	10.15468/28jocn	CC_BY_NC_4_0	OCCURRENCE		cace8d10-2646-11d8-a2da-b8a03c50a862	Netherlands Biodiversity Information Facility (NLBIF)	NL	2498d55c-dcd2-4caf-abb7-14f2ffe05c37	Wageningen Environmental Research	NL	0909d601-bda2-42df-9e63-a6d51847ebce			2962	
dc55fd8a-47af-47fe-a59e-a2890c72fed1	Alterra (NL) - Comparison of entomofauna in four different habitats	10.15468/mkoqqh	CC_BY_NC_4_0	OCCURRENCE		cace8d10-2646-11d8-a2da-b8a03c50a862	Netherlands Biodiversity Information Facility (NLBIF)	NL	2498d55c-dcd2-4caf-abb7-14f2ffe05c37	Wageningen Environmental Research	NL	0909d601-bda2-42df-9e63-a6d51847ebce			14549	
30eca5bd-6a4f-46de-9e6f-d6ede90850dc	Alterra (NL) - Biological Indicator Soil Quality-Microarthropods inventory in different habitats	10.15468/unnfwk	CC_BY_NC_4_0	OCCURRENCE		cace8d10-2646-11d8-a2da-b8a03c50a862	Netherlands Biodiversity Information Facility (NLBIF)	NL	2498d55c-dcd2-4caf-abb7-14f2ffe05c37	Wageningen Environmental Research	NL	0909d601-bda2-42df-9e63-a6d51847ebce			19237	
f9812985-b953-46f4-b03f-0e7f78ea8ec2	Jumping plant lice (Hemiptera, Psylloidea) of Bulgaria – an annotated checklist	10.15468/9bjab9	CC_BY_4_0	OCCURRENCE	SPECIMEN	fbca90e3-8aed-48b1-84e3-369afbd000ce	GBIF Secretariat	ZZ	1f5785cc-6de1-494a-ab33-4b1083f8f1b3	Sofia University Zoological Collection (BFUS)	BG	7f48e0c8-5c96-49ec-b972-30748e339115	8e30b684-6a54-4aba-aa73-66201c2c736e		5546	
7d033570-ffe0-4858-97f5-7ae75fb68b0e	Ehime University Coleoptera Collection	10.15468/wdnolk	CC_BY_NC_4_0	OCCURRENCE		c3367060-856b-11d9-8486-b8a03c50a862	National Institute of Genetics, ROIS	JP	c3367060-856b-11d9-8486-b8a03c50a862	National Institute of Genetics, ROIS	JP	db5705aa-6a6e-42f1-8942-d77b9f4896ea			67112	
89ec855f-1478-46ad-a80f-b5249593ba24	Université Pédagogique Nationale de Kinshasa- Les Insectes Comestibles de la R.D. Congo (Entomophagie). Projet CABIN (Central African Biodiversity Information Network)	10.15468/ofzo4o	CC_BY_NC_4_0	OCCURRENCE		575c52b0-a742-11db-a6ff-b8a03c50a862	Royal Museum for Central Africa, Belgium	BE	8b681d05-5039-4bd0-a8b7-ea260e457808	Université Pédagogique Nationale de Kinshasa	CD	fb11cfe1-ebc3-45af-9159-17d9fddbcdac			30	
505aa19e-7ba5-48e7-8946-5a90ae9d37e3	Kyushu University Museum Coleoptera Collection	10.15468/d2rgjg	CC_BY_NC_4_0	OCCURRENCE		c3367060-856b-11d9-8486-b8a03c50a862	National Institute of Genetics, ROIS	JP	c3367060-856b-11d9-8486-b8a03c50a862	National Institute of Genetics, ROIS	JP	db5705aa-6a6e-42f1-8942-d77b9f4896ea			70111	
abd43557-5afd-448a-86cb-8502b368d51b	UWIZM Phasmatodea	10.15468/xmsosd	CC_BY_4_0	OCCURRENCE		fbca90e3-8aed-48b1-84e3-369afbd000ce	GBIF Secretariat	ZZ	954e32db-634d-4d5f-908c-3d14c961b097	The University of the West Indies Zoology Museum (UWIZM)	TT	7f48e0c8-5c96-49ec-b972-30748e339115		BID-CA2016-0006-REG	89	
c9c4b765-59ed-4e7b-bbb8-9205f66f288c	Hokkaido University Coleoptera Collection	10.15468/xejzxw	CC_BY_NC_4_0	OCCURRENCE		c3367060-856b-11d9-8486-b8a03c50a862	National Institute of Genetics, ROIS	JP	c3367060-856b-11d9-8486-b8a03c50a862	National Institute of Genetics, ROIS	JP	db5705aa-6a6e-42f1-8942-d77b9f4896ea			18354	
7b468209-8d5c-477b-b118-cdf04dde9912	IZIKO South Africa Museum Collection (1800-2013)	10.15468/vf3ko1	CC_BY_4_0	OCCURRENCE		c5f7ef70-e233-11d9-a4d6-b8a03c50a862	South African National Biodiversity Institute	ZA	c5f7ef70-e233-11d9-a4d6-b8a03c50a862	South African National Biodiversity Institute	ZA	7190b835-4e86-4b6e-85c1-19cc6677c250	8e30b684-6a54-4aba-aa73-66201c2c736e		258397	
7f66928f-2995-44d1-9a13-5cd263d5708c	Nymphalidae butterflies Occurrence data	10.15468/oxrcmv	CC_BY_NC_4_0	OCCURRENCE		fd515d3a-b237-42de-bba6-760008580da5	National Museums of Kenya	KE	fd515d3a-b237-42de-bba6-760008580da5	National Museums of Kenya	KE	2a44d626-9f7a-4120-8a7a-4ab5ac15ff2a		BID-AF2017-0274-NAC	9328	
7fafc0ae-7e73-4cec-b280-84bb69b62d75	Colecção Entomológica IIA	10.15468/bhqdhp	CC_BY_4_0	OCCURRENCE		cdcc4ce1-7f6e-4ed2-b47c-eb451925b038	Instituto Superior de Agronomia / Universidade de Lisboa	PT	ef8a2d00-9c4e-4973-a83c-951c1be11915	INSTITUTO DE INVESTIGAÇÃO AGRONÓMICA - IIA	AO	7f48e0c8-5c96-49ec-b972-30748e339115		BID-AF2015-0122-NAC	12859	
be250544-88a3-4a29-951f-2f161c01b693	Checklist of Animals in the South-Sothern Nigerian Coast	10.15468/uctw62	CC_BY_4_0	CHECKLIST		3dc9105b-6792-4d2f-8872-c60dded8ae20	Forestry Research Institute of Nigeria	NG	bdee9e20-df5e-4ef8-a012-53d2e83010e4	University of Lagos	NG	6529bcb5-a542-4fda-be87-54a624515335	2b7c7b4f-4d4f-40d3-94de-c28b6fa054a6	BID-AF2020-022-NAC	0	621
f83035bf-bcc7-45b1-87e6-ccd7d9922eed	A Record of Fauna in South-Southern Region of the Nigerian Coastal Environments	10.15468/aw3p7q	CC_BY_4_0	OCCURRENCE		3dc9105b-6792-4d2f-8872-c60dded8ae20	Forestry Research Institute of Nigeria	NG	bdee9e20-df5e-4ef8-a012-53d2e83010e4	University of Lagos	NG	6529bcb5-a542-4fda-be87-54a624515335	2b7c7b4f-4d4f-40d3-94de-c28b6fa054a6	BID-AF2020-022-NAC	883	
13384d38-38ab-49c2-8968-f15f4e70193e	U.S. Fish and Wildlife Service Great Lakes Native Bee Survey	10.15468/jr59af	CC0_1_0	SAMPLING_EVENT	OBSERVATION	c3ad790a-d426-4ac1-8e32-da61f81f0117	United States Geological Survey	US	f8dbeca7-3131-41ab-872f-bfad71041f3f	United States Fish and Wildlife Service	US	8618c64a-93e0-4300-b546-7249e5148ed2		glri_ptf_bees	9467	
752621cc-8a09-421e-b9ce-18b5b56192d5	Malaise trap catches in Voedselbos Haarzuilens, Netherlands	10.15468/4fd9pt	CC_BY_4_0	OCCURRENCE		cace8d10-2646-11d8-a2da-b8a03c50a862	Netherlands Biodiversity Information Facility (NLBIF)	NL	a29a14ca-d257-4f31-acc0-d0b867ee723f	European Invertebrate Survey (EIS) - The Netherlands	NL	0909d601-bda2-42df-9e63-a6d51847ebce			672	
5fb59b97-5ae7-473a-bb66-c4da8703700f	Aquatic animals of the Kamogawa River Basin (Fukuoka, Japan) with the photo images	10.15468/0xnzg3	CC_BY_NC_4_0	OCCURRENCE	OBSERVATION	bb922300-7ddb-11de-a300-90ac77aa923f	ZooKeys	BG	750a8724-fa66-4c27-b645-bd58ac5ee010	Biodiversity Data Journal	BG	7f48e0c8-5c96-49ec-b972-30748e339115			611	
b35a84e1-9584-4240-8186-c2461c4b6a06	Occurrence data of dragonflies available at the National Museums of Kenya's Natural History Collection, Invertebrates Zoology Section.	10.15468/dmvqri	CC_BY_NC_4_0	OCCURRENCE		fd515d3a-b237-42de-bba6-760008580da5	National Museums of Kenya	KE	fd515d3a-b237-42de-bba6-760008580da5	National Museums of Kenya	KE	2a44d626-9f7a-4120-8a7a-4ab5ac15ff2a		BID-AF2015-0134-REG	7812	
777dddfc-9b3a-4a68-a2a2-464275f52197	Biodiversity of Phong Nha - Ke Bang National Park, Quang Binh, Viet Nam	10.15468/5b35wa	CC0_1_0	OCCURRENCE		fbca90e3-8aed-48b1-84e3-369afbd000ce	GBIF Secretariat	ZZ	fc7e7628-f548-484e-97a1-b7af4169d88a	Vietnam National Museum of Nature	VN	7f48e0c8-5c96-49ec-b972-30748e339115		ĐTĐL.CN-113/21	497	
443d4938-8d5a-4e2e-a5b8-53fd139bb1d6	Inventory of the terrestrial and freshwater fauna of the Svalbard archipelago	10.15468/mfcetc	CC_BY_4_0	CHECKLIST	INVENTORY_REGIONAL	64795dcb-ad74-41b3-95e5-cc52ba754776	GBIF Norway	NO	8ed66812-b520-43e8-98e3-9490977390e3	The University Centre in Svalbard	SJ	4f829580-180d-46a9-9c87-ed8ec959b545			0	1177
e3a63db5-e90f-4205-bafe-60f5d8fd28a5	Invertebrates of the river Tana Basin in Kenya available at the National Museums of Kenya's Natural History Collections, Invertebrates Zoology Section	10.15468/ua4j3l	CC_BY_NC_4_0	OCCURRENCE		fd515d3a-b237-42de-bba6-760008580da5	National Museums of Kenya	KE	fd515d3a-b237-42de-bba6-760008580da5	National Museums of Kenya	KE	2a44d626-9f7a-4120-8a7a-4ab5ac15ff2a		60704 JRS-NMK	21198	
73319645-c321-48ed-b923-b3782a203589	IberArthro: A database compiling taxonomic and distributional data on Ibero-Balearic arthropods	10.15470/pqq9oc	CC_BY_NC_4_0	OCCURRENCE		6c4a0bb0-2a4d-11d8-aa2d-b8a03c50a862	GBIF-Spain	ES	74249eb0-0df2-48dd-96a6-be8770eb175b	Department of Ecology and Hydrology. University of Murcia	ES	1f94b3ca-9345-4d65-afe2-4bace93aa0fe		Digit_Artro 	1006768	
94f657f2-f623-490c-81be-992b053b6327	Vermont Department of Environmental Conservation (VTDEC) Aquatic Biomonitoring	10.15468/sw9weh	CC_BY_NC_4_0	SAMPLING_EVENT	SPECIMEN	b6d09100-919d-4026-b35b-22be3dae7156	Vermont Center for Ecostudies	US	b6d09100-919d-4026-b35b-22be3dae7156	Vermont Center for Ecostudies	US	8618c64a-93e0-4300-b546-7249e5148ed2			527505	
b8c97ae9-e444-48d8-8705-198d8c1e6fdd	MIZ PAS Zoological Collections	10.15468/hv2gbm	CC_BY_NC_4_0	OCCURRENCE	SPECIMEN	17fba53b-3c1b-4689-82e1-4d66ad4f445c	GBIF Poland	PL	e147be40-75eb-11d9-b257-b8a03c50a862	Museum and Institute of Zoology, Polish Academy of Sciences (MIIZ PAN)	PL	2618bfdf-e194-4911-a241-80db3107bc51		IMBIO	313488	
2c68786e-352f-4eb3-8c20-c70ca13d7500	Research Specimens (Aves) at Thiruvananthapuram Natural History Museum (TNHM)	10.15468/c258ee	CC_BY_4_0	OCCURRENCE	SPECIMEN	fbca90e3-8aed-48b1-84e3-369afbd000ce	GBIF Secretariat	ZZ	ab877dd0-fb3c-47ea-a78c-4e92f30ee1e8	Thiruvananthapuram Natural History Museum	IN	7f48e0c8-5c96-49ec-b972-30748e339115			2227	
e578ee50-09b8-4896-914f-0cbd7ca1ea18	Above ground insect occurences across Namibia in 2023	10.15468/st5xu9	CC_BY_4_0	OCCURRENCE	OBSERVATION	fbca90e3-8aed-48b1-84e3-369afbd000ce	GBIF Secretariat	ZZ	73c582d5-70b7-4fd5-960d-4001d349c5b6	University of Namibia	NA	7f48e0c8-5c96-49ec-b972-30748e339115			0	
bb81601d-d838-4007-b863-208d588b4a3b	Listado de las especies de Mordellidae (Coleoptera: Tenebrionoidea) de Colombia	10.15472/abvxw3	CC_BY_4_0	CHECKLIST		c4f66525-4d36-4c18-82ac-98e088f54db4	Sistema de Información sobre Biodiversidad de Colombia - SiB	CO	2c39be5c-c11e-46d0-bcb4-552f2072d19f	Coleoptera de Colombia	CO	7e865cba-7c46-417b-ade5-97f2cf5b7be0			0	23
04e49da0-431f-4cfb-b043-f61abae935b5	Listado de las especies de Noteridae (Coleoptera: Adephaga) de Colombia	10.15472/rwfj6h	CC_BY_4_0	CHECKLIST		c4f66525-4d36-4c18-82ac-98e088f54db4	Sistema de Información sobre Biodiversidad de Colombia - SiB	CO	2c39be5c-c11e-46d0-bcb4-552f2072d19f	Coleoptera de Colombia	CO	7e865cba-7c46-417b-ade5-97f2cf5b7be0			0	21
498b3b23-1d9f-45e3-9fe7-837e22b5a2b6	Listado de las especies de Callirhipidae (Coleoptera: Byrrhoidea) de Colombia	10.15472/elddwn	CC_BY_4_0	CHECKLIST		c4f66525-4d36-4c18-82ac-98e088f54db4	Sistema de Información sobre Biodiversidad de Colombia - SiB	CO	2c39be5c-c11e-46d0-bcb4-552f2072d19f	Coleoptera de Colombia	CO	7e865cba-7c46-417b-ade5-97f2cf5b7be0			0	14
252b8fe6-b50c-47ad-94ea-9c9b10fee278	Macroinvertebrados acuáticos bioindicadores de calidad de agua utilizados en la calibración de los índices BMWP-RD e IBF-RD para ríos de República Dominicana	10.15468/wugdac	CC_BY_4_0	SAMPLING_EVENT		fbca90e3-8aed-48b1-84e3-369afbd000ce	GBIF Secretariat	ZZ	e0f5c405-4f17-426d-a06e-688e31f60d05	Instituto de Investigaciones Botánicas y Zoológicas - Prof. Rafael M. Moscoso, Universidad Autónoma de Santo Domingo	DO	7f48e0c8-5c96-49ec-b972-30748e339115		BID-CA2020-031-NAC	503	
6ff41330-8bc9-4283-819b-8759784f5e94	Bee Fauna of National Wildlife Refuges in the Pacific Northwest, 2010-2016	10.15468/ppjnys	CC_BY_4_0	OCCURRENCE		c3ad790a-d426-4ac1-8e32-da61f81f0117	United States Geological Survey	US	1e26a630-7203-11dc-a0d8-b8a03c50a862	USDA-ARS Pollinating Insect-Biology, Management, Systematics Research	US	8618c64a-93e0-4300-b546-7249e5148ed2			32175	
7c0d42a3-20cd-43e7-b2f6-2b93e4175724	Listado de las especies de Elmidae (Coleoptera: Byrrhoidea) de Colombia	10.15472/8lqsij	CC_BY_4_0	CHECKLIST		c4f66525-4d36-4c18-82ac-98e088f54db4	Sistema de Información sobre Biodiversidad de Colombia - SiB	CO	2c39be5c-c11e-46d0-bcb4-552f2072d19f	Coleoptera de Colombia	CO	7e865cba-7c46-417b-ade5-97f2cf5b7be0			0	121
57e12797-9fb8-4db3-bfab-f7d835ca3a9b	Listado de las especies de Dryophthorinae (Coleoptera: Curculionidae) de Colombia	10.15472/wtd0tk	CC_BY_4_0	CHECKLIST		c4f66525-4d36-4c18-82ac-98e088f54db4	Sistema de Información sobre Biodiversidad de Colombia - SiB	CO	2c39be5c-c11e-46d0-bcb4-552f2072d19f	Coleoptera de Colombia	CO	7e865cba-7c46-417b-ade5-97f2cf5b7be0			0	128
c4c8e7f4-6d22-440b-97ea-fb9e74bccb6b	Listado de las especies de Buprestidae (Coleoptera: Buprestoidea) de Colombia	10.15472/g5u6tg	CC_BY_4_0	CHECKLIST		c4f66525-4d36-4c18-82ac-98e088f54db4	Sistema de Información sobre Biodiversidad de Colombia - SiB	CO	2c39be5c-c11e-46d0-bcb4-552f2072d19f	Coleoptera de Colombia	CO	7e865cba-7c46-417b-ade5-97f2cf5b7be0			0	241
