#-----------------------------------------------------------
# Vivado v2015.4 (64-bit)
# SW Build 1412921 on Wed Nov 18 09:43:45 MST 2015
# IP Build 1412160 on Tue Nov 17 13:47:24 MST 2015
# Start of session at: Thu Mar 14 06:16:19 2024
# Process ID: 22332
# Current directory: D:/ALL PROGRAMMING LANGUAGES/VERLIOG/LED
# Command line: vivado.exe -gui_launcher_event rodinguilauncherevent15596 D:\ALL PROGRAMMING LANGUAGES\VERLIOG\LED\LED.xpr
# Log file: D:/ALL PROGRAMMING LANGUAGES/VERLIOG/LED/vivado.log
# Journal file: D:/ALL PROGRAMMING LANGUAGES/VERLIOG/LED\vivado.jou
#-----------------------------------------------------------
start_gui
open_project {D:/ALL PROGRAMMING LANGUAGES/VERLIOG/LED/LED.xpr}
CRITICAL WARNING: [Project 1-19] Could not find the file 'C:/Users/Nobel/Downloads/Zybo-Master.xdc'.
Scanning sources...
Finished scanning sources
INFO: [IP_Flow 19-234] Refreshing IP repositories
INFO: [IP_Flow 19-1704] No user IP repositories specified
INFO: [IP_Flow 19-2313] Loaded Vivado IP repository 'D:/Vivado/Vivado/2015.4/data/ip'.
open_project: Time (s): cpu = 00:00:13 ; elapsed = 00:00:07 . Memory (MB): peak = 801.906 ; gain = 213.086
WARNING: [Board 49-26] cannot add Board Part digilentinc.com:arty-s7-25:part0:1.0 available at D:/Vivado/Vivado/2015.4/data/boards/board_files/arty-s7-25/E.0/board.xml as part xc7s25csga324-1 specified in board_part file is either invalid or not available
WARNING: [Board 49-26] cannot add Board Part digilentinc.com:arty-s7-50:part0:1.0 available at D:/Vivado/Vivado/2015.4/data/boards/board_files/arty-s7-50/B.0/board.xml as part xc7s50csga324-1 specified in board_part file is either invalid or not available
WARNING: [Board 49-26] cannot add Board Part digilentinc.com:cmod-s7-25:part0:1.0 available at D:/Vivado/Vivado/2015.4/data/boards/board_files/cmod-s7-25/B.0/board.xml as part xc7s25csga225-1 specified in board_part file is either invalid or not available
WARNING: [Board 49-26] cannot add Board Part digilentinc.com:cora-z7-07s:part0:1.0 available at D:/Vivado/Vivado/2015.4/data/boards/board_files/cora-z7-07s/B.0/board.xml as part xc7z007sclg400-1 specified in board_part file is either invalid or not available
WARNING: [Board 49-26] cannot add Board Part digilentinc.com:arty-s7-25:part0:1.0 available at D:/Vivado/Vivado/2015.4/data/boards/board_files/arty-s7-25/E.0/board.xml as part xc7s25csga324-1 specified in board_part file is either invalid or not available
WARNING: [Board 49-26] cannot add Board Part digilentinc.com:arty-s7-50:part0:1.0 available at D:/Vivado/Vivado/2015.4/data/boards/board_files/arty-s7-50/B.0/board.xml as part xc7s50csga324-1 specified in board_part file is either invalid or not available
WARNING: [Board 49-26] cannot add Board Part digilentinc.com:cmod-s7-25:part0:1.0 available at D:/Vivado/Vivado/2015.4/data/boards/board_files/cmod-s7-25/B.0/board.xml as part xc7s25csga225-1 specified in board_part file is either invalid or not available
WARNING: [Board 49-26] cannot add Board Part digilentinc.com:cora-z7-07s:part0:1.0 available at D:/Vivado/Vivado/2015.4/data/boards/board_files/cora-z7-07s/B.0/board.xml as part xc7z007sclg400-1 specified in board_part file is either invalid or not available
WARNING: [Board 49-26] cannot add Board Part digilentinc.com:arty-s7-25:part0:1.0 available at D:/Vivado/Vivado/2015.4/data/boards/board_files/arty-s7-25/E.0/board.xml as part xc7s25csga324-1 specified in board_part file is either invalid or not available
WARNING: [Board 49-26] cannot add Board Part digilentinc.com:arty-s7-50:part0:1.0 available at D:/Vivado/Vivado/2015.4/data/boards/board_files/arty-s7-50/B.0/board.xml as part xc7s50csga324-1 specified in board_part file is either invalid or not available
WARNING: [Board 49-26] cannot add Board Part digilentinc.com:cmod-s7-25:part0:1.0 available at D:/Vivado/Vivado/2015.4/data/boards/board_files/cmod-s7-25/B.0/board.xml as part xc7s25csga225-1 specified in board_part file is either invalid or not available
WARNING: [Board 49-26] cannot add Board Part digilentinc.com:cora-z7-07s:part0:1.0 available at D:/Vivado/Vivado/2015.4/data/boards/board_files/cora-z7-07s/B.0/board.xml as part xc7z007sclg400-1 specified in board_part file is either invalid or not available
WARNING: [Board 49-26] cannot add Board Part digilentinc.com:arty-s7-25:part0:1.0 available at D:/Vivado/Vivado/2015.4/data/boards/board_files/arty-s7-25/E.0/board.xml as part xc7s25csga324-1 specified in board_part file is either invalid or not available
WARNING: [Board 49-26] cannot add Board Part digilentinc.com:arty-s7-50:part0:1.0 available at D:/Vivado/Vivado/2015.4/data/boards/board_files/arty-s7-50/B.0/board.xml as part xc7s50csga324-1 specified in board_part file is either invalid or not available
WARNING: [Board 49-26] cannot add Board Part digilentinc.com:cmod-s7-25:part0:1.0 available at D:/Vivado/Vivado/2015.4/data/boards/board_files/cmod-s7-25/B.0/board.xml as part xc7s25csga225-1 specified in board_part file is either invalid or not available
WARNING: [Board 49-26] cannot add Board Part digilentinc.com:cora-z7-07s:part0:1.0 available at D:/Vivado/Vivado/2015.4/data/boards/board_files/cora-z7-07s/B.0/board.xml as part xc7z007sclg400-1 specified in board_part file is either invalid or not available
WARNING: [Board 49-26] cannot add Board Part digilentinc.com:arty-s7-25:part0:1.0 available at D:/Vivado/Vivado/2015.4/data/boards/board_files/arty-s7-25/E.0/board.xml as part xc7s25csga324-1 specified in board_part file is either invalid or not available
WARNING: [Board 49-26] cannot add Board Part digilentinc.com:arty-s7-50:part0:1.0 available at D:/Vivado/Vivado/2015.4/data/boards/board_files/arty-s7-50/B.0/board.xml as part xc7s50csga324-1 specified in board_part file is either invalid or not available
WARNING: [Board 49-26] cannot add Board Part digilentinc.com:cmod-s7-25:part0:1.0 available at D:/Vivado/Vivado/2015.4/data/boards/board_files/cmod-s7-25/B.0/board.xml as part xc7s25csga225-1 specified in board_part file is either invalid or not available
WARNING: [Board 49-26] cannot add Board Part digilentinc.com:cora-z7-07s:part0:1.0 available at D:/Vivado/Vivado/2015.4/data/boards/board_files/cora-z7-07s/B.0/board.xml as part xc7z007sclg400-1 specified in board_part file is either invalid or not available
WARNING: [Board 49-26] cannot add Board Part digilentinc.com:arty-s7-25:part0:1.0 available at D:/Vivado/Vivado/2015.4/data/boards/board_files/arty-s7-25/E.0/board.xml as part xc7s25csga324-1 specified in board_part file is either invalid or not available
WARNING: [Board 49-26] cannot add Board Part digilentinc.com:arty-s7-50:part0:1.0 available at D:/Vivado/Vivado/2015.4/data/boards/board_files/arty-s7-50/B.0/board.xml as part xc7s50csga324-1 specified in board_part file is either invalid or not available
WARNING: [Board 49-26] cannot add Board Part digilentinc.com:cmod-s7-25:part0:1.0 available at D:/Vivado/Vivado/2015.4/data/boards/board_files/cmod-s7-25/B.0/board.xml as part xc7s25csga225-1 specified in board_part file is either invalid or not available
WARNING: [Board 49-26] cannot add Board Part digilentinc.com:cora-z7-07s:part0:1.0 available at D:/Vivado/Vivado/2015.4/data/boards/board_files/cora-z7-07s/B.0/board.xml as part xc7z007sclg400-1 specified in board_part file is either invalid or not available
WARNING: [Board 49-26] cannot add Board Part digilentinc.com:arty-s7-25:part0:1.0 available at D:/Vivado/Vivado/2015.4/data/boards/board_files/arty-s7-25/E.0/board.xml as part xc7s25csga324-1 specified in board_part file is either invalid or not available
WARNING: [Board 49-26] cannot add Board Part digilentinc.com:arty-s7-50:part0:1.0 available at D:/Vivado/Vivado/2015.4/data/boards/board_files/arty-s7-50/B.0/board.xml as part xc7s50csga324-1 specified in board_part file is either invalid or not available
WARNING: [Board 49-26] cannot add Board Part digilentinc.com:cmod-s7-25:part0:1.0 available at D:/Vivado/Vivado/2015.4/data/boards/board_files/cmod-s7-25/B.0/board.xml as part xc7s25csga225-1 specified in board_part file is either invalid or not available
WARNING: [Board 49-26] cannot add Board Part digilentinc.com:cora-z7-07s:part0:1.0 available at D:/Vivado/Vivado/2015.4/data/boards/board_files/cora-z7-07s/B.0/board.xml as part xc7z007sclg400-1 specified in board_part file is either invalid or not available
WARNING: [Board 49-26] cannot add Board Part digilentinc.com:arty-s7-25:part0:1.0 available at D:/Vivado/Vivado/2015.4/data/boards/board_files/arty-s7-25/E.0/board.xml as part xc7s25csga324-1 specified in board_part file is either invalid or not available
WARNING: [Board 49-26] cannot add Board Part digilentinc.com:arty-s7-50:part0:1.0 available at D:/Vivado/Vivado/2015.4/data/boards/board_files/arty-s7-50/B.0/board.xml as part xc7s50csga324-1 specified in board_part file is either invalid or not available
WARNING: [Board 49-26] cannot add Board Part digilentinc.com:cmod-s7-25:part0:1.0 available at D:/Vivado/Vivado/2015.4/data/boards/board_files/cmod-s7-25/B.0/board.xml as part xc7s25csga225-1 specified in board_part file is either invalid or not available
WARNING: [Board 49-26] cannot add Board Part digilentinc.com:cora-z7-07s:part0:1.0 available at D:/Vivado/Vivado/2015.4/data/boards/board_files/cora-z7-07s/B.0/board.xml as part xc7z007sclg400-1 specified in board_part file is either invalid or not available
WARNING: [Board 49-26] cannot add Board Part digilentinc.com:arty-s7-25:part0:1.0 available at D:/Vivado/Vivado/2015.4/data/boards/board_files/arty-s7-25/E.0/board.xml as part xc7s25csga324-1 specified in board_part file is either invalid or not available
WARNING: [Board 49-26] cannot add Board Part digilentinc.com:arty-s7-50:part0:1.0 available at D:/Vivado/Vivado/2015.4/data/boards/board_files/arty-s7-50/B.0/board.xml as part xc7s50csga324-1 specified in board_part file is either invalid or not available
WARNING: [Board 49-26] cannot add Board Part digilentinc.com:cmod-s7-25:part0:1.0 available at D:/Vivado/Vivado/2015.4/data/boards/board_files/cmod-s7-25/B.0/board.xml as part xc7s25csga225-1 specified in board_part file is either invalid or not available
WARNING: [Board 49-26] cannot add Board Part digilentinc.com:cora-z7-07s:part0:1.0 available at D:/Vivado/Vivado/2015.4/data/boards/board_files/cora-z7-07s/B.0/board.xml as part xc7z007sclg400-1 specified in board_part file is either invalid or not available
WARNING: [Board 49-26] cannot add Board Part digilentinc.com:arty-s7-25:part0:1.0 available at D:/Vivado/Vivado/2015.4/data/boards/board_files/arty-s7-25/E.0/board.xml as part xc7s25csga324-1 specified in board_part file is either invalid or not available
WARNING: [Board 49-26] cannot add Board Part digilentinc.com:arty-s7-50:part0:1.0 available at D:/Vivado/Vivado/2015.4/data/boards/board_files/arty-s7-50/B.0/board.xml as part xc7s50csga324-1 specified in board_part file is either invalid or not available
WARNING: [Board 49-26] cannot add Board Part digilentinc.com:cmod-s7-25:part0:1.0 available at D:/Vivado/Vivado/2015.4/data/boards/board_files/cmod-s7-25/B.0/board.xml as part xc7s25csga225-1 specified in board_part file is either invalid or not available
WARNING: [Board 49-26] cannot add Board Part digilentinc.com:cora-z7-07s:part0:1.0 available at D:/Vivado/Vivado/2015.4/data/boards/board_files/cora-z7-07s/B.0/board.xml as part xc7z007sclg400-1 specified in board_part file is either invalid or not available
WARNING: [Board 49-26] cannot add Board Part digilentinc.com:arty-s7-25:part0:1.0 available at D:/Vivado/Vivado/2015.4/data/boards/board_files/arty-s7-25/E.0/board.xml as part xc7s25csga324-1 specified in board_part file is either invalid or not available
WARNING: [Board 49-26] cannot add Board Part digilentinc.com:arty-s7-50:part0:1.0 available at D:/Vivado/Vivado/2015.4/data/boards/board_files/arty-s7-50/B.0/board.xml as part xc7s50csga324-1 specified in board_part file is either invalid or not available
WARNING: [Board 49-26] cannot add Board Part digilentinc.com:cmod-s7-25:part0:1.0 available at D:/Vivado/Vivado/2015.4/data/boards/board_files/cmod-s7-25/B.0/board.xml as part xc7s25csga225-1 specified in board_part file is either invalid or not available
WARNING: [Board 49-26] cannot add Board Part digilentinc.com:cora-z7-07s:part0:1.0 available at D:/Vivado/Vivado/2015.4/data/boards/board_files/cora-z7-07s/B.0/board.xml as part xc7z007sclg400-1 specified in board_part file is either invalid or not available
WARNING: [Board 49-26] cannot add Board Part digilentinc.com:arty-s7-25:part0:1.0 available at D:/Vivado/Vivado/2015.4/data/boards/board_files/arty-s7-25/E.0/board.xml as part xc7s25csga324-1 specified in board_part file is either invalid or not available
WARNING: [Board 49-26] cannot add Board Part digilentinc.com:arty-s7-50:part0:1.0 available at D:/Vivado/Vivado/2015.4/data/boards/board_files/arty-s7-50/B.0/board.xml as part xc7s50csga324-1 specified in board_part file is either invalid or not available
WARNING: [Board 49-26] cannot add Board Part digilentinc.com:cmod-s7-25:part0:1.0 available at D:/Vivado/Vivado/2015.4/data/boards/board_files/cmod-s7-25/B.0/board.xml as part xc7s25csga225-1 specified in board_part file is either invalid or not available
WARNING: [Board 49-26] cannot add Board Part digilentinc.com:cora-z7-07s:part0:1.0 available at D:/Vivado/Vivado/2015.4/data/boards/board_files/cora-z7-07s/B.0/board.xml as part xc7z007sclg400-1 specified in board_part file is either invalid or not available
WARNING: [Board 49-26] cannot add Board Part digilentinc.com:arty-s7-25:part0:1.0 available at D:/Vivado/Vivado/2015.4/data/boards/board_files/arty-s7-25/E.0/board.xml as part xc7s25csga324-1 specified in board_part file is either invalid or not available
WARNING: [Board 49-26] cannot add Board Part digilentinc.com:arty-s7-50:part0:1.0 available at D:/Vivado/Vivado/2015.4/data/boards/board_files/arty-s7-50/B.0/board.xml as part xc7s50csga324-1 specified in board_part file is either invalid or not available
WARNING: [Board 49-26] cannot add Board Part digilentinc.com:cmod-s7-25:part0:1.0 available at D:/Vivado/Vivado/2015.4/data/boards/board_files/cmod-s7-25/B.0/board.xml as part xc7s25csga225-1 specified in board_part file is either invalid or not available
WARNING: [Board 49-26] cannot add Board Part digilentinc.com:cora-z7-07s:part0:1.0 available at D:/Vivado/Vivado/2015.4/data/boards/board_files/cora-z7-07s/B.0/board.xml as part xc7z007sclg400-1 specified in board_part file is either invalid or not available
WARNING: [Board 49-26] cannot add Board Part digilentinc.com:arty-s7-25:part0:1.0 available at D:/Vivado/Vivado/2015.4/data/boards/board_files/arty-s7-25/E.0/board.xml as part xc7s25csga324-1 specified in board_part file is either invalid or not available
WARNING: [Board 49-26] cannot add Board Part digilentinc.com:arty-s7-50:part0:1.0 available at D:/Vivado/Vivado/2015.4/data/boards/board_files/arty-s7-50/B.0/board.xml as part xc7s50csga324-1 specified in board_part file is either invalid or not available
WARNING: [Board 49-26] cannot add Board Part digilentinc.com:cmod-s7-25:part0:1.0 available at D:/Vivado/Vivado/2015.4/data/boards/board_files/cmod-s7-25/B.0/board.xml as part xc7s25csga225-1 specified in board_part file is either invalid or not available
WARNING: [Board 49-26] cannot add Board Part digilentinc.com:cora-z7-07s:part0:1.0 available at D:/Vivado/Vivado/2015.4/data/boards/board_files/cora-z7-07s/B.0/board.xml as part xc7z007sclg400-1 specified in board_part file is either invalid or not available
WARNING: [Board 49-26] cannot add Board Part digilentinc.com:arty-s7-25:part0:1.0 available at D:/Vivado/Vivado/2015.4/data/boards/board_files/arty-s7-25/E.0/board.xml as part xc7s25csga324-1 specified in board_part file is either invalid or not available
WARNING: [Board 49-26] cannot add Board Part digilentinc.com:arty-s7-50:part0:1.0 available at D:/Vivado/Vivado/2015.4/data/boards/board_files/arty-s7-50/B.0/board.xml as part xc7s50csga324-1 specified in board_part file is either invalid or not available
WARNING: [Board 49-26] cannot add Board Part digilentinc.com:cmod-s7-25:part0:1.0 available at D:/Vivado/Vivado/2015.4/data/boards/board_files/cmod-s7-25/B.0/board.xml as part xc7s25csga225-1 specified in board_part file is either invalid or not available
WARNING: [Board 49-26] cannot add Board Part digilentinc.com:cora-z7-07s:part0:1.0 available at D:/Vivado/Vivado/2015.4/data/boards/board_files/cora-z7-07s/B.0/board.xml as part xc7z007sclg400-1 specified in board_part file is either invalid or not available
WARNING: [Board 49-26] cannot add Board Part digilentinc.com:arty-s7-25:part0:1.0 available at D:/Vivado/Vivado/2015.4/data/boards/board_files/arty-s7-25/E.0/board.xml as part xc7s25csga324-1 specified in board_part file is either invalid or not available
WARNING: [Board 49-26] cannot add Board Part digilentinc.com:arty-s7-50:part0:1.0 available at D:/Vivado/Vivado/2015.4/data/boards/board_files/arty-s7-50/B.0/board.xml as part xc7s50csga324-1 specified in board_part file is either invalid or not available
WARNING: [Board 49-26] cannot add Board Part digilentinc.com:cmod-s7-25:part0:1.0 available at D:/Vivado/Vivado/2015.4/data/boards/board_files/cmod-s7-25/B.0/board.xml as part xc7s25csga225-1 specified in board_part file is either invalid or not available
WARNING: [Board 49-26] cannot add Board Part digilentinc.com:cora-z7-07s:part0:1.0 available at D:/Vivado/Vivado/2015.4/data/boards/board_files/cora-z7-07s/B.0/board.xml as part xc7z007sclg400-1 specified in board_part file is either invalid or not available
WARNING: [Board 49-26] cannot add Board Part digilentinc.com:arty-s7-25:part0:1.0 available at D:/Vivado/Vivado/2015.4/data/boards/board_files/arty-s7-25/E.0/board.xml as part xc7s25csga324-1 specified in board_part file is either invalid or not available
WARNING: [Board 49-26] cannot add Board Part digilentinc.com:arty-s7-50:part0:1.0 available at D:/Vivado/Vivado/2015.4/data/boards/board_files/arty-s7-50/B.0/board.xml as part xc7s50csga324-1 specified in board_part file is either invalid or not available
WARNING: [Board 49-26] cannot add Board Part digilentinc.com:cmod-s7-25:part0:1.0 available at D:/Vivado/Vivado/2015.4/data/boards/board_files/cmod-s7-25/B.0/board.xml as part xc7s25csga225-1 specified in board_part file is either invalid or not available
WARNING: [Board 49-26] cannot add Board Part digilentinc.com:cora-z7-07s:part0:1.0 available at D:/Vivado/Vivado/2015.4/data/boards/board_files/cora-z7-07s/B.0/board.xml as part xc7z007sclg400-1 specified in board_part file is either invalid or not available
WARNING: [Board 49-26] cannot add Board Part digilentinc.com:arty-s7-25:part0:1.0 available at D:/Vivado/Vivado/2015.4/data/boards/board_files/arty-s7-25/E.0/board.xml as part xc7s25csga324-1 specified in board_part file is either invalid or not available
WARNING: [Board 49-26] cannot add Board Part digilentinc.com:arty-s7-50:part0:1.0 available at D:/Vivado/Vivado/2015.4/data/boards/board_files/arty-s7-50/B.0/board.xml as part xc7s50csga324-1 specified in board_part file is either invalid or not available
WARNING: [Board 49-26] cannot add Board Part digilentinc.com:cmod-s7-25:part0:1.0 available at D:/Vivado/Vivado/2015.4/data/boards/board_files/cmod-s7-25/B.0/board.xml as part xc7s25csga225-1 specified in board_part file is either invalid or not available
WARNING: [Board 49-26] cannot add Board Part digilentinc.com:cora-z7-07s:part0:1.0 available at D:/Vivado/Vivado/2015.4/data/boards/board_files/cora-z7-07s/B.0/board.xml as part xc7z007sclg400-1 specified in board_part file is either invalid or not available
WARNING: [Board 49-26] cannot add Board Part digilentinc.com:arty-s7-25:part0:1.0 available at D:/Vivado/Vivado/2015.4/data/boards/board_files/arty-s7-25/E.0/board.xml as part xc7s25csga324-1 specified in board_part file is either invalid or not available
WARNING: [Board 49-26] cannot add Board Part digilentinc.com:arty-s7-50:part0:1.0 available at D:/Vivado/Vivado/2015.4/data/boards/board_files/arty-s7-50/B.0/board.xml as part xc7s50csga324-1 specified in board_part file is either invalid or not available
WARNING: [Board 49-26] cannot add Board Part digilentinc.com:cmod-s7-25:part0:1.0 available at D:/Vivado/Vivado/2015.4/data/boards/board_files/cmod-s7-25/B.0/board.xml as part xc7s25csga225-1 specified in board_part file is either invalid or not available
WARNING: [Board 49-26] cannot add Board Part digilentinc.com:cora-z7-07s:part0:1.0 available at D:/Vivado/Vivado/2015.4/data/boards/board_files/cora-z7-07s/B.0/board.xml as part xc7z007sclg400-1 specified in board_part file is either invalid or not available
WARNING: [Board 49-26] cannot add Board Part digilentinc.com:arty-s7-25:part0:1.0 available at D:/Vivado/Vivado/2015.4/data/boards/board_files/arty-s7-25/E.0/board.xml as part xc7s25csga324-1 specified in board_part file is either invalid or not available
WARNING: [Board 49-26] cannot add Board Part digilentinc.com:arty-s7-50:part0:1.0 available at D:/Vivado/Vivado/2015.4/data/boards/board_files/arty-s7-50/B.0/board.xml as part xc7s50csga324-1 specified in board_part file is either invalid or not available
WARNING: [Board 49-26] cannot add Board Part digilentinc.com:cmod-s7-25:part0:1.0 available at D:/Vivado/Vivado/2015.4/data/boards/board_files/cmod-s7-25/B.0/board.xml as part xc7s25csga225-1 specified in board_part file is either invalid or not available
WARNING: [Board 49-26] cannot add Board Part digilentinc.com:cora-z7-07s:part0:1.0 available at D:/Vivado/Vivado/2015.4/data/boards/board_files/cora-z7-07s/B.0/board.xml as part xc7z007sclg400-1 specified in board_part file is either invalid or not available
WARNING: [Board 49-26] cannot add Board Part digilentinc.com:arty-s7-25:part0:1.0 available at D:/Vivado/Vivado/2015.4/data/boards/board_files/arty-s7-25/E.0/board.xml as part xc7s25csga324-1 specified in board_part file is either invalid or not available
WARNING: [Board 49-26] cannot add Board Part digilentinc.com:arty-s7-50:part0:1.0 available at D:/Vivado/Vivado/2015.4/data/boards/board_files/arty-s7-50/B.0/board.xml as part xc7s50csga324-1 specified in board_part file is either invalid or not available
WARNING: [Board 49-26] cannot add Board Part digilentinc.com:cmod-s7-25:part0:1.0 available at D:/Vivado/Vivado/2015.4/data/boards/board_files/cmod-s7-25/B.0/board.xml as part xc7s25csga225-1 specified in board_part file is either invalid or not available
WARNING: [Board 49-26] cannot add Board Part digilentinc.com:cora-z7-07s:part0:1.0 available at D:/Vivado/Vivado/2015.4/data/boards/board_files/cora-z7-07s/B.0/board.xml as part xc7z007sclg400-1 specified in board_part file is either invalid or not available
WARNING: [Board 49-26] cannot add Board Part digilentinc.com:arty-s7-25:part0:1.0 available at D:/Vivado/Vivado/2015.4/data/boards/board_files/arty-s7-25/E.0/board.xml as part xc7s25csga324-1 specified in board_part file is either invalid or not available
WARNING: [Board 49-26] cannot add Board Part digilentinc.com:arty-s7-50:part0:1.0 available at D:/Vivado/Vivado/2015.4/data/boards/board_files/arty-s7-50/B.0/board.xml as part xc7s50csga324-1 specified in board_part file is either invalid or not available
WARNING: [Board 49-26] cannot add Board Part digilentinc.com:cmod-s7-25:part0:1.0 available at D:/Vivado/Vivado/2015.4/data/boards/board_files/cmod-s7-25/B.0/board.xml as part xc7s25csga225-1 specified in board_part file is either invalid or not available
WARNING: [Board 49-26] cannot add Board Part digilentinc.com:cora-z7-07s:part0:1.0 available at D:/Vivado/Vivado/2015.4/data/boards/board_files/cora-z7-07s/B.0/board.xml as part xc7z007sclg400-1 specified in board_part file is either invalid or not available
WARNING: [Board 49-26] cannot add Board Part digilentinc.com:arty-s7-25:part0:1.0 available at D:/Vivado/Vivado/2015.4/data/boards/board_files/arty-s7-25/E.0/board.xml as part xc7s25csga324-1 specified in board_part file is either invalid or not available
WARNING: [Board 49-26] cannot add Board Part digilentinc.com:arty-s7-50:part0:1.0 available at D:/Vivado/Vivado/2015.4/data/boards/board_files/arty-s7-50/B.0/board.xml as part xc7s50csga324-1 specified in board_part file is either invalid or not available
WARNING: [Board 49-26] cannot add Board Part digilentinc.com:cmod-s7-25:part0:1.0 available at D:/Vivado/Vivado/2015.4/data/boards/board_files/cmod-s7-25/B.0/board.xml as part xc7s25csga225-1 specified in board_part file is either invalid or not available
WARNING: [Board 49-26] cannot add Board Part digilentinc.com:cora-z7-07s:part0:1.0 available at D:/Vivado/Vivado/2015.4/data/boards/board_files/cora-z7-07s/B.0/board.xml as part xc7z007sclg400-1 specified in board_part file is either invalid or not available
WARNING: [Board 49-26] cannot add Board Part digilentinc.com:arty-s7-25:part0:1.0 available at D:/Vivado/Vivado/2015.4/data/boards/board_files/arty-s7-25/E.0/board.xml as part xc7s25csga324-1 specified in board_part file is either invalid or not available
WARNING: [Board 49-26] cannot add Board Part digilentinc.com:arty-s7-50:part0:1.0 available at D:/Vivado/Vivado/2015.4/data/boards/board_files/arty-s7-50/B.0/board.xml as part xc7s50csga324-1 specified in board_part file is either invalid or not available
WARNING: [Board 49-26] cannot add Board Part digilentinc.com:cmod-s7-25:part0:1.0 available at D:/Vivado/Vivado/2015.4/data/boards/board_files/cmod-s7-25/B.0/board.xml as part xc7s25csga225-1 specified in board_part file is either invalid or not available
WARNING: [Board 49-26] cannot add Board Part digilentinc.com:cora-z7-07s:part0:1.0 available at D:/Vivado/Vivado/2015.4/data/boards/board_files/cora-z7-07s/B.0/board.xml as part xc7z007sclg400-1 specified in board_part file is either invalid or not available
WARNING: [Board 49-26] cannot add Board Part digilentinc.com:arty-s7-25:part0:1.0 available at D:/Vivado/Vivado/2015.4/data/boards/board_files/arty-s7-25/E.0/board.xml as part xc7s25csga324-1 specified in board_part file is either invalid or not available
WARNING: [Board 49-26] cannot add Board Part digilentinc.com:arty-s7-50:part0:1.0 available at D:/Vivado/Vivado/2015.4/data/boards/board_files/arty-s7-50/B.0/board.xml as part xc7s50csga324-1 specified in board_part file is either invalid or not available
WARNING: [Board 49-26] cannot add Board Part digilentinc.com:cmod-s7-25:part0:1.0 available at D:/Vivado/Vivado/2015.4/data/boards/board_files/cmod-s7-25/B.0/board.xml as part xc7s25csga225-1 specified in board_part file is either invalid or not available
WARNING: [Board 49-26] cannot add Board Part digilentinc.com:cora-z7-07s:part0:1.0 available at D:/Vivado/Vivado/2015.4/data/boards/board_files/cora-z7-07s/B.0/board.xml as part xc7z007sclg400-1 specified in board_part file is either invalid or not available
INFO: [Common 17-14] Message 'Board 49-26' appears 100 times and further instances of the messages will be disabled. Use the Tcl command set_msg_config to change the current settings.
close_project
create_project TEST {D:/ALL PROGRAMMING LANGUAGES/VERLIOG/TEST} -part xc7z010clg400-1
WARNING: [Board 49-26] cannot add Board Part digilentinc.com:arty-s7-25:part0:1.0 available at D:/Vivado/Vivado/2015.4/data/boards/board_files/arty-s7-25/E.0/board.xml as part xc7s25csga324-1 specified in board_part file is either invalid or not available
WARNING: [Board 49-26] cannot add Board Part digilentinc.com:arty-s7-50:part0:1.0 available at D:/Vivado/Vivado/2015.4/data/boards/board_files/arty-s7-50/B.0/board.xml as part xc7s50csga324-1 specified in board_part file is either invalid or not available
WARNING: [Board 49-26] cannot add Board Part digilentinc.com:cmod-s7-25:part0:1.0 available at D:/Vivado/Vivado/2015.4/data/boards/board_files/cmod-s7-25/B.0/board.xml as part xc7s25csga225-1 specified in board_part file is either invalid or not available
WARNING: [Board 49-26] cannot add Board Part digilentinc.com:cora-z7-07s:part0:1.0 available at D:/Vivado/Vivado/2015.4/data/boards/board_files/cora-z7-07s/B.0/board.xml as part xc7z007sclg400-1 specified in board_part file is either invalid or not available
INFO: [IP_Flow 19-234] Refreshing IP repositories
INFO: [IP_Flow 19-1704] No user IP repositories specified
INFO: [IP_Flow 19-2313] Loaded Vivado IP repository 'D:/Vivado/Vivado/2015.4/data/ip'.
set_property board_part digilentinc.com:zybo:part0:1.0 [current_project]
file mkdir D:/ALL PROGRAMMING LANGUAGES/VERLIOG/TEST/TEST.srcs/sources_1/new
can't create directory "D:/ALL": file already exists
file mkdir D:/ALL PROGRAMMING LANGUAGES/VERLIOG/TEST/TEST.srcs/sources_1/new
can't create directory "D:/ALL": file already exists
file mkdir D:/ALL PROGRAMMING LANGUAGES/VERLIOG/TEST/TEST.srcs/sources_1/new
can't create directory "D:/ALL": file already exists
file mkdir {D:/ALL PROGRAMMING LANGUAGES/VERLIOG/TEST/TEST.srcs/sources_1/new}
close [ open {D:/ALL PROGRAMMING LANGUAGES/VERLIOG/TEST/TEST.srcs/sources_1/new/TEST.v} w ]
add_files {{D:/ALL PROGRAMMING LANGUAGES/VERLIOG/TEST/TEST.srcs/sources_1/new/TEST.v}}
add_files -fileset constrs_1 -norecurse D:/downloads/Zybo-Master.xdc
update_compile_order -fileset sources_1
update_compile_order -fileset sim_1
launch_runs synth_1
INFO: [HDL 9-2216] Analyzing Verilog file "D:/ALL PROGRAMMING LANGUAGES/VERLIOG/TEST/TEST.srcs/sources_1/new/TEST.v" into library work [D:/ALL PROGRAMMING LANGUAGES/VERLIOG/TEST/TEST.srcs/sources_1/new/TEST.v:1]
[Thu Mar 14 09:09:04 2024] Launched synth_1...
Run output will be captured here: D:/ALL PROGRAMMING LANGUAGES/VERLIOG/TEST/TEST.runs/synth_1/runme.log
open_hw
connect_hw_server
INFO: [Labtools 27-2285] Connecting to hw_server url TCP:localhost:3121
INFO: [Labtools 27-2222] Launching hw_server...
INFO: [Labtools 27-2221] Launch Output:

****** Xilinx hw_server v2015.4
  **** Build date : Nov 17 2015-18:01:07
    ** Copyright 1986-1999, 2001-2015 Xilinx, Inc. All Rights Reserved.


open_hw_target
INFO: [Labtoolstcl 44-466] Opening hw_target localhost:3121/xilinx_tcf/Digilent/210279A78F6CA
current_hw_device [lindex [get_hw_devices] 1]
refresh_hw_device -update_hw_probes false [lindex [get_hw_devices] 1]
INFO: [Labtools 27-1434] Device xc7z010 (JTAG device index = 1) is programmed with a design that has no supported debug core(s) in it.
WARNING: [Labtools 27-3123] The debug hub core was not detected at User Scan Chain 1 or 3.
Resolution: 
1. Make sure the clock connected to the debug hub (dbg_hub) core is a free running clock and is active OR
2. Manually launch hw_server with -e "set xsdb-user-bscan <C_USER_SCAN_CHAIN scan_chain_number>" to detect the debug hub at User Scan Chain of 2 or 4. To determine the user scan chain setting, open the implemented design and use: get_property C_USER_SCAN_CHAIN [get_debug_cores dbg_hub].
launch_runs impl_1 -to_step write_bitstream
[Thu Mar 14 09:10:02 2024] Launched impl_1...
Run output will be captured here: D:/ALL PROGRAMMING LANGUAGES/VERLIOG/TEST/TEST.runs/impl_1/runme.log
reset_run impl_1
launch_runs impl_1
[Thu Mar 14 09:11:08 2024] Launched impl_1...
Run output will be captured here: D:/ALL PROGRAMMING LANGUAGES/VERLIOG/TEST/TEST.runs/impl_1/runme.log
launch_runs impl_1 -to_step write_bitstream
[Thu Mar 14 09:12:25 2024] Launched impl_1...
Run output will be captured here: D:/ALL PROGRAMMING LANGUAGES/VERLIOG/TEST/TEST.runs/impl_1/runme.log
refresh_hw_device [lindex [get_hw_devices] 1]
INFO: [Labtools 27-1434] Device xc7z010 (JTAG device index = 1) is programmed with a design that has no supported debug core(s) in it.
WARNING: [Labtools 27-3123] The debug hub core was not detected at User Scan Chain 1 or 3.
Resolution: 
1. Make sure the clock connected to the debug hub (dbg_hub) core is a free running clock and is active OR
2. Manually launch hw_server with -e "set xsdb-user-bscan <C_USER_SCAN_CHAIN scan_chain_number>" to detect the debug hub at User Scan Chain of 2 or 4. To determine the user scan chain setting, open the implemented design and use: get_property C_USER_SCAN_CHAIN [get_debug_cores dbg_hub].
reset_run synth_1
launch_runs synth_1
INFO: [HDL 9-2216] Analyzing Verilog file "D:/ALL PROGRAMMING LANGUAGES/VERLIOG/TEST/TEST.srcs/sources_1/new/TEST.v" into library work [D:/ALL PROGRAMMING LANGUAGES/VERLIOG/TEST/TEST.srcs/sources_1/new/TEST.v:1]
[Thu Mar 14 09:14:06 2024] Launched synth_1...
Run output will be captured here: D:/ALL PROGRAMMING LANGUAGES/VERLIOG/TEST/TEST.runs/synth_1/runme.log
WARNING: [Board 49-26] cannot add Board Part digilentinc.com:arty-s7-25:part0:1.0 available at D:/Vivado/Vivado/2015.4/data/boards/board_files/arty-s7-25/E.0/board.xml as part xc7s25csga324-1 specified in board_part file is either invalid or not available
WARNING: [Board 49-26] cannot add Board Part digilentinc.com:arty-s7-50:part0:1.0 available at D:/Vivado/Vivado/2015.4/data/boards/board_files/arty-s7-50/B.0/board.xml as part xc7s50csga324-1 specified in board_part file is either invalid or not available
WARNING: [Board 49-26] cannot add Board Part digilentinc.com:cmod-s7-25:part0:1.0 available at D:/Vivado/Vivado/2015.4/data/boards/board_files/cmod-s7-25/B.0/board.xml as part xc7s25csga225-1 specified in board_part file is either invalid or not available
WARNING: [Board 49-26] cannot add Board Part digilentinc.com:cora-z7-07s:part0:1.0 available at D:/Vivado/Vivado/2015.4/data/boards/board_files/cora-z7-07s/B.0/board.xml as part xc7z007sclg400-1 specified in board_part file is either invalid or not available
WARNING: [Board 49-26] cannot add Board Part digilentinc.com:arty-s7-25:part0:1.0 available at D:/Vivado/Vivado/2015.4/data/boards/board_files/arty-s7-25/E.0/board.xml as part xc7s25csga324-1 specified in board_part file is either invalid or not available
WARNING: [Board 49-26] cannot add Board Part digilentinc.com:arty-s7-50:part0:1.0 available at D:/Vivado/Vivado/2015.4/data/boards/board_files/arty-s7-50/B.0/board.xml as part xc7s50csga324-1 specified in board_part file is either invalid or not available
WARNING: [Board 49-26] cannot add Board Part digilentinc.com:cmod-s7-25:part0:1.0 available at D:/Vivado/Vivado/2015.4/data/boards/board_files/cmod-s7-25/B.0/board.xml as part xc7s25csga225-1 specified in board_part file is either invalid or not available
WARNING: [Board 49-26] cannot add Board Part digilentinc.com:cora-z7-07s:part0:1.0 available at D:/Vivado/Vivado/2015.4/data/boards/board_files/cora-z7-07s/B.0/board.xml as part xc7z007sclg400-1 specified in board_part file is either invalid or not available
WARNING: [Board 49-26] cannot add Board Part digilentinc.com:arty-s7-25:part0:1.0 available at D:/Vivado/Vivado/2015.4/data/boards/board_files/arty-s7-25/E.0/board.xml as part xc7s25csga324-1 specified in board_part file is either invalid or not available
WARNING: [Board 49-26] cannot add Board Part digilentinc.com:arty-s7-50:part0:1.0 available at D:/Vivado/Vivado/2015.4/data/boards/board_files/arty-s7-50/B.0/board.xml as part xc7s50csga324-1 specified in board_part file is either invalid or not available
WARNING: [Board 49-26] cannot add Board Part digilentinc.com:cmod-s7-25:part0:1.0 available at D:/Vivado/Vivado/2015.4/data/boards/board_files/cmod-s7-25/B.0/board.xml as part xc7s25csga225-1 specified in board_part file is either invalid or not available
WARNING: [Board 49-26] cannot add Board Part digilentinc.com:cora-z7-07s:part0:1.0 available at D:/Vivado/Vivado/2015.4/data/boards/board_files/cora-z7-07s/B.0/board.xml as part xc7z007sclg400-1 specified in board_part file is either invalid or not available
WARNING: [Board 49-26] cannot add Board Part digilentinc.com:arty-s7-25:part0:1.0 available at D:/Vivado/Vivado/2015.4/data/boards/board_files/arty-s7-25/E.0/board.xml as part xc7s25csga324-1 specified in board_part file is either invalid or not available
WARNING: [Board 49-26] cannot add Board Part digilentinc.com:arty-s7-50:part0:1.0 available at D:/Vivado/Vivado/2015.4/data/boards/board_files/arty-s7-50/B.0/board.xml as part xc7s50csga324-1 specified in board_part file is either invalid or not available
WARNING: [Board 49-26] cannot add Board Part digilentinc.com:cmod-s7-25:part0:1.0 available at D:/Vivado/Vivado/2015.4/data/boards/board_files/cmod-s7-25/B.0/board.xml as part xc7s25csga225-1 specified in board_part file is either invalid or not available
WARNING: [Board 49-26] cannot add Board Part digilentinc.com:cora-z7-07s:part0:1.0 available at D:/Vivado/Vivado/2015.4/data/boards/board_files/cora-z7-07s/B.0/board.xml as part xc7z007sclg400-1 specified in board_part file is either invalid or not available
WARNING: [Board 49-26] cannot add Board Part digilentinc.com:arty-s7-25:part0:1.0 available at D:/Vivado/Vivado/2015.4/data/boards/board_files/arty-s7-25/E.0/board.xml as part xc7s25csga324-1 specified in board_part file is either invalid or not available
WARNING: [Board 49-26] cannot add Board Part digilentinc.com:arty-s7-50:part0:1.0 available at D:/Vivado/Vivado/2015.4/data/boards/board_files/arty-s7-50/B.0/board.xml as part xc7s50csga324-1 specified in board_part file is either invalid or not available
WARNING: [Board 49-26] cannot add Board Part digilentinc.com:cmod-s7-25:part0:1.0 available at D:/Vivado/Vivado/2015.4/data/boards/board_files/cmod-s7-25/B.0/board.xml as part xc7s25csga225-1 specified in board_part file is either invalid or not available
WARNING: [Board 49-26] cannot add Board Part digilentinc.com:cora-z7-07s:part0:1.0 available at D:/Vivado/Vivado/2015.4/data/boards/board_files/cora-z7-07s/B.0/board.xml as part xc7z007sclg400-1 specified in board_part file is either invalid or not available
WARNING: [Board 49-26] cannot add Board Part digilentinc.com:arty-s7-25:part0:1.0 available at D:/Vivado/Vivado/2015.4/data/boards/board_files/arty-s7-25/E.0/board.xml as part xc7s25csga324-1 specified in board_part file is either invalid or not available
WARNING: [Board 49-26] cannot add Board Part digilentinc.com:arty-s7-50:part0:1.0 available at D:/Vivado/Vivado/2015.4/data/boards/board_files/arty-s7-50/B.0/board.xml as part xc7s50csga324-1 specified in board_part file is either invalid or not available
WARNING: [Board 49-26] cannot add Board Part digilentinc.com:cmod-s7-25:part0:1.0 available at D:/Vivado/Vivado/2015.4/data/boards/board_files/cmod-s7-25/B.0/board.xml as part xc7s25csga225-1 specified in board_part file is either invalid or not available
WARNING: [Board 49-26] cannot add Board Part digilentinc.com:cora-z7-07s:part0:1.0 available at D:/Vivado/Vivado/2015.4/data/boards/board_files/cora-z7-07s/B.0/board.xml as part xc7z007sclg400-1 specified in board_part file is either invalid or not available
WARNING: [Board 49-26] cannot add Board Part digilentinc.com:arty-s7-25:part0:1.0 available at D:/Vivado/Vivado/2015.4/data/boards/board_files/arty-s7-25/E.0/board.xml as part xc7s25csga324-1 specified in board_part file is either invalid or not available
WARNING: [Board 49-26] cannot add Board Part digilentinc.com:arty-s7-50:part0:1.0 available at D:/Vivado/Vivado/2015.4/data/boards/board_files/arty-s7-50/B.0/board.xml as part xc7s50csga324-1 specified in board_part file is either invalid or not available
WARNING: [Board 49-26] cannot add Board Part digilentinc.com:cmod-s7-25:part0:1.0 available at D:/Vivado/Vivado/2015.4/data/boards/board_files/cmod-s7-25/B.0/board.xml as part xc7s25csga225-1 specified in board_part file is either invalid or not available
WARNING: [Board 49-26] cannot add Board Part digilentinc.com:cora-z7-07s:part0:1.0 available at D:/Vivado/Vivado/2015.4/data/boards/board_files/cora-z7-07s/B.0/board.xml as part xc7z007sclg400-1 specified in board_part file is either invalid or not available
WARNING: [Board 49-26] cannot add Board Part digilentinc.com:arty-s7-25:part0:1.0 available at D:/Vivado/Vivado/2015.4/data/boards/board_files/arty-s7-25/E.0/board.xml as part xc7s25csga324-1 specified in board_part file is either invalid or not available
WARNING: [Board 49-26] cannot add Board Part digilentinc.com:arty-s7-50:part0:1.0 available at D:/Vivado/Vivado/2015.4/data/boards/board_files/arty-s7-50/B.0/board.xml as part xc7s50csga324-1 specified in board_part file is either invalid or not available
WARNING: [Board 49-26] cannot add Board Part digilentinc.com:cmod-s7-25:part0:1.0 available at D:/Vivado/Vivado/2015.4/data/boards/board_files/cmod-s7-25/B.0/board.xml as part xc7s25csga225-1 specified in board_part file is either invalid or not available
WARNING: [Board 49-26] cannot add Board Part digilentinc.com:cora-z7-07s:part0:1.0 available at D:/Vivado/Vivado/2015.4/data/boards/board_files/cora-z7-07s/B.0/board.xml as part xc7z007sclg400-1 specified in board_part file is either invalid or not available
WARNING: [Board 49-26] cannot add Board Part digilentinc.com:arty-s7-25:part0:1.0 available at D:/Vivado/Vivado/2015.4/data/boards/board_files/arty-s7-25/E.0/board.xml as part xc7s25csga324-1 specified in board_part file is either invalid or not available
WARNING: [Board 49-26] cannot add Board Part digilentinc.com:arty-s7-50:part0:1.0 available at D:/Vivado/Vivado/2015.4/data/boards/board_files/arty-s7-50/B.0/board.xml as part xc7s50csga324-1 specified in board_part file is either invalid or not available
WARNING: [Board 49-26] cannot add Board Part digilentinc.com:cmod-s7-25:part0:1.0 available at D:/Vivado/Vivado/2015.4/data/boards/board_files/cmod-s7-25/B.0/board.xml as part xc7s25csga225-1 specified in board_part file is either invalid or not available
WARNING: [Board 49-26] cannot add Board Part digilentinc.com:cora-z7-07s:part0:1.0 available at D:/Vivado/Vivado/2015.4/data/boards/board_files/cora-z7-07s/B.0/board.xml as part xc7z007sclg400-1 specified in board_part file is either invalid or not available
WARNING: [Board 49-26] cannot add Board Part digilentinc.com:arty-s7-25:part0:1.0 available at D:/Vivado/Vivado/2015.4/data/boards/board_files/arty-s7-25/E.0/board.xml as part xc7s25csga324-1 specified in board_part file is either invalid or not available
WARNING: [Board 49-26] cannot add Board Part digilentinc.com:arty-s7-50:part0:1.0 available at D:/Vivado/Vivado/2015.4/data/boards/board_files/arty-s7-50/B.0/board.xml as part xc7s50csga324-1 specified in board_part file is either invalid or not available
WARNING: [Board 49-26] cannot add Board Part digilentinc.com:cmod-s7-25:part0:1.0 available at D:/Vivado/Vivado/2015.4/data/boards/board_files/cmod-s7-25/B.0/board.xml as part xc7s25csga225-1 specified in board_part file is either invalid or not available
WARNING: [Board 49-26] cannot add Board Part digilentinc.com:cora-z7-07s:part0:1.0 available at D:/Vivado/Vivado/2015.4/data/boards/board_files/cora-z7-07s/B.0/board.xml as part xc7z007sclg400-1 specified in board_part file is either invalid or not available
WARNING: [Board 49-26] cannot add Board Part digilentinc.com:arty-s7-25:part0:1.0 available at D:/Vivado/Vivado/2015.4/data/boards/board_files/arty-s7-25/E.0/board.xml as part xc7s25csga324-1 specified in board_part file is either invalid or not available
WARNING: [Board 49-26] cannot add Board Part digilentinc.com:arty-s7-50:part0:1.0 available at D:/Vivado/Vivado/2015.4/data/boards/board_files/arty-s7-50/B.0/board.xml as part xc7s50csga324-1 specified in board_part file is either invalid or not available
WARNING: [Board 49-26] cannot add Board Part digilentinc.com:cmod-s7-25:part0:1.0 available at D:/Vivado/Vivado/2015.4/data/boards/board_files/cmod-s7-25/B.0/board.xml as part xc7s25csga225-1 specified in board_part file is either invalid or not available
WARNING: [Board 49-26] cannot add Board Part digilentinc.com:cora-z7-07s:part0:1.0 available at D:/Vivado/Vivado/2015.4/data/boards/board_files/cora-z7-07s/B.0/board.xml as part xc7z007sclg400-1 specified in board_part file is either invalid or not available
WARNING: [Board 49-26] cannot add Board Part digilentinc.com:arty-s7-25:part0:1.0 available at D:/Vivado/Vivado/2015.4/data/boards/board_files/arty-s7-25/E.0/board.xml as part xc7s25csga324-1 specified in board_part file is either invalid or not available
WARNING: [Board 49-26] cannot add Board Part digilentinc.com:arty-s7-50:part0:1.0 available at D:/Vivado/Vivado/2015.4/data/boards/board_files/arty-s7-50/B.0/board.xml as part xc7s50csga324-1 specified in board_part file is either invalid or not available
WARNING: [Board 49-26] cannot add Board Part digilentinc.com:cmod-s7-25:part0:1.0 available at D:/Vivado/Vivado/2015.4/data/boards/board_files/cmod-s7-25/B.0/board.xml as part xc7s25csga225-1 specified in board_part file is either invalid or not available
WARNING: [Board 49-26] cannot add Board Part digilentinc.com:cora-z7-07s:part0:1.0 available at D:/Vivado/Vivado/2015.4/data/boards/board_files/cora-z7-07s/B.0/board.xml as part xc7z007sclg400-1 specified in board_part file is either invalid or not available
WARNING: [Board 49-26] cannot add Board Part digilentinc.com:arty-s7-25:part0:1.0 available at D:/Vivado/Vivado/2015.4/data/boards/board_files/arty-s7-25/E.0/board.xml as part xc7s25csga324-1 specified in board_part file is either invalid or not available
WARNING: [Board 49-26] cannot add Board Part digilentinc.com:arty-s7-50:part0:1.0 available at D:/Vivado/Vivado/2015.4/data/boards/board_files/arty-s7-50/B.0/board.xml as part xc7s50csga324-1 specified in board_part file is either invalid or not available
WARNING: [Board 49-26] cannot add Board Part digilentinc.com:cmod-s7-25:part0:1.0 available at D:/Vivado/Vivado/2015.4/data/boards/board_files/cmod-s7-25/B.0/board.xml as part xc7s25csga225-1 specified in board_part file is either invalid or not available
WARNING: [Board 49-26] cannot add Board Part digilentinc.com:cora-z7-07s:part0:1.0 available at D:/Vivado/Vivado/2015.4/data/boards/board_files/cora-z7-07s/B.0/board.xml as part xc7z007sclg400-1 specified in board_part file is either invalid or not available
WARNING: [Board 49-26] cannot add Board Part digilentinc.com:arty-s7-25:part0:1.0 available at D:/Vivado/Vivado/2015.4/data/boards/board_files/arty-s7-25/E.0/board.xml as part xc7s25csga324-1 specified in board_part file is either invalid or not available
WARNING: [Board 49-26] cannot add Board Part digilentinc.com:arty-s7-50:part0:1.0 available at D:/Vivado/Vivado/2015.4/data/boards/board_files/arty-s7-50/B.0/board.xml as part xc7s50csga324-1 specified in board_part file is either invalid or not available
WARNING: [Board 49-26] cannot add Board Part digilentinc.com:cmod-s7-25:part0:1.0 available at D:/Vivado/Vivado/2015.4/data/boards/board_files/cmod-s7-25/B.0/board.xml as part xc7s25csga225-1 specified in board_part file is either invalid or not available
WARNING: [Board 49-26] cannot add Board Part digilentinc.com:cora-z7-07s:part0:1.0 available at D:/Vivado/Vivado/2015.4/data/boards/board_files/cora-z7-07s/B.0/board.xml as part xc7z007sclg400-1 specified in board_part file is either invalid or not available
WARNING: [Board 49-26] cannot add Board Part digilentinc.com:arty-s7-25:part0:1.0 available at D:/Vivado/Vivado/2015.4/data/boards/board_files/arty-s7-25/E.0/board.xml as part xc7s25csga324-1 specified in board_part file is either invalid or not available
WARNING: [Board 49-26] cannot add Board Part digilentinc.com:arty-s7-50:part0:1.0 available at D:/Vivado/Vivado/2015.4/data/boards/board_files/arty-s7-50/B.0/board.xml as part xc7s50csga324-1 specified in board_part file is either invalid or not available
WARNING: [Board 49-26] cannot add Board Part digilentinc.com:cmod-s7-25:part0:1.0 available at D:/Vivado/Vivado/2015.4/data/boards/board_files/cmod-s7-25/B.0/board.xml as part xc7s25csga225-1 specified in board_part file is either invalid or not available
WARNING: [Board 49-26] cannot add Board Part digilentinc.com:cora-z7-07s:part0:1.0 available at D:/Vivado/Vivado/2015.4/data/boards/board_files/cora-z7-07s/B.0/board.xml as part xc7z007sclg400-1 specified in board_part file is either invalid or not available
WARNING: [Board 49-26] cannot add Board Part digilentinc.com:arty-s7-25:part0:1.0 available at D:/Vivado/Vivado/2015.4/data/boards/board_files/arty-s7-25/E.0/board.xml as part xc7s25csga324-1 specified in board_part file is either invalid or not available
WARNING: [Board 49-26] cannot add Board Part digilentinc.com:arty-s7-50:part0:1.0 available at D:/Vivado/Vivado/2015.4/data/boards/board_files/arty-s7-50/B.0/board.xml as part xc7s50csga324-1 specified in board_part file is either invalid or not available
WARNING: [Board 49-26] cannot add Board Part digilentinc.com:cmod-s7-25:part0:1.0 available at D:/Vivado/Vivado/2015.4/data/boards/board_files/cmod-s7-25/B.0/board.xml as part xc7s25csga225-1 specified in board_part file is either invalid or not available
WARNING: [Board 49-26] cannot add Board Part digilentinc.com:cora-z7-07s:part0:1.0 available at D:/Vivado/Vivado/2015.4/data/boards/board_files/cora-z7-07s/B.0/board.xml as part xc7z007sclg400-1 specified in board_part file is either invalid or not available
WARNING: [Board 49-26] cannot add Board Part digilentinc.com:arty-s7-25:part0:1.0 available at D:/Vivado/Vivado/2015.4/data/boards/board_files/arty-s7-25/E.0/board.xml as part xc7s25csga324-1 specified in board_part file is either invalid or not available
WARNING: [Board 49-26] cannot add Board Part digilentinc.com:arty-s7-50:part0:1.0 available at D:/Vivado/Vivado/2015.4/data/boards/board_files/arty-s7-50/B.0/board.xml as part xc7s50csga324-1 specified in board_part file is either invalid or not available
WARNING: [Board 49-26] cannot add Board Part digilentinc.com:cmod-s7-25:part0:1.0 available at D:/Vivado/Vivado/2015.4/data/boards/board_files/cmod-s7-25/B.0/board.xml as part xc7s25csga225-1 specified in board_part file is either invalid or not available
WARNING: [Board 49-26] cannot add Board Part digilentinc.com:cora-z7-07s:part0:1.0 available at D:/Vivado/Vivado/2015.4/data/boards/board_files/cora-z7-07s/B.0/board.xml as part xc7z007sclg400-1 specified in board_part file is either invalid or not available
WARNING: [Board 49-26] cannot add Board Part digilentinc.com:arty-s7-25:part0:1.0 available at D:/Vivado/Vivado/2015.4/data/boards/board_files/arty-s7-25/E.0/board.xml as part xc7s25csga324-1 specified in board_part file is either invalid or not available
WARNING: [Board 49-26] cannot add Board Part digilentinc.com:arty-s7-50:part0:1.0 available at D:/Vivado/Vivado/2015.4/data/boards/board_files/arty-s7-50/B.0/board.xml as part xc7s50csga324-1 specified in board_part file is either invalid or not available
WARNING: [Board 49-26] cannot add Board Part digilentinc.com:cmod-s7-25:part0:1.0 available at D:/Vivado/Vivado/2015.4/data/boards/board_files/cmod-s7-25/B.0/board.xml as part xc7s25csga225-1 specified in board_part file is either invalid or not available
WARNING: [Board 49-26] cannot add Board Part digilentinc.com:cora-z7-07s:part0:1.0 available at D:/Vivado/Vivado/2015.4/data/boards/board_files/cora-z7-07s/B.0/board.xml as part xc7z007sclg400-1 specified in board_part file is either invalid or not available
WARNING: [Board 49-26] cannot add Board Part digilentinc.com:arty-s7-25:part0:1.0 available at D:/Vivado/Vivado/2015.4/data/boards/board_files/arty-s7-25/E.0/board.xml as part xc7s25csga324-1 specified in board_part file is either invalid or not available
WARNING: [Board 49-26] cannot add Board Part digilentinc.com:arty-s7-50:part0:1.0 available at D:/Vivado/Vivado/2015.4/data/boards/board_files/arty-s7-50/B.0/board.xml as part xc7s50csga324-1 specified in board_part file is either invalid or not available
WARNING: [Board 49-26] cannot add Board Part digilentinc.com:cmod-s7-25:part0:1.0 available at D:/Vivado/Vivado/2015.4/data/boards/board_files/cmod-s7-25/B.0/board.xml as part xc7s25csga225-1 specified in board_part file is either invalid or not available
WARNING: [Board 49-26] cannot add Board Part digilentinc.com:cora-z7-07s:part0:1.0 available at D:/Vivado/Vivado/2015.4/data/boards/board_files/cora-z7-07s/B.0/board.xml as part xc7z007sclg400-1 specified in board_part file is either invalid or not available
WARNING: [Board 49-26] cannot add Board Part digilentinc.com:arty-s7-25:part0:1.0 available at D:/Vivado/Vivado/2015.4/data/boards/board_files/arty-s7-25/E.0/board.xml as part xc7s25csga324-1 specified in board_part file is either invalid or not available
WARNING: [Board 49-26] cannot add Board Part digilentinc.com:arty-s7-50:part0:1.0 available at D:/Vivado/Vivado/2015.4/data/boards/board_files/arty-s7-50/B.0/board.xml as part xc7s50csga324-1 specified in board_part file is either invalid or not available
WARNING: [Board 49-26] cannot add Board Part digilentinc.com:cmod-s7-25:part0:1.0 available at D:/Vivado/Vivado/2015.4/data/boards/board_files/cmod-s7-25/B.0/board.xml as part xc7s25csga225-1 specified in board_part file is either invalid or not available
WARNING: [Board 49-26] cannot add Board Part digilentinc.com:cora-z7-07s:part0:1.0 available at D:/Vivado/Vivado/2015.4/data/boards/board_files/cora-z7-07s/B.0/board.xml as part xc7z007sclg400-1 specified in board_part file is either invalid or not available
WARNING: [Board 49-26] cannot add Board Part digilentinc.com:arty-s7-25:part0:1.0 available at D:/Vivado/Vivado/2015.4/data/boards/board_files/arty-s7-25/E.0/board.xml as part xc7s25csga324-1 specified in board_part file is either invalid or not available
WARNING: [Board 49-26] cannot add Board Part digilentinc.com:arty-s7-50:part0:1.0 available at D:/Vivado/Vivado/2015.4/data/boards/board_files/arty-s7-50/B.0/board.xml as part xc7s50csga324-1 specified in board_part file is either invalid or not available
WARNING: [Board 49-26] cannot add Board Part digilentinc.com:cmod-s7-25:part0:1.0 available at D:/Vivado/Vivado/2015.4/data/boards/board_files/cmod-s7-25/B.0/board.xml as part xc7s25csga225-1 specified in board_part file is either invalid or not available
WARNING: [Board 49-26] cannot add Board Part digilentinc.com:cora-z7-07s:part0:1.0 available at D:/Vivado/Vivado/2015.4/data/boards/board_files/cora-z7-07s/B.0/board.xml as part xc7z007sclg400-1 specified in board_part file is either invalid or not available
WARNING: [Board 49-26] cannot add Board Part digilentinc.com:arty-s7-25:part0:1.0 available at D:/Vivado/Vivado/2015.4/data/boards/board_files/arty-s7-25/E.0/board.xml as part xc7s25csga324-1 specified in board_part file is either invalid or not available
WARNING: [Board 49-26] cannot add Board Part digilentinc.com:arty-s7-50:part0:1.0 available at D:/Vivado/Vivado/2015.4/data/boards/board_files/arty-s7-50/B.0/board.xml as part xc7s50csga324-1 specified in board_part file is either invalid or not available
WARNING: [Board 49-26] cannot add Board Part digilentinc.com:cmod-s7-25:part0:1.0 available at D:/Vivado/Vivado/2015.4/data/boards/board_files/cmod-s7-25/B.0/board.xml as part xc7s25csga225-1 specified in board_part file is either invalid or not available
WARNING: [Board 49-26] cannot add Board Part digilentinc.com:cora-z7-07s:part0:1.0 available at D:/Vivado/Vivado/2015.4/data/boards/board_files/cora-z7-07s/B.0/board.xml as part xc7z007sclg400-1 specified in board_part file is either invalid or not available
WARNING: [Board 49-26] cannot add Board Part digilentinc.com:arty-s7-25:part0:1.0 available at D:/Vivado/Vivado/2015.4/data/boards/board_files/arty-s7-25/E.0/board.xml as part xc7s25csga324-1 specified in board_part file is either invalid or not available
WARNING: [Board 49-26] cannot add Board Part digilentinc.com:arty-s7-50:part0:1.0 available at D:/Vivado/Vivado/2015.4/data/boards/board_files/arty-s7-50/B.0/board.xml as part xc7s50csga324-1 specified in board_part file is either invalid or not available
WARNING: [Board 49-26] cannot add Board Part digilentinc.com:cmod-s7-25:part0:1.0 available at D:/Vivado/Vivado/2015.4/data/boards/board_files/cmod-s7-25/B.0/board.xml as part xc7s25csga225-1 specified in board_part file is either invalid or not available
WARNING: [Board 49-26] cannot add Board Part digilentinc.com:cora-z7-07s:part0:1.0 available at D:/Vivado/Vivado/2015.4/data/boards/board_files/cora-z7-07s/B.0/board.xml as part xc7z007sclg400-1 specified in board_part file is either invalid or not available
WARNING: [Board 49-26] cannot add Board Part digilentinc.com:arty-s7-25:part0:1.0 available at D:/Vivado/Vivado/2015.4/data/boards/board_files/arty-s7-25/E.0/board.xml as part xc7s25csga324-1 specified in board_part file is either invalid or not available
WARNING: [Board 49-26] cannot add Board Part digilentinc.com:arty-s7-50:part0:1.0 available at D:/Vivado/Vivado/2015.4/data/boards/board_files/arty-s7-50/B.0/board.xml as part xc7s50csga324-1 specified in board_part file is either invalid or not available
WARNING: [Board 49-26] cannot add Board Part digilentinc.com:cmod-s7-25:part0:1.0 available at D:/Vivado/Vivado/2015.4/data/boards/board_files/cmod-s7-25/B.0/board.xml as part xc7s25csga225-1 specified in board_part file is either invalid or not available
WARNING: [Board 49-26] cannot add Board Part digilentinc.com:cora-z7-07s:part0:1.0 available at D:/Vivado/Vivado/2015.4/data/boards/board_files/cora-z7-07s/B.0/board.xml as part xc7z007sclg400-1 specified in board_part file is either invalid or not available
WARNING: [Board 49-26] cannot add Board Part digilentinc.com:arty-s7-25:part0:1.0 available at D:/Vivado/Vivado/2015.4/data/boards/board_files/arty-s7-25/E.0/board.xml as part xc7s25csga324-1 specified in board_part file is either invalid or not available
WARNING: [Board 49-26] cannot add Board Part digilentinc.com:arty-s7-50:part0:1.0 available at D:/Vivado/Vivado/2015.4/data/boards/board_files/arty-s7-50/B.0/board.xml as part xc7s50csga324-1 specified in board_part file is either invalid or not available
WARNING: [Board 49-26] cannot add Board Part digilentinc.com:cmod-s7-25:part0:1.0 available at D:/Vivado/Vivado/2015.4/data/boards/board_files/cmod-s7-25/B.0/board.xml as part xc7s25csga225-1 specified in board_part file is either invalid or not available
WARNING: [Board 49-26] cannot add Board Part digilentinc.com:cora-z7-07s:part0:1.0 available at D:/Vivado/Vivado/2015.4/data/boards/board_files/cora-z7-07s/B.0/board.xml as part xc7z007sclg400-1 specified in board_part file is either invalid or not available
INFO: [Common 17-14] Message 'Board 49-26' appears 100 times and further instances of the messages will be disabled. Use the Tcl command set_msg_config to change the current settings.
close_project
create_project test1 {D:/ALL PROGRAMMING LANGUAGES/VERLIOG/test1} -part xc7z010clg400-1
WARNING: [Board 49-26] cannot add Board Part digilentinc.com:arty-s7-25:part0:1.0 available at D:/Vivado/Vivado/2015.4/data/boards/board_files/arty-s7-25/E.0/board.xml as part xc7s25csga324-1 specified in board_part file is either invalid or not available
WARNING: [Board 49-26] cannot add Board Part digilentinc.com:arty-s7-50:part0:1.0 available at D:/Vivado/Vivado/2015.4/data/boards/board_files/arty-s7-50/B.0/board.xml as part xc7s50csga324-1 specified in board_part file is either invalid or not available
WARNING: [Board 49-26] cannot add Board Part digilentinc.com:cmod-s7-25:part0:1.0 available at D:/Vivado/Vivado/2015.4/data/boards/board_files/cmod-s7-25/B.0/board.xml as part xc7s25csga225-1 specified in board_part file is either invalid or not available
WARNING: [Board 49-26] cannot add Board Part digilentinc.com:cora-z7-07s:part0:1.0 available at D:/Vivado/Vivado/2015.4/data/boards/board_files/cora-z7-07s/B.0/board.xml as part xc7z007sclg400-1 specified in board_part file is either invalid or not available
INFO: [IP_Flow 19-234] Refreshing IP repositories
INFO: [IP_Flow 19-1704] No user IP repositories specified
INFO: [IP_Flow 19-2313] Loaded Vivado IP repository 'D:/Vivado/Vivado/2015.4/data/ip'.
set_property board_part digilentinc.com:zybo:part0:1.0 [current_project]
file mkdir D:/ALL PROGRAMMING LANGUAGES/VERLIOG/test1/test1.srcs/sources_1/new
can't create directory "D:/ALL": file already exists
file mkdir D:/ALL PROGRAMMING LANGUAGES/VERLIOG/test1/test1.srcs/sources_1/new
can't create directory "D:/ALL": file already exists
file mkdir D:/ALL PROGRAMMING LANGUAGES/VERLIOG/test1/test1.srcs/sources_1/new
can't create directory "D:/ALL": file already exists
file mkdir {D:/ALL PROGRAMMING LANGUAGES/VERLIOG/test1/test1.srcs/sources_1/new}
close [ open {D:/ALL PROGRAMMING LANGUAGES/VERLIOG/test1/test1.srcs/sources_1/new/test1.v} w ]
add_files {{D:/ALL PROGRAMMING LANGUAGES/VERLIOG/test1/test1.srcs/sources_1/new/test1.v}}
add_files -fileset constrs_1 -norecurse D:/Zybo-Master.xdc
update_compile_order -fileset sources_1
update_compile_order -fileset sim_1
launch_runs synth_1
INFO: [HDL 9-2216] Analyzing Verilog file "D:/ALL PROGRAMMING LANGUAGES/VERLIOG/test1/test1.srcs/sources_1/new/test1.v" into library work [D:/ALL PROGRAMMING LANGUAGES/VERLIOG/test1/test1.srcs/sources_1/new/test1.v:1]
[Thu Mar 14 09:16:20 2024] Launched synth_1...
Run output will be captured here: D:/ALL PROGRAMMING LANGUAGES/VERLIOG/test1/test1.runs/synth_1/runme.log
launch_runs impl_1
[Thu Mar 14 09:16:55 2024] Launched impl_1...
Run output will be captured here: D:/ALL PROGRAMMING LANGUAGES/VERLIOG/test1/test1.runs/impl_1/runme.log
launch_runs impl_1 -to_step write_bitstream
[Thu Mar 14 09:18:09 2024] Launched impl_1...
Run output will be captured here: D:/ALL PROGRAMMING LANGUAGES/VERLIOG/test1/test1.runs/impl_1/runme.log
open_run impl_1
INFO: [Netlist 29-17] Analyzing 1 Unisim elements for replacement
INFO: [Netlist 29-28] Unisim Transformation completed in 0 CPU seconds
INFO: [Project 1-479] Netlist was created with Vivado 2015.4
INFO: [Device 21-403] Loading part xc7z010clg400-1
INFO: [Project 1-570] Preparing netlist for logic optimization
Parsing XDC File [D:/ALL PROGRAMMING LANGUAGES/VERLIOG/LED/.Xil/Vivado-22332-WINDOWS-KKJ1LO6/dcp/test1.xdc]
Finished Parsing XDC File [D:/ALL PROGRAMMING LANGUAGES/VERLIOG/LED/.Xil/Vivado-22332-WINDOWS-KKJ1LO6/dcp/test1.xdc]
Reading XDEF placement.
Reading placer database...
Reading XDEF routing.
Read XDEF File: Time (s): cpu = 00:00:00 ; elapsed = 00:00:00.037 . Memory (MB): peak = 1150.051 ; gain = 0.008
Restored from archive | CPU: 0.000000 secs | Memory: 0.000000 MB |
Finished XDEF File Restore: Time (s): cpu = 00:00:00 ; elapsed = 00:00:00.037 . Memory (MB): peak = 1150.051 ; gain = 0.008
INFO: [Project 1-111] Unisim Transformation Summary:
No Unisim elements were transformed.

open_run: Time (s): cpu = 00:00:12 ; elapsed = 00:00:07 . Memory (MB): peak = 1385.977 ; gain = 389.660
WARNING: [Timing 38-313] There are no user specified timing constraints. Timing constraints are needed for proper timing analysis.
open_hw
connect_hw_server
INFO: [Labtools 27-2285] Connecting to hw_server url TCP:localhost:3121
INFO: [Labtools 27-2222] Launching hw_server...
INFO: [Labtools 27-2221] Launch Output:

****** Xilinx hw_server v2015.4
  **** Build date : Nov 17 2015-18:01:07
    ** Copyright 1986-1999, 2001-2015 Xilinx, Inc. All Rights Reserved.


open_hw_target
INFO: [Labtoolstcl 44-466] Opening hw_target localhost:3121/xilinx_tcf/Digilent/210279A78F6CA
set_property PROGRAM.FILE {D:/ALL PROGRAMMING LANGUAGES/VERLIOG/test1/test1.runs/impl_1/test1.bit} [lindex [get_hw_devices] 1]
current_hw_device [lindex [get_hw_devices] 1]
refresh_hw_device -update_hw_probes false [lindex [get_hw_devices] 1]
INFO: [Labtools 27-1434] Device xc7z010 (JTAG device index = 1) is programmed with a design that has no supported debug core(s) in it.
WARNING: [Labtools 27-3123] The debug hub core was not detected at User Scan Chain 1 or 3.
Resolution: 
1. Make sure the clock connected to the debug hub (dbg_hub) core is a free running clock and is active OR
2. Manually launch hw_server with -e "set xsdb-user-bscan <C_USER_SCAN_CHAIN scan_chain_number>" to detect the debug hub at User Scan Chain of 2 or 4. To determine the user scan chain setting, open the implemented design and use: get_property C_USER_SCAN_CHAIN [get_debug_cores dbg_hub].
reset_run synth_1
launch_runs impl_1 -to_step write_bitstream
[Thu Mar 14 09:21:03 2024] Launched synth_1...
Run output will be captured here: D:/ALL PROGRAMMING LANGUAGES/VERLIOG/test1/test1.runs/synth_1/runme.log
[Thu Mar 14 09:21:03 2024] Launched impl_1...
Run output will be captured here: D:/ALL PROGRAMMING LANGUAGES/VERLIOG/test1/test1.runs/impl_1/runme.log
reset_run impl_1 -prev_step 
launch_runs impl_1 -to_step write_bitstream
[Thu Mar 14 09:25:36 2024] Launched impl_1...
Run output will be captured here: D:/ALL PROGRAMMING LANGUAGES/VERLIOG/test1/test1.runs/impl_1/runme.log
WARNING: [Board 49-26] cannot add Board Part digilentinc.com:arty-s7-25:part0:1.0 available at D:/Vivado/Vivado/2015.4/data/boards/board_files/arty-s7-25/E.0/board.xml as part xc7s25csga324-1 specified in board_part file is either invalid or not available
WARNING: [Board 49-26] cannot add Board Part digilentinc.com:arty-s7-50:part0:1.0 available at D:/Vivado/Vivado/2015.4/data/boards/board_files/arty-s7-50/B.0/board.xml as part xc7s50csga324-1 specified in board_part file is either invalid or not available
WARNING: [Board 49-26] cannot add Board Part digilentinc.com:cmod-s7-25:part0:1.0 available at D:/Vivado/Vivado/2015.4/data/boards/board_files/cmod-s7-25/B.0/board.xml as part xc7s25csga225-1 specified in board_part file is either invalid or not available
WARNING: [Board 49-26] cannot add Board Part digilentinc.com:cora-z7-07s:part0:1.0 available at D:/Vivado/Vivado/2015.4/data/boards/board_files/cora-z7-07s/B.0/board.xml as part xc7z007sclg400-1 specified in board_part file is either invalid or not available
WARNING: [Board 49-26] cannot add Board Part digilentinc.com:arty-s7-25:part0:1.0 available at D:/Vivado/Vivado/2015.4/data/boards/board_files/arty-s7-25/E.0/board.xml as part xc7s25csga324-1 specified in board_part file is either invalid or not available
WARNING: [Board 49-26] cannot add Board Part digilentinc.com:arty-s7-50:part0:1.0 available at D:/Vivado/Vivado/2015.4/data/boards/board_files/arty-s7-50/B.0/board.xml as part xc7s50csga324-1 specified in board_part file is either invalid or not available
WARNING: [Board 49-26] cannot add Board Part digilentinc.com:cmod-s7-25:part0:1.0 available at D:/Vivado/Vivado/2015.4/data/boards/board_files/cmod-s7-25/B.0/board.xml as part xc7s25csga225-1 specified in board_part file is either invalid or not available
WARNING: [Board 49-26] cannot add Board Part digilentinc.com:cora-z7-07s:part0:1.0 available at D:/Vivado/Vivado/2015.4/data/boards/board_files/cora-z7-07s/B.0/board.xml as part xc7z007sclg400-1 specified in board_part file is either invalid or not available
WARNING: [Board 49-26] cannot add Board Part digilentinc.com:arty-s7-25:part0:1.0 available at D:/Vivado/Vivado/2015.4/data/boards/board_files/arty-s7-25/E.0/board.xml as part xc7s25csga324-1 specified in board_part file is either invalid or not available
WARNING: [Board 49-26] cannot add Board Part digilentinc.com:arty-s7-50:part0:1.0 available at D:/Vivado/Vivado/2015.4/data/boards/board_files/arty-s7-50/B.0/board.xml as part xc7s50csga324-1 specified in board_part file is either invalid or not available
WARNING: [Board 49-26] cannot add Board Part digilentinc.com:cmod-s7-25:part0:1.0 available at D:/Vivado/Vivado/2015.4/data/boards/board_files/cmod-s7-25/B.0/board.xml as part xc7s25csga225-1 specified in board_part file is either invalid or not available
WARNING: [Board 49-26] cannot add Board Part digilentinc.com:cora-z7-07s:part0:1.0 available at D:/Vivado/Vivado/2015.4/data/boards/board_files/cora-z7-07s/B.0/board.xml as part xc7z007sclg400-1 specified in board_part file is either invalid or not available
WARNING: [Board 49-26] cannot add Board Part digilentinc.com:arty-s7-25:part0:1.0 available at D:/Vivado/Vivado/2015.4/data/boards/board_files/arty-s7-25/E.0/board.xml as part xc7s25csga324-1 specified in board_part file is either invalid or not available
WARNING: [Board 49-26] cannot add Board Part digilentinc.com:arty-s7-50:part0:1.0 available at D:/Vivado/Vivado/2015.4/data/boards/board_files/arty-s7-50/B.0/board.xml as part xc7s50csga324-1 specified in board_part file is either invalid or not available
WARNING: [Board 49-26] cannot add Board Part digilentinc.com:cmod-s7-25:part0:1.0 available at D:/Vivado/Vivado/2015.4/data/boards/board_files/cmod-s7-25/B.0/board.xml as part xc7s25csga225-1 specified in board_part file is either invalid or not available
WARNING: [Board 49-26] cannot add Board Part digilentinc.com:cora-z7-07s:part0:1.0 available at D:/Vivado/Vivado/2015.4/data/boards/board_files/cora-z7-07s/B.0/board.xml as part xc7z007sclg400-1 specified in board_part file is either invalid or not available
WARNING: [Board 49-26] cannot add Board Part digilentinc.com:arty-s7-25:part0:1.0 available at D:/Vivado/Vivado/2015.4/data/boards/board_files/arty-s7-25/E.0/board.xml as part xc7s25csga324-1 specified in board_part file is either invalid or not available
WARNING: [Board 49-26] cannot add Board Part digilentinc.com:arty-s7-50:part0:1.0 available at D:/Vivado/Vivado/2015.4/data/boards/board_files/arty-s7-50/B.0/board.xml as part xc7s50csga324-1 specified in board_part file is either invalid or not available
WARNING: [Board 49-26] cannot add Board Part digilentinc.com:cmod-s7-25:part0:1.0 available at D:/Vivado/Vivado/2015.4/data/boards/board_files/cmod-s7-25/B.0/board.xml as part xc7s25csga225-1 specified in board_part file is either invalid or not available
WARNING: [Board 49-26] cannot add Board Part digilentinc.com:cora-z7-07s:part0:1.0 available at D:/Vivado/Vivado/2015.4/data/boards/board_files/cora-z7-07s/B.0/board.xml as part xc7z007sclg400-1 specified in board_part file is either invalid or not available
WARNING: [Board 49-26] cannot add Board Part digilentinc.com:arty-s7-25:part0:1.0 available at D:/Vivado/Vivado/2015.4/data/boards/board_files/arty-s7-25/E.0/board.xml as part xc7s25csga324-1 specified in board_part file is either invalid or not available
WARNING: [Board 49-26] cannot add Board Part digilentinc.com:arty-s7-50:part0:1.0 available at D:/Vivado/Vivado/2015.4/data/boards/board_files/arty-s7-50/B.0/board.xml as part xc7s50csga324-1 specified in board_part file is either invalid or not available
WARNING: [Board 49-26] cannot add Board Part digilentinc.com:cmod-s7-25:part0:1.0 available at D:/Vivado/Vivado/2015.4/data/boards/board_files/cmod-s7-25/B.0/board.xml as part xc7s25csga225-1 specified in board_part file is either invalid or not available
WARNING: [Board 49-26] cannot add Board Part digilentinc.com:cora-z7-07s:part0:1.0 available at D:/Vivado/Vivado/2015.4/data/boards/board_files/cora-z7-07s/B.0/board.xml as part xc7z007sclg400-1 specified in board_part file is either invalid or not available
WARNING: [Board 49-26] cannot add Board Part digilentinc.com:arty-s7-25:part0:1.0 available at D:/Vivado/Vivado/2015.4/data/boards/board_files/arty-s7-25/E.0/board.xml as part xc7s25csga324-1 specified in board_part file is either invalid or not available
WARNING: [Board 49-26] cannot add Board Part digilentinc.com:arty-s7-50:part0:1.0 available at D:/Vivado/Vivado/2015.4/data/boards/board_files/arty-s7-50/B.0/board.xml as part xc7s50csga324-1 specified in board_part file is either invalid or not available
WARNING: [Board 49-26] cannot add Board Part digilentinc.com:cmod-s7-25:part0:1.0 available at D:/Vivado/Vivado/2015.4/data/boards/board_files/cmod-s7-25/B.0/board.xml as part xc7s25csga225-1 specified in board_part file is either invalid or not available
WARNING: [Board 49-26] cannot add Board Part digilentinc.com:cora-z7-07s:part0:1.0 available at D:/Vivado/Vivado/2015.4/data/boards/board_files/cora-z7-07s/B.0/board.xml as part xc7z007sclg400-1 specified in board_part file is either invalid or not available
WARNING: [Board 49-26] cannot add Board Part digilentinc.com:arty-s7-25:part0:1.0 available at D:/Vivado/Vivado/2015.4/data/boards/board_files/arty-s7-25/E.0/board.xml as part xc7s25csga324-1 specified in board_part file is either invalid or not available
WARNING: [Board 49-26] cannot add Board Part digilentinc.com:arty-s7-50:part0:1.0 available at D:/Vivado/Vivado/2015.4/data/boards/board_files/arty-s7-50/B.0/board.xml as part xc7s50csga324-1 specified in board_part file is either invalid or not available
WARNING: [Board 49-26] cannot add Board Part digilentinc.com:cmod-s7-25:part0:1.0 available at D:/Vivado/Vivado/2015.4/data/boards/board_files/cmod-s7-25/B.0/board.xml as part xc7s25csga225-1 specified in board_part file is either invalid or not available
WARNING: [Board 49-26] cannot add Board Part digilentinc.com:cora-z7-07s:part0:1.0 available at D:/Vivado/Vivado/2015.4/data/boards/board_files/cora-z7-07s/B.0/board.xml as part xc7z007sclg400-1 specified in board_part file is either invalid or not available
WARNING: [Board 49-26] cannot add Board Part digilentinc.com:arty-s7-25:part0:1.0 available at D:/Vivado/Vivado/2015.4/data/boards/board_files/arty-s7-25/E.0/board.xml as part xc7s25csga324-1 specified in board_part file is either invalid or not available
WARNING: [Board 49-26] cannot add Board Part digilentinc.com:arty-s7-50:part0:1.0 available at D:/Vivado/Vivado/2015.4/data/boards/board_files/arty-s7-50/B.0/board.xml as part xc7s50csga324-1 specified in board_part file is either invalid or not available
WARNING: [Board 49-26] cannot add Board Part digilentinc.com:cmod-s7-25:part0:1.0 available at D:/Vivado/Vivado/2015.4/data/boards/board_files/cmod-s7-25/B.0/board.xml as part xc7s25csga225-1 specified in board_part file is either invalid or not available
WARNING: [Board 49-26] cannot add Board Part digilentinc.com:cora-z7-07s:part0:1.0 available at D:/Vivado/Vivado/2015.4/data/boards/board_files/cora-z7-07s/B.0/board.xml as part xc7z007sclg400-1 specified in board_part file is either invalid or not available
WARNING: [Board 49-26] cannot add Board Part digilentinc.com:arty-s7-25:part0:1.0 available at D:/Vivado/Vivado/2015.4/data/boards/board_files/arty-s7-25/E.0/board.xml as part xc7s25csga324-1 specified in board_part file is either invalid or not available
WARNING: [Board 49-26] cannot add Board Part digilentinc.com:arty-s7-50:part0:1.0 available at D:/Vivado/Vivado/2015.4/data/boards/board_files/arty-s7-50/B.0/board.xml as part xc7s50csga324-1 specified in board_part file is either invalid or not available
WARNING: [Board 49-26] cannot add Board Part digilentinc.com:cmod-s7-25:part0:1.0 available at D:/Vivado/Vivado/2015.4/data/boards/board_files/cmod-s7-25/B.0/board.xml as part xc7s25csga225-1 specified in board_part file is either invalid or not available
WARNING: [Board 49-26] cannot add Board Part digilentinc.com:cora-z7-07s:part0:1.0 available at D:/Vivado/Vivado/2015.4/data/boards/board_files/cora-z7-07s/B.0/board.xml as part xc7z007sclg400-1 specified in board_part file is either invalid or not available
WARNING: [Board 49-26] cannot add Board Part digilentinc.com:arty-s7-25:part0:1.0 available at D:/Vivado/Vivado/2015.4/data/boards/board_files/arty-s7-25/E.0/board.xml as part xc7s25csga324-1 specified in board_part file is either invalid or not available
WARNING: [Board 49-26] cannot add Board Part digilentinc.com:arty-s7-50:part0:1.0 available at D:/Vivado/Vivado/2015.4/data/boards/board_files/arty-s7-50/B.0/board.xml as part xc7s50csga324-1 specified in board_part file is either invalid or not available
WARNING: [Board 49-26] cannot add Board Part digilentinc.com:cmod-s7-25:part0:1.0 available at D:/Vivado/Vivado/2015.4/data/boards/board_files/cmod-s7-25/B.0/board.xml as part xc7s25csga225-1 specified in board_part file is either invalid or not available
WARNING: [Board 49-26] cannot add Board Part digilentinc.com:cora-z7-07s:part0:1.0 available at D:/Vivado/Vivado/2015.4/data/boards/board_files/cora-z7-07s/B.0/board.xml as part xc7z007sclg400-1 specified in board_part file is either invalid or not available
WARNING: [Board 49-26] cannot add Board Part digilentinc.com:arty-s7-25:part0:1.0 available at D:/Vivado/Vivado/2015.4/data/boards/board_files/arty-s7-25/E.0/board.xml as part xc7s25csga324-1 specified in board_part file is either invalid or not available
WARNING: [Board 49-26] cannot add Board Part digilentinc.com:arty-s7-50:part0:1.0 available at D:/Vivado/Vivado/2015.4/data/boards/board_files/arty-s7-50/B.0/board.xml as part xc7s50csga324-1 specified in board_part file is either invalid or not available
WARNING: [Board 49-26] cannot add Board Part digilentinc.com:cmod-s7-25:part0:1.0 available at D:/Vivado/Vivado/2015.4/data/boards/board_files/cmod-s7-25/B.0/board.xml as part xc7s25csga225-1 specified in board_part file is either invalid or not available
WARNING: [Board 49-26] cannot add Board Part digilentinc.com:cora-z7-07s:part0:1.0 available at D:/Vivado/Vivado/2015.4/data/boards/board_files/cora-z7-07s/B.0/board.xml as part xc7z007sclg400-1 specified in board_part file is either invalid or not available
WARNING: [Board 49-26] cannot add Board Part digilentinc.com:arty-s7-25:part0:1.0 available at D:/Vivado/Vivado/2015.4/data/boards/board_files/arty-s7-25/E.0/board.xml as part xc7s25csga324-1 specified in board_part file is either invalid or not available
WARNING: [Board 49-26] cannot add Board Part digilentinc.com:arty-s7-50:part0:1.0 available at D:/Vivado/Vivado/2015.4/data/boards/board_files/arty-s7-50/B.0/board.xml as part xc7s50csga324-1 specified in board_part file is either invalid or not available
WARNING: [Board 49-26] cannot add Board Part digilentinc.com:cmod-s7-25:part0:1.0 available at D:/Vivado/Vivado/2015.4/data/boards/board_files/cmod-s7-25/B.0/board.xml as part xc7s25csga225-1 specified in board_part file is either invalid or not available
WARNING: [Board 49-26] cannot add Board Part digilentinc.com:cora-z7-07s:part0:1.0 available at D:/Vivado/Vivado/2015.4/data/boards/board_files/cora-z7-07s/B.0/board.xml as part xc7z007sclg400-1 specified in board_part file is either invalid or not available
WARNING: [Board 49-26] cannot add Board Part digilentinc.com:arty-s7-25:part0:1.0 available at D:/Vivado/Vivado/2015.4/data/boards/board_files/arty-s7-25/E.0/board.xml as part xc7s25csga324-1 specified in board_part file is either invalid or not available
WARNING: [Board 49-26] cannot add Board Part digilentinc.com:arty-s7-50:part0:1.0 available at D:/Vivado/Vivado/2015.4/data/boards/board_files/arty-s7-50/B.0/board.xml as part xc7s50csga324-1 specified in board_part file is either invalid or not available
WARNING: [Board 49-26] cannot add Board Part digilentinc.com:cmod-s7-25:part0:1.0 available at D:/Vivado/Vivado/2015.4/data/boards/board_files/cmod-s7-25/B.0/board.xml as part xc7s25csga225-1 specified in board_part file is either invalid or not available
WARNING: [Board 49-26] cannot add Board Part digilentinc.com:cora-z7-07s:part0:1.0 available at D:/Vivado/Vivado/2015.4/data/boards/board_files/cora-z7-07s/B.0/board.xml as part xc7z007sclg400-1 specified in board_part file is either invalid or not available
WARNING: [Board 49-26] cannot add Board Part digilentinc.com:arty-s7-25:part0:1.0 available at D:/Vivado/Vivado/2015.4/data/boards/board_files/arty-s7-25/E.0/board.xml as part xc7s25csga324-1 specified in board_part file is either invalid or not available
WARNING: [Board 49-26] cannot add Board Part digilentinc.com:arty-s7-50:part0:1.0 available at D:/Vivado/Vivado/2015.4/data/boards/board_files/arty-s7-50/B.0/board.xml as part xc7s50csga324-1 specified in board_part file is either invalid or not available
WARNING: [Board 49-26] cannot add Board Part digilentinc.com:cmod-s7-25:part0:1.0 available at D:/Vivado/Vivado/2015.4/data/boards/board_files/cmod-s7-25/B.0/board.xml as part xc7s25csga225-1 specified in board_part file is either invalid or not available
WARNING: [Board 49-26] cannot add Board Part digilentinc.com:cora-z7-07s:part0:1.0 available at D:/Vivado/Vivado/2015.4/data/boards/board_files/cora-z7-07s/B.0/board.xml as part xc7z007sclg400-1 specified in board_part file is either invalid or not available
WARNING: [Board 49-26] cannot add Board Part digilentinc.com:arty-s7-25:part0:1.0 available at D:/Vivado/Vivado/2015.4/data/boards/board_files/arty-s7-25/E.0/board.xml as part xc7s25csga324-1 specified in board_part file is either invalid or not available
WARNING: [Board 49-26] cannot add Board Part digilentinc.com:arty-s7-50:part0:1.0 available at D:/Vivado/Vivado/2015.4/data/boards/board_files/arty-s7-50/B.0/board.xml as part xc7s50csga324-1 specified in board_part file is either invalid or not available
WARNING: [Board 49-26] cannot add Board Part digilentinc.com:cmod-s7-25:part0:1.0 available at D:/Vivado/Vivado/2015.4/data/boards/board_files/cmod-s7-25/B.0/board.xml as part xc7s25csga225-1 specified in board_part file is either invalid or not available
WARNING: [Board 49-26] cannot add Board Part digilentinc.com:cora-z7-07s:part0:1.0 available at D:/Vivado/Vivado/2015.4/data/boards/board_files/cora-z7-07s/B.0/board.xml as part xc7z007sclg400-1 specified in board_part file is either invalid or not available
WARNING: [Board 49-26] cannot add Board Part digilentinc.com:arty-s7-25:part0:1.0 available at D:/Vivado/Vivado/2015.4/data/boards/board_files/arty-s7-25/E.0/board.xml as part xc7s25csga324-1 specified in board_part file is either invalid or not available
WARNING: [Board 49-26] cannot add Board Part digilentinc.com:arty-s7-50:part0:1.0 available at D:/Vivado/Vivado/2015.4/data/boards/board_files/arty-s7-50/B.0/board.xml as part xc7s50csga324-1 specified in board_part file is either invalid or not available
WARNING: [Board 49-26] cannot add Board Part digilentinc.com:cmod-s7-25:part0:1.0 available at D:/Vivado/Vivado/2015.4/data/boards/board_files/cmod-s7-25/B.0/board.xml as part xc7s25csga225-1 specified in board_part file is either invalid or not available
WARNING: [Board 49-26] cannot add Board Part digilentinc.com:cora-z7-07s:part0:1.0 available at D:/Vivado/Vivado/2015.4/data/boards/board_files/cora-z7-07s/B.0/board.xml as part xc7z007sclg400-1 specified in board_part file is either invalid or not available
WARNING: [Board 49-26] cannot add Board Part digilentinc.com:arty-s7-25:part0:1.0 available at D:/Vivado/Vivado/2015.4/data/boards/board_files/arty-s7-25/E.0/board.xml as part xc7s25csga324-1 specified in board_part file is either invalid or not available
WARNING: [Board 49-26] cannot add Board Part digilentinc.com:arty-s7-50:part0:1.0 available at D:/Vivado/Vivado/2015.4/data/boards/board_files/arty-s7-50/B.0/board.xml as part xc7s50csga324-1 specified in board_part file is either invalid or not available
WARNING: [Board 49-26] cannot add Board Part digilentinc.com:cmod-s7-25:part0:1.0 available at D:/Vivado/Vivado/2015.4/data/boards/board_files/cmod-s7-25/B.0/board.xml as part xc7s25csga225-1 specified in board_part file is either invalid or not available
WARNING: [Board 49-26] cannot add Board Part digilentinc.com:cora-z7-07s:part0:1.0 available at D:/Vivado/Vivado/2015.4/data/boards/board_files/cora-z7-07s/B.0/board.xml as part xc7z007sclg400-1 specified in board_part file is either invalid or not available
WARNING: [Board 49-26] cannot add Board Part digilentinc.com:arty-s7-25:part0:1.0 available at D:/Vivado/Vivado/2015.4/data/boards/board_files/arty-s7-25/E.0/board.xml as part xc7s25csga324-1 specified in board_part file is either invalid or not available
WARNING: [Board 49-26] cannot add Board Part digilentinc.com:arty-s7-50:part0:1.0 available at D:/Vivado/Vivado/2015.4/data/boards/board_files/arty-s7-50/B.0/board.xml as part xc7s50csga324-1 specified in board_part file is either invalid or not available
WARNING: [Board 49-26] cannot add Board Part digilentinc.com:cmod-s7-25:part0:1.0 available at D:/Vivado/Vivado/2015.4/data/boards/board_files/cmod-s7-25/B.0/board.xml as part xc7s25csga225-1 specified in board_part file is either invalid or not available
WARNING: [Board 49-26] cannot add Board Part digilentinc.com:cora-z7-07s:part0:1.0 available at D:/Vivado/Vivado/2015.4/data/boards/board_files/cora-z7-07s/B.0/board.xml as part xc7z007sclg400-1 specified in board_part file is either invalid or not available
WARNING: [Board 49-26] cannot add Board Part digilentinc.com:arty-s7-25:part0:1.0 available at D:/Vivado/Vivado/2015.4/data/boards/board_files/arty-s7-25/E.0/board.xml as part xc7s25csga324-1 specified in board_part file is either invalid or not available
WARNING: [Board 49-26] cannot add Board Part digilentinc.com:arty-s7-50:part0:1.0 available at D:/Vivado/Vivado/2015.4/data/boards/board_files/arty-s7-50/B.0/board.xml as part xc7s50csga324-1 specified in board_part file is either invalid or not available
WARNING: [Board 49-26] cannot add Board Part digilentinc.com:cmod-s7-25:part0:1.0 available at D:/Vivado/Vivado/2015.4/data/boards/board_files/cmod-s7-25/B.0/board.xml as part xc7s25csga225-1 specified in board_part file is either invalid or not available
WARNING: [Board 49-26] cannot add Board Part digilentinc.com:cora-z7-07s:part0:1.0 available at D:/Vivado/Vivado/2015.4/data/boards/board_files/cora-z7-07s/B.0/board.xml as part xc7z007sclg400-1 specified in board_part file is either invalid or not available
WARNING: [Board 49-26] cannot add Board Part digilentinc.com:arty-s7-25:part0:1.0 available at D:/Vivado/Vivado/2015.4/data/boards/board_files/arty-s7-25/E.0/board.xml as part xc7s25csga324-1 specified in board_part file is either invalid or not available
WARNING: [Board 49-26] cannot add Board Part digilentinc.com:arty-s7-50:part0:1.0 available at D:/Vivado/Vivado/2015.4/data/boards/board_files/arty-s7-50/B.0/board.xml as part xc7s50csga324-1 specified in board_part file is either invalid or not available
WARNING: [Board 49-26] cannot add Board Part digilentinc.com:cmod-s7-25:part0:1.0 available at D:/Vivado/Vivado/2015.4/data/boards/board_files/cmod-s7-25/B.0/board.xml as part xc7s25csga225-1 specified in board_part file is either invalid or not available
WARNING: [Board 49-26] cannot add Board Part digilentinc.com:cora-z7-07s:part0:1.0 available at D:/Vivado/Vivado/2015.4/data/boards/board_files/cora-z7-07s/B.0/board.xml as part xc7z007sclg400-1 specified in board_part file is either invalid or not available
WARNING: [Board 49-26] cannot add Board Part digilentinc.com:arty-s7-25:part0:1.0 available at D:/Vivado/Vivado/2015.4/data/boards/board_files/arty-s7-25/E.0/board.xml as part xc7s25csga324-1 specified in board_part file is either invalid or not available
WARNING: [Board 49-26] cannot add Board Part digilentinc.com:arty-s7-50:part0:1.0 available at D:/Vivado/Vivado/2015.4/data/boards/board_files/arty-s7-50/B.0/board.xml as part xc7s50csga324-1 specified in board_part file is either invalid or not available
WARNING: [Board 49-26] cannot add Board Part digilentinc.com:cmod-s7-25:part0:1.0 available at D:/Vivado/Vivado/2015.4/data/boards/board_files/cmod-s7-25/B.0/board.xml as part xc7s25csga225-1 specified in board_part file is either invalid or not available
WARNING: [Board 49-26] cannot add Board Part digilentinc.com:cora-z7-07s:part0:1.0 available at D:/Vivado/Vivado/2015.4/data/boards/board_files/cora-z7-07s/B.0/board.xml as part xc7z007sclg400-1 specified in board_part file is either invalid or not available
WARNING: [Board 49-26] cannot add Board Part digilentinc.com:arty-s7-25:part0:1.0 available at D:/Vivado/Vivado/2015.4/data/boards/board_files/arty-s7-25/E.0/board.xml as part xc7s25csga324-1 specified in board_part file is either invalid or not available
WARNING: [Board 49-26] cannot add Board Part digilentinc.com:arty-s7-50:part0:1.0 available at D:/Vivado/Vivado/2015.4/data/boards/board_files/arty-s7-50/B.0/board.xml as part xc7s50csga324-1 specified in board_part file is either invalid or not available
WARNING: [Board 49-26] cannot add Board Part digilentinc.com:cmod-s7-25:part0:1.0 available at D:/Vivado/Vivado/2015.4/data/boards/board_files/cmod-s7-25/B.0/board.xml as part xc7s25csga225-1 specified in board_part file is either invalid or not available
WARNING: [Board 49-26] cannot add Board Part digilentinc.com:cora-z7-07s:part0:1.0 available at D:/Vivado/Vivado/2015.4/data/boards/board_files/cora-z7-07s/B.0/board.xml as part xc7z007sclg400-1 specified in board_part file is either invalid or not available
WARNING: [Board 49-26] cannot add Board Part digilentinc.com:arty-s7-25:part0:1.0 available at D:/Vivado/Vivado/2015.4/data/boards/board_files/arty-s7-25/E.0/board.xml as part xc7s25csga324-1 specified in board_part file is either invalid or not available
WARNING: [Board 49-26] cannot add Board Part digilentinc.com:arty-s7-50:part0:1.0 available at D:/Vivado/Vivado/2015.4/data/boards/board_files/arty-s7-50/B.0/board.xml as part xc7s50csga324-1 specified in board_part file is either invalid or not available
WARNING: [Board 49-26] cannot add Board Part digilentinc.com:cmod-s7-25:part0:1.0 available at D:/Vivado/Vivado/2015.4/data/boards/board_files/cmod-s7-25/B.0/board.xml as part xc7s25csga225-1 specified in board_part file is either invalid or not available
WARNING: [Board 49-26] cannot add Board Part digilentinc.com:cora-z7-07s:part0:1.0 available at D:/Vivado/Vivado/2015.4/data/boards/board_files/cora-z7-07s/B.0/board.xml as part xc7z007sclg400-1 specified in board_part file is either invalid or not available
WARNING: [Board 49-26] cannot add Board Part digilentinc.com:arty-s7-25:part0:1.0 available at D:/Vivado/Vivado/2015.4/data/boards/board_files/arty-s7-25/E.0/board.xml as part xc7s25csga324-1 specified in board_part file is either invalid or not available
WARNING: [Board 49-26] cannot add Board Part digilentinc.com:arty-s7-50:part0:1.0 available at D:/Vivado/Vivado/2015.4/data/boards/board_files/arty-s7-50/B.0/board.xml as part xc7s50csga324-1 specified in board_part file is either invalid or not available
WARNING: [Board 49-26] cannot add Board Part digilentinc.com:cmod-s7-25:part0:1.0 available at D:/Vivado/Vivado/2015.4/data/boards/board_files/cmod-s7-25/B.0/board.xml as part xc7s25csga225-1 specified in board_part file is either invalid or not available
WARNING: [Board 49-26] cannot add Board Part digilentinc.com:cora-z7-07s:part0:1.0 available at D:/Vivado/Vivado/2015.4/data/boards/board_files/cora-z7-07s/B.0/board.xml as part xc7z007sclg400-1 specified in board_part file is either invalid or not available
INFO: [Common 17-14] Message 'Board 49-26' appears 100 times and further instances of the messages will be disabled. Use the Tcl command set_msg_config to change the current settings.
reset_run impl_1 -prev_step 
launch_runs impl_1 -to_step write_bitstream
[Thu Mar 14 09:28:16 2024] Launched impl_1...
Run output will be captured here: D:/ALL PROGRAMMING LANGUAGES/VERLIOG/test1/test1.runs/impl_1/runme.log
reset_run impl_1 -prev_step 
launch_runs impl_1 -to_step write_bitstream
WARNING: [Vivado 12-872] Run step 'Design Initialization' is out-of-date.
[Thu Mar 14 09:43:07 2024] Launched impl_1...
Run output will be captured here: D:/ALL PROGRAMMING LANGUAGES/VERLIOG/test1/test1.runs/impl_1/runme.log
set_property PROBES.FILE {} [lindex [get_hw_devices] 1]
set_property PROGRAM.FILE {D:/ALL PROGRAMMING LANGUAGES/VERLIOG/test1/test1.runs/impl_1/test1.bit} [lindex [get_hw_devices] 1]
program_hw_devices [lindex [get_hw_devices] 1]
INFO: [Labtools 27-3164] End of startup status: HIGH
refresh_hw_device [lindex [get_hw_devices] 1]
INFO: [Labtools 27-1434] Device xc7z010 (JTAG device index = 1) is programmed with a design that has no supported debug core(s) in it.
WARNING: [Labtools 27-3123] The debug hub core was not detected at User Scan Chain 1 or 3.
Resolution: 
1. Make sure the clock connected to the debug hub (dbg_hub) core is a free running clock and is active OR
2. Manually launch hw_server with -e "set xsdb-user-bscan <C_USER_SCAN_CHAIN scan_chain_number>" to detect the debug hub at User Scan Chain of 2 or 4. To determine the user scan chain setting, open the implemented design and use: get_property C_USER_SCAN_CHAIN [get_debug_cores dbg_hub].
WARNING: [Board 49-26] cannot add Board Part digilentinc.com:arty-s7-25:part0:1.0 available at D:/Vivado/Vivado/2015.4/data/boards/board_files/arty-s7-25/E.0/board.xml as part xc7s25csga324-1 specified in board_part file is either invalid or not available
WARNING: [Board 49-26] cannot add Board Part digilentinc.com:arty-s7-50:part0:1.0 available at D:/Vivado/Vivado/2015.4/data/boards/board_files/arty-s7-50/B.0/board.xml as part xc7s50csga324-1 specified in board_part file is either invalid or not available
WARNING: [Board 49-26] cannot add Board Part digilentinc.com:cmod-s7-25:part0:1.0 available at D:/Vivado/Vivado/2015.4/data/boards/board_files/cmod-s7-25/B.0/board.xml as part xc7s25csga225-1 specified in board_part file is either invalid or not available
WARNING: [Board 49-26] cannot add Board Part digilentinc.com:cora-z7-07s:part0:1.0 available at D:/Vivado/Vivado/2015.4/data/boards/board_files/cora-z7-07s/B.0/board.xml as part xc7z007sclg400-1 specified in board_part file is either invalid or not available
WARNING: [Board 49-26] cannot add Board Part digilentinc.com:arty-s7-25:part0:1.0 available at D:/Vivado/Vivado/2015.4/data/boards/board_files/arty-s7-25/E.0/board.xml as part xc7s25csga324-1 specified in board_part file is either invalid or not available
WARNING: [Board 49-26] cannot add Board Part digilentinc.com:arty-s7-50:part0:1.0 available at D:/Vivado/Vivado/2015.4/data/boards/board_files/arty-s7-50/B.0/board.xml as part xc7s50csga324-1 specified in board_part file is either invalid or not available
WARNING: [Board 49-26] cannot add Board Part digilentinc.com:cmod-s7-25:part0:1.0 available at D:/Vivado/Vivado/2015.4/data/boards/board_files/cmod-s7-25/B.0/board.xml as part xc7s25csga225-1 specified in board_part file is either invalid or not available
WARNING: [Board 49-26] cannot add Board Part digilentinc.com:cora-z7-07s:part0:1.0 available at D:/Vivado/Vivado/2015.4/data/boards/board_files/cora-z7-07s/B.0/board.xml as part xc7z007sclg400-1 specified in board_part file is either invalid or not available
WARNING: [Board 49-26] cannot add Board Part digilentinc.com:arty-s7-25:part0:1.0 available at D:/Vivado/Vivado/2015.4/data/boards/board_files/arty-s7-25/E.0/board.xml as part xc7s25csga324-1 specified in board_part file is either invalid or not available
WARNING: [Board 49-26] cannot add Board Part digilentinc.com:arty-s7-50:part0:1.0 available at D:/Vivado/Vivado/2015.4/data/boards/board_files/arty-s7-50/B.0/board.xml as part xc7s50csga324-1 specified in board_part file is either invalid or not available
WARNING: [Board 49-26] cannot add Board Part digilentinc.com:cmod-s7-25:part0:1.0 available at D:/Vivado/Vivado/2015.4/data/boards/board_files/cmod-s7-25/B.0/board.xml as part xc7s25csga225-1 specified in board_part file is either invalid or not available
WARNING: [Board 49-26] cannot add Board Part digilentinc.com:cora-z7-07s:part0:1.0 available at D:/Vivado/Vivado/2015.4/data/boards/board_files/cora-z7-07s/B.0/board.xml as part xc7z007sclg400-1 specified in board_part file is either invalid or not available
WARNING: [Board 49-26] cannot add Board Part digilentinc.com:arty-s7-25:part0:1.0 available at D:/Vivado/Vivado/2015.4/data/boards/board_files/arty-s7-25/E.0/board.xml as part xc7s25csga324-1 specified in board_part file is either invalid or not available
WARNING: [Board 49-26] cannot add Board Part digilentinc.com:arty-s7-50:part0:1.0 available at D:/Vivado/Vivado/2015.4/data/boards/board_files/arty-s7-50/B.0/board.xml as part xc7s50csga324-1 specified in board_part file is either invalid or not available
WARNING: [Board 49-26] cannot add Board Part digilentinc.com:cmod-s7-25:part0:1.0 available at D:/Vivado/Vivado/2015.4/data/boards/board_files/cmod-s7-25/B.0/board.xml as part xc7s25csga225-1 specified in board_part file is either invalid or not available
WARNING: [Board 49-26] cannot add Board Part digilentinc.com:cora-z7-07s:part0:1.0 available at D:/Vivado/Vivado/2015.4/data/boards/board_files/cora-z7-07s/B.0/board.xml as part xc7z007sclg400-1 specified in board_part file is either invalid or not available
WARNING: [Board 49-26] cannot add Board Part digilentinc.com:arty-s7-25:part0:1.0 available at D:/Vivado/Vivado/2015.4/data/boards/board_files/arty-s7-25/E.0/board.xml as part xc7s25csga324-1 specified in board_part file is either invalid or not available
WARNING: [Board 49-26] cannot add Board Part digilentinc.com:arty-s7-50:part0:1.0 available at D:/Vivado/Vivado/2015.4/data/boards/board_files/arty-s7-50/B.0/board.xml as part xc7s50csga324-1 specified in board_part file is either invalid or not available
WARNING: [Board 49-26] cannot add Board Part digilentinc.com:cmod-s7-25:part0:1.0 available at D:/Vivado/Vivado/2015.4/data/boards/board_files/cmod-s7-25/B.0/board.xml as part xc7s25csga225-1 specified in board_part file is either invalid or not available
WARNING: [Board 49-26] cannot add Board Part digilentinc.com:cora-z7-07s:part0:1.0 available at D:/Vivado/Vivado/2015.4/data/boards/board_files/cora-z7-07s/B.0/board.xml as part xc7z007sclg400-1 specified in board_part file is either invalid or not available
WARNING: [Board 49-26] cannot add Board Part digilentinc.com:arty-s7-25:part0:1.0 available at D:/Vivado/Vivado/2015.4/data/boards/board_files/arty-s7-25/E.0/board.xml as part xc7s25csga324-1 specified in board_part file is either invalid or not available
WARNING: [Board 49-26] cannot add Board Part digilentinc.com:arty-s7-50:part0:1.0 available at D:/Vivado/Vivado/2015.4/data/boards/board_files/arty-s7-50/B.0/board.xml as part xc7s50csga324-1 specified in board_part file is either invalid or not available
WARNING: [Board 49-26] cannot add Board Part digilentinc.com:cmod-s7-25:part0:1.0 available at D:/Vivado/Vivado/2015.4/data/boards/board_files/cmod-s7-25/B.0/board.xml as part xc7s25csga225-1 specified in board_part file is either invalid or not available
WARNING: [Board 49-26] cannot add Board Part digilentinc.com:cora-z7-07s:part0:1.0 available at D:/Vivado/Vivado/2015.4/data/boards/board_files/cora-z7-07s/B.0/board.xml as part xc7z007sclg400-1 specified in board_part file is either invalid or not available
WARNING: [Board 49-26] cannot add Board Part digilentinc.com:arty-s7-25:part0:1.0 available at D:/Vivado/Vivado/2015.4/data/boards/board_files/arty-s7-25/E.0/board.xml as part xc7s25csga324-1 specified in board_part file is either invalid or not available
WARNING: [Board 49-26] cannot add Board Part digilentinc.com:arty-s7-50:part0:1.0 available at D:/Vivado/Vivado/2015.4/data/boards/board_files/arty-s7-50/B.0/board.xml as part xc7s50csga324-1 specified in board_part file is either invalid or not available
WARNING: [Board 49-26] cannot add Board Part digilentinc.com:cmod-s7-25:part0:1.0 available at D:/Vivado/Vivado/2015.4/data/boards/board_files/cmod-s7-25/B.0/board.xml as part xc7s25csga225-1 specified in board_part file is either invalid or not available
WARNING: [Board 49-26] cannot add Board Part digilentinc.com:cora-z7-07s:part0:1.0 available at D:/Vivado/Vivado/2015.4/data/boards/board_files/cora-z7-07s/B.0/board.xml as part xc7z007sclg400-1 specified in board_part file is either invalid or not available
WARNING: [Board 49-26] cannot add Board Part digilentinc.com:arty-s7-25:part0:1.0 available at D:/Vivado/Vivado/2015.4/data/boards/board_files/arty-s7-25/E.0/board.xml as part xc7s25csga324-1 specified in board_part file is either invalid or not available
WARNING: [Board 49-26] cannot add Board Part digilentinc.com:arty-s7-50:part0:1.0 available at D:/Vivado/Vivado/2015.4/data/boards/board_files/arty-s7-50/B.0/board.xml as part xc7s50csga324-1 specified in board_part file is either invalid or not available
WARNING: [Board 49-26] cannot add Board Part digilentinc.com:cmod-s7-25:part0:1.0 available at D:/Vivado/Vivado/2015.4/data/boards/board_files/cmod-s7-25/B.0/board.xml as part xc7s25csga225-1 specified in board_part file is either invalid or not available
WARNING: [Board 49-26] cannot add Board Part digilentinc.com:cora-z7-07s:part0:1.0 available at D:/Vivado/Vivado/2015.4/data/boards/board_files/cora-z7-07s/B.0/board.xml as part xc7z007sclg400-1 specified in board_part file is either invalid or not available
WARNING: [Board 49-26] cannot add Board Part digilentinc.com:arty-s7-25:part0:1.0 available at D:/Vivado/Vivado/2015.4/data/boards/board_files/arty-s7-25/E.0/board.xml as part xc7s25csga324-1 specified in board_part file is either invalid or not available
WARNING: [Board 49-26] cannot add Board Part digilentinc.com:arty-s7-50:part0:1.0 available at D:/Vivado/Vivado/2015.4/data/boards/board_files/arty-s7-50/B.0/board.xml as part xc7s50csga324-1 specified in board_part file is either invalid or not available
WARNING: [Board 49-26] cannot add Board Part digilentinc.com:cmod-s7-25:part0:1.0 available at D:/Vivado/Vivado/2015.4/data/boards/board_files/cmod-s7-25/B.0/board.xml as part xc7s25csga225-1 specified in board_part file is either invalid or not available
WARNING: [Board 49-26] cannot add Board Part digilentinc.com:cora-z7-07s:part0:1.0 available at D:/Vivado/Vivado/2015.4/data/boards/board_files/cora-z7-07s/B.0/board.xml as part xc7z007sclg400-1 specified in board_part file is either invalid or not available
WARNING: [Board 49-26] cannot add Board Part digilentinc.com:arty-s7-25:part0:1.0 available at D:/Vivado/Vivado/2015.4/data/boards/board_files/arty-s7-25/E.0/board.xml as part xc7s25csga324-1 specified in board_part file is either invalid or not available
WARNING: [Board 49-26] cannot add Board Part digilentinc.com:arty-s7-50:part0:1.0 available at D:/Vivado/Vivado/2015.4/data/boards/board_files/arty-s7-50/B.0/board.xml as part xc7s50csga324-1 specified in board_part file is either invalid or not available
WARNING: [Board 49-26] cannot add Board Part digilentinc.com:cmod-s7-25:part0:1.0 available at D:/Vivado/Vivado/2015.4/data/boards/board_files/cmod-s7-25/B.0/board.xml as part xc7s25csga225-1 specified in board_part file is either invalid or not available
WARNING: [Board 49-26] cannot add Board Part digilentinc.com:cora-z7-07s:part0:1.0 available at D:/Vivado/Vivado/2015.4/data/boards/board_files/cora-z7-07s/B.0/board.xml as part xc7z007sclg400-1 specified in board_part file is either invalid or not available
WARNING: [Board 49-26] cannot add Board Part digilentinc.com:arty-s7-25:part0:1.0 available at D:/Vivado/Vivado/2015.4/data/boards/board_files/arty-s7-25/E.0/board.xml as part xc7s25csga324-1 specified in board_part file is either invalid or not available
WARNING: [Board 49-26] cannot add Board Part digilentinc.com:arty-s7-50:part0:1.0 available at D:/Vivado/Vivado/2015.4/data/boards/board_files/arty-s7-50/B.0/board.xml as part xc7s50csga324-1 specified in board_part file is either invalid or not available
WARNING: [Board 49-26] cannot add Board Part digilentinc.com:cmod-s7-25:part0:1.0 available at D:/Vivado/Vivado/2015.4/data/boards/board_files/cmod-s7-25/B.0/board.xml as part xc7s25csga225-1 specified in board_part file is either invalid or not available
WARNING: [Board 49-26] cannot add Board Part digilentinc.com:cora-z7-07s:part0:1.0 available at D:/Vivado/Vivado/2015.4/data/boards/board_files/cora-z7-07s/B.0/board.xml as part xc7z007sclg400-1 specified in board_part file is either invalid or not available
WARNING: [Board 49-26] cannot add Board Part digilentinc.com:arty-s7-25:part0:1.0 available at D:/Vivado/Vivado/2015.4/data/boards/board_files/arty-s7-25/E.0/board.xml as part xc7s25csga324-1 specified in board_part file is either invalid or not available
WARNING: [Board 49-26] cannot add Board Part digilentinc.com:arty-s7-50:part0:1.0 available at D:/Vivado/Vivado/2015.4/data/boards/board_files/arty-s7-50/B.0/board.xml as part xc7s50csga324-1 specified in board_part file is either invalid or not available
WARNING: [Board 49-26] cannot add Board Part digilentinc.com:cmod-s7-25:part0:1.0 available at D:/Vivado/Vivado/2015.4/data/boards/board_files/cmod-s7-25/B.0/board.xml as part xc7s25csga225-1 specified in board_part file is either invalid or not available
WARNING: [Board 49-26] cannot add Board Part digilentinc.com:cora-z7-07s:part0:1.0 available at D:/Vivado/Vivado/2015.4/data/boards/board_files/cora-z7-07s/B.0/board.xml as part xc7z007sclg400-1 specified in board_part file is either invalid or not available
WARNING: [Board 49-26] cannot add Board Part digilentinc.com:arty-s7-25:part0:1.0 available at D:/Vivado/Vivado/2015.4/data/boards/board_files/arty-s7-25/E.0/board.xml as part xc7s25csga324-1 specified in board_part file is either invalid or not available
WARNING: [Board 49-26] cannot add Board Part digilentinc.com:arty-s7-50:part0:1.0 available at D:/Vivado/Vivado/2015.4/data/boards/board_files/arty-s7-50/B.0/board.xml as part xc7s50csga324-1 specified in board_part file is either invalid or not available
WARNING: [Board 49-26] cannot add Board Part digilentinc.com:cmod-s7-25:part0:1.0 available at D:/Vivado/Vivado/2015.4/data/boards/board_files/cmod-s7-25/B.0/board.xml as part xc7s25csga225-1 specified in board_part file is either invalid or not available
WARNING: [Board 49-26] cannot add Board Part digilentinc.com:cora-z7-07s:part0:1.0 available at D:/Vivado/Vivado/2015.4/data/boards/board_files/cora-z7-07s/B.0/board.xml as part xc7z007sclg400-1 specified in board_part file is either invalid or not available
WARNING: [Board 49-26] cannot add Board Part digilentinc.com:arty-s7-25:part0:1.0 available at D:/Vivado/Vivado/2015.4/data/boards/board_files/arty-s7-25/E.0/board.xml as part xc7s25csga324-1 specified in board_part file is either invalid or not available
WARNING: [Board 49-26] cannot add Board Part digilentinc.com:arty-s7-50:part0:1.0 available at D:/Vivado/Vivado/2015.4/data/boards/board_files/arty-s7-50/B.0/board.xml as part xc7s50csga324-1 specified in board_part file is either invalid or not available
WARNING: [Board 49-26] cannot add Board Part digilentinc.com:cmod-s7-25:part0:1.0 available at D:/Vivado/Vivado/2015.4/data/boards/board_files/cmod-s7-25/B.0/board.xml as part xc7s25csga225-1 specified in board_part file is either invalid or not available
WARNING: [Board 49-26] cannot add Board Part digilentinc.com:cora-z7-07s:part0:1.0 available at D:/Vivado/Vivado/2015.4/data/boards/board_files/cora-z7-07s/B.0/board.xml as part xc7z007sclg400-1 specified in board_part file is either invalid or not available
WARNING: [Board 49-26] cannot add Board Part digilentinc.com:arty-s7-25:part0:1.0 available at D:/Vivado/Vivado/2015.4/data/boards/board_files/arty-s7-25/E.0/board.xml as part xc7s25csga324-1 specified in board_part file is either invalid or not available
WARNING: [Board 49-26] cannot add Board Part digilentinc.com:arty-s7-50:part0:1.0 available at D:/Vivado/Vivado/2015.4/data/boards/board_files/arty-s7-50/B.0/board.xml as part xc7s50csga324-1 specified in board_part file is either invalid or not available
WARNING: [Board 49-26] cannot add Board Part digilentinc.com:cmod-s7-25:part0:1.0 available at D:/Vivado/Vivado/2015.4/data/boards/board_files/cmod-s7-25/B.0/board.xml as part xc7s25csga225-1 specified in board_part file is either invalid or not available
WARNING: [Board 49-26] cannot add Board Part digilentinc.com:cora-z7-07s:part0:1.0 available at D:/Vivado/Vivado/2015.4/data/boards/board_files/cora-z7-07s/B.0/board.xml as part xc7z007sclg400-1 specified in board_part file is either invalid or not available
WARNING: [Board 49-26] cannot add Board Part digilentinc.com:arty-s7-25:part0:1.0 available at D:/Vivado/Vivado/2015.4/data/boards/board_files/arty-s7-25/E.0/board.xml as part xc7s25csga324-1 specified in board_part file is either invalid or not available
WARNING: [Board 49-26] cannot add Board Part digilentinc.com:arty-s7-50:part0:1.0 available at D:/Vivado/Vivado/2015.4/data/boards/board_files/arty-s7-50/B.0/board.xml as part xc7s50csga324-1 specified in board_part file is either invalid or not available
WARNING: [Board 49-26] cannot add Board Part digilentinc.com:cmod-s7-25:part0:1.0 available at D:/Vivado/Vivado/2015.4/data/boards/board_files/cmod-s7-25/B.0/board.xml as part xc7s25csga225-1 specified in board_part file is either invalid or not available
WARNING: [Board 49-26] cannot add Board Part digilentinc.com:cora-z7-07s:part0:1.0 available at D:/Vivado/Vivado/2015.4/data/boards/board_files/cora-z7-07s/B.0/board.xml as part xc7z007sclg400-1 specified in board_part file is either invalid or not available
WARNING: [Board 49-26] cannot add Board Part digilentinc.com:arty-s7-25:part0:1.0 available at D:/Vivado/Vivado/2015.4/data/boards/board_files/arty-s7-25/E.0/board.xml as part xc7s25csga324-1 specified in board_part file is either invalid or not available
WARNING: [Board 49-26] cannot add Board Part digilentinc.com:arty-s7-50:part0:1.0 available at D:/Vivado/Vivado/2015.4/data/boards/board_files/arty-s7-50/B.0/board.xml as part xc7s50csga324-1 specified in board_part file is either invalid or not available
WARNING: [Board 49-26] cannot add Board Part digilentinc.com:cmod-s7-25:part0:1.0 available at D:/Vivado/Vivado/2015.4/data/boards/board_files/cmod-s7-25/B.0/board.xml as part xc7s25csga225-1 specified in board_part file is either invalid or not available
WARNING: [Board 49-26] cannot add Board Part digilentinc.com:cora-z7-07s:part0:1.0 available at D:/Vivado/Vivado/2015.4/data/boards/board_files/cora-z7-07s/B.0/board.xml as part xc7z007sclg400-1 specified in board_part file is either invalid or not available
WARNING: [Board 49-26] cannot add Board Part digilentinc.com:arty-s7-25:part0:1.0 available at D:/Vivado/Vivado/2015.4/data/boards/board_files/arty-s7-25/E.0/board.xml as part xc7s25csga324-1 specified in board_part file is either invalid or not available
WARNING: [Board 49-26] cannot add Board Part digilentinc.com:arty-s7-50:part0:1.0 available at D:/Vivado/Vivado/2015.4/data/boards/board_files/arty-s7-50/B.0/board.xml as part xc7s50csga324-1 specified in board_part file is either invalid or not available
WARNING: [Board 49-26] cannot add Board Part digilentinc.com:cmod-s7-25:part0:1.0 available at D:/Vivado/Vivado/2015.4/data/boards/board_files/cmod-s7-25/B.0/board.xml as part xc7s25csga225-1 specified in board_part file is either invalid or not available
WARNING: [Board 49-26] cannot add Board Part digilentinc.com:cora-z7-07s:part0:1.0 available at D:/Vivado/Vivado/2015.4/data/boards/board_files/cora-z7-07s/B.0/board.xml as part xc7z007sclg400-1 specified in board_part file is either invalid or not available
WARNING: [Board 49-26] cannot add Board Part digilentinc.com:arty-s7-25:part0:1.0 available at D:/Vivado/Vivado/2015.4/data/boards/board_files/arty-s7-25/E.0/board.xml as part xc7s25csga324-1 specified in board_part file is either invalid or not available
WARNING: [Board 49-26] cannot add Board Part digilentinc.com:arty-s7-50:part0:1.0 available at D:/Vivado/Vivado/2015.4/data/boards/board_files/arty-s7-50/B.0/board.xml as part xc7s50csga324-1 specified in board_part file is either invalid or not available
WARNING: [Board 49-26] cannot add Board Part digilentinc.com:cmod-s7-25:part0:1.0 available at D:/Vivado/Vivado/2015.4/data/boards/board_files/cmod-s7-25/B.0/board.xml as part xc7s25csga225-1 specified in board_part file is either invalid or not available
WARNING: [Board 49-26] cannot add Board Part digilentinc.com:cora-z7-07s:part0:1.0 available at D:/Vivado/Vivado/2015.4/data/boards/board_files/cora-z7-07s/B.0/board.xml as part xc7z007sclg400-1 specified in board_part file is either invalid or not available
WARNING: [Board 49-26] cannot add Board Part digilentinc.com:arty-s7-25:part0:1.0 available at D:/Vivado/Vivado/2015.4/data/boards/board_files/arty-s7-25/E.0/board.xml as part xc7s25csga324-1 specified in board_part file is either invalid or not available
WARNING: [Board 49-26] cannot add Board Part digilentinc.com:arty-s7-50:part0:1.0 available at D:/Vivado/Vivado/2015.4/data/boards/board_files/arty-s7-50/B.0/board.xml as part xc7s50csga324-1 specified in board_part file is either invalid or not available
WARNING: [Board 49-26] cannot add Board Part digilentinc.com:cmod-s7-25:part0:1.0 available at D:/Vivado/Vivado/2015.4/data/boards/board_files/cmod-s7-25/B.0/board.xml as part xc7s25csga225-1 specified in board_part file is either invalid or not available
WARNING: [Board 49-26] cannot add Board Part digilentinc.com:cora-z7-07s:part0:1.0 available at D:/Vivado/Vivado/2015.4/data/boards/board_files/cora-z7-07s/B.0/board.xml as part xc7z007sclg400-1 specified in board_part file is either invalid or not available
WARNING: [Board 49-26] cannot add Board Part digilentinc.com:arty-s7-25:part0:1.0 available at D:/Vivado/Vivado/2015.4/data/boards/board_files/arty-s7-25/E.0/board.xml as part xc7s25csga324-1 specified in board_part file is either invalid or not available
WARNING: [Board 49-26] cannot add Board Part digilentinc.com:arty-s7-50:part0:1.0 available at D:/Vivado/Vivado/2015.4/data/boards/board_files/arty-s7-50/B.0/board.xml as part xc7s50csga324-1 specified in board_part file is either invalid or not available
WARNING: [Board 49-26] cannot add Board Part digilentinc.com:cmod-s7-25:part0:1.0 available at D:/Vivado/Vivado/2015.4/data/boards/board_files/cmod-s7-25/B.0/board.xml as part xc7s25csga225-1 specified in board_part file is either invalid or not available
WARNING: [Board 49-26] cannot add Board Part digilentinc.com:cora-z7-07s:part0:1.0 available at D:/Vivado/Vivado/2015.4/data/boards/board_files/cora-z7-07s/B.0/board.xml as part xc7z007sclg400-1 specified in board_part file is either invalid or not available
WARNING: [Board 49-26] cannot add Board Part digilentinc.com:arty-s7-25:part0:1.0 available at D:/Vivado/Vivado/2015.4/data/boards/board_files/arty-s7-25/E.0/board.xml as part xc7s25csga324-1 specified in board_part file is either invalid or not available
WARNING: [Board 49-26] cannot add Board Part digilentinc.com:arty-s7-50:part0:1.0 available at D:/Vivado/Vivado/2015.4/data/boards/board_files/arty-s7-50/B.0/board.xml as part xc7s50csga324-1 specified in board_part file is either invalid or not available
WARNING: [Board 49-26] cannot add Board Part digilentinc.com:cmod-s7-25:part0:1.0 available at D:/Vivado/Vivado/2015.4/data/boards/board_files/cmod-s7-25/B.0/board.xml as part xc7s25csga225-1 specified in board_part file is either invalid or not available
WARNING: [Board 49-26] cannot add Board Part digilentinc.com:cora-z7-07s:part0:1.0 available at D:/Vivado/Vivado/2015.4/data/boards/board_files/cora-z7-07s/B.0/board.xml as part xc7z007sclg400-1 specified in board_part file is either invalid or not available
WARNING: [Board 49-26] cannot add Board Part digilentinc.com:arty-s7-25:part0:1.0 available at D:/Vivado/Vivado/2015.4/data/boards/board_files/arty-s7-25/E.0/board.xml as part xc7s25csga324-1 specified in board_part file is either invalid or not available
WARNING: [Board 49-26] cannot add Board Part digilentinc.com:arty-s7-50:part0:1.0 available at D:/Vivado/Vivado/2015.4/data/boards/board_files/arty-s7-50/B.0/board.xml as part xc7s50csga324-1 specified in board_part file is either invalid or not available
WARNING: [Board 49-26] cannot add Board Part digilentinc.com:cmod-s7-25:part0:1.0 available at D:/Vivado/Vivado/2015.4/data/boards/board_files/cmod-s7-25/B.0/board.xml as part xc7s25csga225-1 specified in board_part file is either invalid or not available
WARNING: [Board 49-26] cannot add Board Part digilentinc.com:cora-z7-07s:part0:1.0 available at D:/Vivado/Vivado/2015.4/data/boards/board_files/cora-z7-07s/B.0/board.xml as part xc7z007sclg400-1 specified in board_part file is either invalid or not available
WARNING: [Board 49-26] cannot add Board Part digilentinc.com:arty-s7-25:part0:1.0 available at D:/Vivado/Vivado/2015.4/data/boards/board_files/arty-s7-25/E.0/board.xml as part xc7s25csga324-1 specified in board_part file is either invalid or not available
WARNING: [Board 49-26] cannot add Board Part digilentinc.com:arty-s7-50:part0:1.0 available at D:/Vivado/Vivado/2015.4/data/boards/board_files/arty-s7-50/B.0/board.xml as part xc7s50csga324-1 specified in board_part file is either invalid or not available
WARNING: [Board 49-26] cannot add Board Part digilentinc.com:cmod-s7-25:part0:1.0 available at D:/Vivado/Vivado/2015.4/data/boards/board_files/cmod-s7-25/B.0/board.xml as part xc7s25csga225-1 specified in board_part file is either invalid or not available
WARNING: [Board 49-26] cannot add Board Part digilentinc.com:cora-z7-07s:part0:1.0 available at D:/Vivado/Vivado/2015.4/data/boards/board_files/cora-z7-07s/B.0/board.xml as part xc7z007sclg400-1 specified in board_part file is either invalid or not available
WARNING: [Board 49-26] cannot add Board Part digilentinc.com:arty-s7-25:part0:1.0 available at D:/Vivado/Vivado/2015.4/data/boards/board_files/arty-s7-25/E.0/board.xml as part xc7s25csga324-1 specified in board_part file is either invalid or not available
WARNING: [Board 49-26] cannot add Board Part digilentinc.com:arty-s7-50:part0:1.0 available at D:/Vivado/Vivado/2015.4/data/boards/board_files/arty-s7-50/B.0/board.xml as part xc7s50csga324-1 specified in board_part file is either invalid or not available
WARNING: [Board 49-26] cannot add Board Part digilentinc.com:cmod-s7-25:part0:1.0 available at D:/Vivado/Vivado/2015.4/data/boards/board_files/cmod-s7-25/B.0/board.xml as part xc7s25csga225-1 specified in board_part file is either invalid or not available
WARNING: [Board 49-26] cannot add Board Part digilentinc.com:cora-z7-07s:part0:1.0 available at D:/Vivado/Vivado/2015.4/data/boards/board_files/cora-z7-07s/B.0/board.xml as part xc7z007sclg400-1 specified in board_part file is either invalid or not available
INFO: [Common 17-14] Message 'Board 49-26' appears 100 times and further instances of the messages will be disabled. Use the Tcl command set_msg_config to change the current settings.
close_project
create_project lab4 {D:/ALL PROGRAMMING LANGUAGES/VERLIOG/lab4} -part xc7z010clg400-1
WARNING: [Board 49-26] cannot add Board Part digilentinc.com:arty-s7-25:part0:1.0 available at D:/Vivado/Vivado/2015.4/data/boards/board_files/arty-s7-25/E.0/board.xml as part xc7s25csga324-1 specified in board_part file is either invalid or not available
WARNING: [Board 49-26] cannot add Board Part digilentinc.com:arty-s7-50:part0:1.0 available at D:/Vivado/Vivado/2015.4/data/boards/board_files/arty-s7-50/B.0/board.xml as part xc7s50csga324-1 specified in board_part file is either invalid or not available
WARNING: [Board 49-26] cannot add Board Part digilentinc.com:cmod-s7-25:part0:1.0 available at D:/Vivado/Vivado/2015.4/data/boards/board_files/cmod-s7-25/B.0/board.xml as part xc7s25csga225-1 specified in board_part file is either invalid or not available
WARNING: [Board 49-26] cannot add Board Part digilentinc.com:cora-z7-07s:part0:1.0 available at D:/Vivado/Vivado/2015.4/data/boards/board_files/cora-z7-07s/B.0/board.xml as part xc7z007sclg400-1 specified in board_part file is either invalid or not available
INFO: [IP_Flow 19-234] Refreshing IP repositories
INFO: [IP_Flow 19-1704] No user IP repositories specified
INFO: [IP_Flow 19-2313] Loaded Vivado IP repository 'D:/Vivado/Vivado/2015.4/data/ip'.
set_property board_part digilentinc.com:zybo:part0:1.0 [current_project]
file mkdir D:/ALL PROGRAMMING LANGUAGES/VERLIOG/lab4/lab4.srcs/sources_1/new
can't create directory "D:/ALL": file already exists
file mkdir D:/ALL PROGRAMMING LANGUAGES/VERLIOG/lab4/lab4.srcs/sources_1/new
can't create directory "D:/ALL": file already exists
file mkdir D:/ALL PROGRAMMING LANGUAGES/VERLIOG/lab4/lab4.srcs/sources_1/new
can't create directory "D:/ALL": file already exists
file mkdir {D:/ALL PROGRAMMING LANGUAGES/VERLIOG/lab4/lab4.srcs/sources_1/new}
close [ open {D:/ALL PROGRAMMING LANGUAGES/VERLIOG/lab4/lab4.srcs/sources_1/new/lab4.v} w ]
add_files {{D:/ALL PROGRAMMING LANGUAGES/VERLIOG/lab4/lab4.srcs/sources_1/new/lab4.v}}
add_files -fileset constrs_1 -norecurse D:/Zybo-Master.xdc
update_compile_order -fileset sources_1
update_compile_order -fileset sim_1
launch_runs synth_1
INFO: [HDL 9-2216] Analyzing Verilog file "D:/ALL PROGRAMMING LANGUAGES/VERLIOG/lab4/lab4.srcs/sources_1/new/lab4.v" into library work [D:/ALL PROGRAMMING LANGUAGES/VERLIOG/lab4/lab4.srcs/sources_1/new/lab4.v:1]
[Thu Mar 14 09:53:35 2024] Launched synth_1...
Run output will be captured here: D:/ALL PROGRAMMING LANGUAGES/VERLIOG/lab4/lab4.runs/synth_1/runme.log
launch_runs impl_1
[Thu Mar 14 09:54:20 2024] Launched impl_1...
Run output will be captured here: D:/ALL PROGRAMMING LANGUAGES/VERLIOG/lab4/lab4.runs/impl_1/runme.log
launch_runs impl_1 -to_step write_bitstream
[Thu Mar 14 09:55:16 2024] Launched impl_1...
Run output will be captured here: D:/ALL PROGRAMMING LANGUAGES/VERLIOG/lab4/lab4.runs/impl_1/runme.log
reset_run synth_1
launch_runs synth_1
INFO: [HDL 9-2216] Analyzing Verilog file "D:/ALL PROGRAMMING LANGUAGES/VERLIOG/lab4/lab4.srcs/sources_1/new/lab4.v" into library work [D:/ALL PROGRAMMING LANGUAGES/VERLIOG/lab4/lab4.srcs/sources_1/new/lab4.v:1]
[Thu Mar 14 09:56:24 2024] Launched synth_1...
Run output will be captured here: D:/ALL PROGRAMMING LANGUAGES/VERLIOG/lab4/lab4.runs/synth_1/runme.log
launch_runs impl_1
[Thu Mar 14 09:57:37 2024] Launched impl_1...
Run output will be captured here: D:/ALL PROGRAMMING LANGUAGES/VERLIOG/lab4/lab4.runs/impl_1/runme.log
open_hw
connect_hw_server
INFO: [Labtools 27-2285] Connecting to hw_server url TCP:localhost:3121
INFO: [Labtools 27-2222] Launching hw_server...
INFO: [Labtools 27-2221] Launch Output:

****** Xilinx hw_server v2015.4
  **** Build date : Nov 17 2015-18:01:07
    ** Copyright 1986-1999, 2001-2015 Xilinx, Inc. All Rights Reserved.


open_hw_target
INFO: [Labtoolstcl 44-466] Opening hw_target localhost:3121/xilinx_tcf/Digilent/210279A78F6CA
current_hw_device [lindex [get_hw_devices] 1]
refresh_hw_device -update_hw_probes false [lindex [get_hw_devices] 1]
INFO: [Labtools 27-1434] Device xc7z010 (JTAG device index = 1) is programmed with a design that has no supported debug core(s) in it.
WARNING: [Labtools 27-3123] The debug hub core was not detected at User Scan Chain 1 or 3.
Resolution: 
1. Make sure the clock connected to the debug hub (dbg_hub) core is a free running clock and is active OR
2. Manually launch hw_server with -e "set xsdb-user-bscan <C_USER_SCAN_CHAIN scan_chain_number>" to detect the debug hub at User Scan Chain of 2 or 4. To determine the user scan chain setting, open the implemented design and use: get_property C_USER_SCAN_CHAIN [get_debug_cores dbg_hub].
launch_runs impl_1 -to_step write_bitstream
[Thu Mar 14 09:58:30 2024] Launched impl_1...
Run output will be captured here: D:/ALL PROGRAMMING LANGUAGES/VERLIOG/lab4/lab4.runs/impl_1/runme.log
reset_run synth_1
launch_runs synth_1
INFO: [HDL 9-2216] Analyzing Verilog file "D:/ALL PROGRAMMING LANGUAGES/VERLIOG/lab4/lab4.srcs/sources_1/new/lab4.v" into library work [D:/ALL PROGRAMMING LANGUAGES/VERLIOG/lab4/lab4.srcs/sources_1/new/lab4.v:1]
[Thu Mar 14 09:59:00 2024] Launched synth_1...
Run output will be captured here: D:/ALL PROGRAMMING LANGUAGES/VERLIOG/lab4/lab4.runs/synth_1/runme.log
launch_runs impl_1
[Thu Mar 14 10:00:06 2024] Launched impl_1...
Run output will be captured here: D:/ALL PROGRAMMING LANGUAGES/VERLIOG/lab4/lab4.runs/impl_1/runme.log
reset_run impl_1
launch_runs impl_1
[Thu Mar 14 10:00:29 2024] Launched impl_1...
Run output will be captured here: D:/ALL PROGRAMMING LANGUAGES/VERLIOG/lab4/lab4.runs/impl_1/runme.log
launch_runs impl_1 -to_step write_bitstream
[Thu Mar 14 10:01:24 2024] Launched impl_1...
Run output will be captured here: D:/ALL PROGRAMMING LANGUAGES/VERLIOG/lab4/lab4.runs/impl_1/runme.log
reset_run synth_1
launch_runs synth_1
INFO: [HDL 9-2216] Analyzing Verilog file "D:/ALL PROGRAMMING LANGUAGES/VERLIOG/lab4/lab4.srcs/sources_1/new/lab4.v" into library work [D:/ALL PROGRAMMING LANGUAGES/VERLIOG/lab4/lab4.srcs/sources_1/new/lab4.v:1]
[Thu Mar 14 10:02:25 2024] Launched synth_1...
Run output will be captured here: D:/ALL PROGRAMMING LANGUAGES/VERLIOG/lab4/lab4.runs/synth_1/runme.log
launch_runs impl_1
[Thu Mar 14 10:03:24 2024] Launched impl_1...
Run output will be captured here: D:/ALL PROGRAMMING LANGUAGES/VERLIOG/lab4/lab4.runs/impl_1/runme.log
reset_run impl_1
WARNING: [Vivado 12-1017] Problems encountered:
1. PID not specified

launch_runs impl_1
[Thu Mar 14 10:03:31 2024] Launched impl_1...
Run output will be captured here: D:/ALL PROGRAMMING LANGUAGES/VERLIOG/lab4/lab4.runs/impl_1/runme.log
launch_runs impl_1 -to_step write_bitstream
[Thu Mar 14 10:04:32 2024] Launched impl_1...
Run output will be captured here: D:/ALL PROGRAMMING LANGUAGES/VERLIOG/lab4/lab4.runs/impl_1/runme.log
open_run impl_1
INFO: [Netlist 29-17] Analyzing 3 Unisim elements for replacement
INFO: [Netlist 29-28] Unisim Transformation completed in 0 CPU seconds
INFO: [Project 1-479] Netlist was created with Vivado 2015.4
INFO: [Project 1-570] Preparing netlist for logic optimization
Parsing XDC File [D:/ALL PROGRAMMING LANGUAGES/VERLIOG/LED/.Xil/Vivado-22332-WINDOWS-KKJ1LO6/dcp/lab4.xdc]
Finished Parsing XDC File [D:/ALL PROGRAMMING LANGUAGES/VERLIOG/LED/.Xil/Vivado-22332-WINDOWS-KKJ1LO6/dcp/lab4.xdc]
Reading XDEF placement.
Reading placer database...
Reading XDEF routing.
Read XDEF File: Time (s): cpu = 00:00:00 ; elapsed = 00:00:00.040 . Memory (MB): peak = 1681.246 ; gain = 0.000
Restored from archive | CPU: 0.000000 secs | Memory: 0.000000 MB |
Finished XDEF File Restore: Time (s): cpu = 00:00:00 ; elapsed = 00:00:00.040 . Memory (MB): peak = 1681.246 ; gain = 0.000
INFO: [Project 1-111] Unisim Transformation Summary:
No Unisim elements were transformed.

WARNING: [Timing 38-313] There are no user specified timing constraints. Timing constraints are needed for proper timing analysis.
set_property PROBES.FILE {} [lindex [get_hw_devices] 1]
set_property PROGRAM.FILE {D:/ALL PROGRAMMING LANGUAGES/VERLIOG/lab4/lab4.runs/impl_1/lab4.bit} [lindex [get_hw_devices] 1]
program_hw_devices [lindex [get_hw_devices] 1]
INFO: [Labtools 27-3164] End of startup status: HIGH
refresh_hw_device [lindex [get_hw_devices] 1]
INFO: [Labtools 27-1434] Device xc7z010 (JTAG device index = 1) is programmed with a design that has no supported debug core(s) in it.
WARNING: [Labtools 27-3123] The debug hub core was not detected at User Scan Chain 1 or 3.
Resolution: 
1. Make sure the clock connected to the debug hub (dbg_hub) core is a free running clock and is active OR
2. Manually launch hw_server with -e "set xsdb-user-bscan <C_USER_SCAN_CHAIN scan_chain_number>" to detect the debug hub at User Scan Chain of 2 or 4. To determine the user scan chain setting, open the implemented design and use: get_property C_USER_SCAN_CHAIN [get_debug_cores dbg_hub].
reset_run synth_1
launch_runs synth_1
INFO: [HDL 9-2216] Analyzing Verilog file "D:/ALL PROGRAMMING LANGUAGES/VERLIOG/lab4/lab4.srcs/sources_1/new/lab4.v" into library work [D:/ALL PROGRAMMING LANGUAGES/VERLIOG/lab4/lab4.srcs/sources_1/new/lab4.v:1]
[Thu Mar 14 10:09:31 2024] Launched synth_1...
Run output will be captured here: D:/ALL PROGRAMMING LANGUAGES/VERLIOG/lab4/lab4.runs/synth_1/runme.log
launch_runs impl_1
[Thu Mar 14 10:10:29 2024] Launched impl_1...
Run output will be captured here: D:/ALL PROGRAMMING LANGUAGES/VERLIOG/lab4/lab4.runs/impl_1/runme.log
launch_runs impl_1 -to_step write_bitstream
[Thu Mar 14 10:11:27 2024] Launched impl_1...
Run output will be captured here: D:/ALL PROGRAMMING LANGUAGES/VERLIOG/lab4/lab4.runs/impl_1/runme.log
set_property PROBES.FILE {} [lindex [get_hw_devices] 1]
set_property PROGRAM.FILE {D:/ALL PROGRAMMING LANGUAGES/VERLIOG/lab4/lab4.runs/impl_1/lab4.bit} [lindex [get_hw_devices] 1]
program_hw_devices [lindex [get_hw_devices] 1]
INFO: [Labtools 27-3164] End of startup status: HIGH
refresh_hw_device [lindex [get_hw_devices] 1]
INFO: [Labtools 27-1434] Device xc7z010 (JTAG device index = 1) is programmed with a design that has no supported debug core(s) in it.
WARNING: [Labtools 27-3123] The debug hub core was not detected at User Scan Chain 1 or 3.
Resolution: 
1. Make sure the clock connected to the debug hub (dbg_hub) core is a free running clock and is active OR
2. Manually launch hw_server with -e "set xsdb-user-bscan <C_USER_SCAN_CHAIN scan_chain_number>" to detect the debug hub at User Scan Chain of 2 or 4. To determine the user scan chain setting, open the implemented design and use: get_property C_USER_SCAN_CHAIN [get_debug_cores dbg_hub].
ERROR: [Labtoolstcl 44-513] HW Target shutdown. Closing target: localhost:3121/xilinx_tcf/Digilent/210279A78F6CA
